timestamp,user_id,role,crypto_mode,vendor_reputation,geo_location,device_trust_level,resource_type,sensitivity_level,action,transaction_amount,frequency,payload_size,failed_login_attempts,geo_location_change,label
2025-09-23 10:00:00,user_0,service,classical,,India,low,logs,high,write,0,23,8.83,0,0,1
2025-09-23 10:00:10,user_1,service,classical,,India,low,catalog,high,read,0,26,8.83,1,0,1
2025-09-23 10:00:20,user_2,employee,classical,,India,low,customer_kyc,low,delete,0,16,7.14,1,0,0
2025-09-23 10:00:30,user_3,third_party,pqc,65.0,India,high,backend_sync,medium,update,0,17,5.38,0,0,0
2025-09-23 10:00:40,user_4,employee,pqc,,India,high,catalog,high,update,0,17,17.33,0,1,0
2025-09-23 10:00:50,user_5,guest,pqc,,India,low,catalog,low,read,0,20,8.87,0,1,0
2025-09-23 10:01:00,user_6,admin,pqc,,USA,low,customer_kyc,low,read,0,21,7.0,1,0,0
2025-09-23 10:01:10,user_7,service,classical,,USA,high,customer_kyc,high,delete,0,14,8.54,0,1,0
2025-09-23 10:01:20,user_8,third_party,pqc,40.0,EU,medium,logs,high,update,0,27,3.67,1,0,1
2025-09-23 10:01:30,user_9,guest,classical,,EU,high,catalog,medium,update,0,27,15.46,1,0,0
2025-09-23 10:01:40,user_10,service,pqc,,India,high,transaction,medium,delete,0,15,4.95,0,0,0
2025-09-23 10:01:50,user_11,guest,pqc,,EU,low,catalog,medium,delete,0,25,2.08,0,0,0
2025-09-23 10:02:00,user_12,auditor,classical,,EU,low,payroll,low,update,0,20,12.91,2,1,0
2025-09-23 10:02:10,user_13,guest,pqc,,USA,high,customer_kyc,low,delete,0,18,14.44,2,0,1
2025-09-23 10:02:20,user_14,admin,classical,,EU,low,customer_kyc,low,delete,0,11,15.9,2,0,0
2025-09-23 10:02:30,user_15,third_party,pqc,40.0,Unknown,low,logs,low,read,0,14,5.51,2,0,1
2025-09-23 10:02:40,user_16,service,pqc,,USA,high,logs,medium,write,0,20,8.01,0,1,0
2025-09-23 10:02:50,user_17,admin,pqc,,EU,low,transaction,low,update,0,17,9.7,1,0,0
2025-09-23 10:03:00,user_18,auditor,classical,,India,low,logs,medium,read,0,19,5.96,4,0,0
2025-09-23 10:03:10,user_19,auditor,pqc,,EU,high,customer_kyc,low,read,0,20,7.49,1,0,0
2025-09-23 10:03:20,user_20,service,pqc,,India,low,customer_kyc,high,delete,0,13,16.37,1,0,1
2025-09-23 10:03:30,user_21,auditor,pqc,,EU,low,backend_sync,low,write,0,20,8.54,0,1,0
2025-09-23 10:03:40,user_22,third_party,pqc,92.0,Unknown,low,catalog,high,write,0,14,9.19,1,0,1
2025-09-23 10:03:50,user_23,auditor,classical,,EU,low,customer_kyc,high,read,0,32,12.02,1,0,1
2025-09-23 10:04:00,user_24,employee,classical,,India,medium,transaction,low,write,74001,17,10.3,0,0,0
2025-09-23 10:04:10,user_25,guest,classical,,Unknown,high,catalog,medium,write,0,17,22.32,0,0,0
2025-09-23 10:04:20,user_26,admin,pqc,,USA,medium,catalog,medium,read,0,14,15.71,0,0,0
2025-09-23 10:04:30,user_27,admin,pqc,,USA,high,customer_kyc,high,write,0,23,13.76,2,1,0
2025-09-23 10:04:40,user_28,employee,pqc,,EU,medium,catalog,high,read,0,13,5.05,0,1,0
2025-09-23 10:04:50,user_29,guest,classical,,India,low,payroll,high,read,0,21,7.17,0,0,1
2025-09-23 10:05:00,user_30,employee,pqc,,Unknown,medium,customer_kyc,medium,read,0,20,4.69,1,0,0
2025-09-23 10:05:10,user_31,third_party,classical,40.0,Unknown,medium,catalog,medium,delete,0,29,12.37,0,1,1
2025-09-23 10:05:20,user_32,employee,classical,,USA,high,transaction,low,read,197077,14,8.22,2,0,1
2025-09-23 10:05:30,user_33,admin,pqc,,EU,high,payroll,high,write,0,20,12.78,0,0,0
2025-09-23 10:05:40,user_34,guest,classical,,EU,medium,transaction,low,write,0,22,16.5,4,0,1
2025-09-23 10:05:50,user_35,third_party,pqc,92.0,USA,high,backend_sync,low,update,0,21,5.66,0,1,0
2025-09-23 10:06:00,user_36,third_party,classical,65.0,USA,medium,logs,high,read,0,22,10.87,2,0,0
2025-09-23 10:06:10,user_37,admin,classical,,USA,high,logs,high,write,0,23,3.92,0,1,0
2025-09-23 10:06:20,user_38,auditor,classical,,Unknown,low,backend_sync,medium,read,0,23,12.12,1,1,0
2025-09-23 10:06:30,user_39,service,classical,,EU,medium,transaction,high,write,72394,18,14.7,0,0,0
2025-09-23 10:06:40,user_40,service,pqc,,EU,low,backend_sync,medium,delete,0,27,10.07,1,1,0
2025-09-23 10:06:50,user_41,admin,classical,,Unknown,medium,transaction,high,update,35293,15,17.27,0,0,0
2025-09-23 10:07:00,user_42,service,pqc,,Unknown,low,transaction,high,read,0,18,9.38,3,0,1
2025-09-23 10:07:10,user_43,auditor,classical,,Unknown,high,transaction,medium,update,11458,18,13.7,0,0,0
2025-09-23 10:07:20,user_44,service,classical,,India,medium,payroll,medium,write,0,15,10.87,1,0,0
2025-09-23 10:07:30,user_45,employee,classical,,Unknown,high,customer_kyc,low,update,0,14,11.93,3,1,0
2025-09-23 10:07:40,user_46,service,classical,,USA,high,backend_sync,high,delete,0,18,12.58,3,0,0
2025-09-23 10:07:50,user_47,third_party,classical,92.0,EU,medium,logs,medium,write,0,24,12.57,3,0,0
2025-09-23 10:08:00,user_48,service,classical,,Unknown,medium,logs,high,update,0,18,7.57,1,1,0
2025-09-23 10:08:10,user_49,service,pqc,,USA,high,transaction,medium,write,153198,17,10.41,0,0,1
2025-09-23 10:08:20,user_50,admin,pqc,,USA,low,logs,medium,read,0,18,17.8,0,1,0
2025-09-23 10:08:30,user_51,guest,classical,,USA,high,backend_sync,medium,read,0,22,10.64,0,0,0
2025-09-23 10:08:40,user_52,auditor,pqc,,India,low,logs,low,update,0,20,16.82,2,0,0
2025-09-23 10:08:50,user_53,service,pqc,,USA,low,catalog,medium,delete,0,24,14.14,1,1,0
2025-09-23 10:09:00,user_54,guest,classical,,EU,medium,backend_sync,medium,write,0,25,4.0,0,1,0
2025-09-23 10:09:10,user_55,third_party,classical,65.0,USA,medium,customer_kyc,medium,update,0,16,8.33,2,1,0
2025-09-23 10:09:20,user_56,third_party,classical,65.0,Unknown,low,customer_kyc,low,read,0,30,20.61,1,1,0
2025-09-23 10:09:30,user_57,admin,classical,,USA,high,customer_kyc,high,read,0,18,15.16,0,0,0
2025-09-23 10:09:40,user_58,employee,pqc,,India,medium,catalog,low,write,0,14,8.81,0,1,0
2025-09-23 10:09:50,user_59,third_party,pqc,92.0,EU,high,backend_sync,low,read,0,20,19.36,0,1,0
2025-09-23 10:10:00,user_60,employee,classical,,Unknown,high,payroll,high,read,0,19,17.72,0,1,0
2025-09-23 10:10:10,user_61,employee,pqc,,USA,medium,payroll,low,delete,0,18,16.62,2,1,0
2025-09-23 10:10:20,user_62,employee,pqc,,Unknown,medium,customer_kyc,low,update,0,15,8.99,2,1,0
2025-09-23 10:10:30,user_63,service,classical,,USA,medium,transaction,low,update,62471,18,10.3,1,1,0
2025-09-23 10:10:40,user_64,auditor,classical,,EU,high,customer_kyc,medium,write,0,29,11.4,0,0,0
2025-09-23 10:10:50,user_65,admin,pqc,,Unknown,medium,payroll,medium,delete,0,17,6.89,0,0,0
2025-09-23 10:11:00,user_66,employee,pqc,,Unknown,low,backend_sync,high,delete,0,25,11.79,3,1,1
2025-09-23 10:11:10,user_67,admin,pqc,,USA,medium,catalog,low,write,0,17,6.54,3,1,0
2025-09-23 10:11:20,user_68,employee,pqc,,Unknown,medium,transaction,medium,update,176341,18,12.74,2,0,1
2025-09-23 10:11:30,user_69,third_party,classical,92.0,India,medium,payroll,low,read,0,24,8.99,3,1,0
2025-09-23 10:11:40,user_70,employee,pqc,,EU,high,logs,medium,update,0,27,8.64,3,0,0
2025-09-23 10:11:50,user_71,third_party,pqc,92.0,USA,medium,logs,medium,update,0,19,6.93,0,1,0
2025-09-23 10:12:00,user_72,admin,classical,,USA,high,backend_sync,high,read,0,22,13.12,0,0,0
2025-09-23 10:12:10,user_73,employee,classical,,India,low,customer_kyc,high,write,0,20,13.14,1,1,1
2025-09-23 10:12:20,user_74,service,classical,,EU,medium,backend_sync,medium,update,0,26,13.07,0,0,0
2025-09-23 10:12:30,user_75,guest,classical,,EU,medium,transaction,low,read,82777,12,16.79,1,1,1
2025-09-23 10:12:40,user_76,service,classical,,India,low,backend_sync,low,write,0,18,6.41,2,0,0
2025-09-23 10:12:50,user_77,service,pqc,,India,low,transaction,medium,delete,174413,27,8.93,1,0,1
2025-09-23 10:13:00,user_78,guest,pqc,,India,medium,catalog,high,delete,0,20,16.36,2,1,0
2025-09-23 10:13:10,user_79,service,pqc,,EU,medium,customer_kyc,low,update,0,17,13.85,0,1,0
2025-09-23 10:13:20,user_80,third_party,pqc,65.0,USA,medium,customer_kyc,high,update,0,32,10.35,1,0,0
2025-09-23 10:13:30,user_81,third_party,pqc,65.0,USA,high,catalog,medium,write,0,20,14.92,1,0,0
2025-09-23 10:13:40,user_82,auditor,pqc,,USA,medium,payroll,low,update,0,22,9.45,1,0,0
2025-09-23 10:13:50,user_83,guest,classical,,India,high,backend_sync,medium,delete,0,15,14.88,0,0,0
2025-09-23 10:14:00,user_84,service,pqc,,Unknown,medium,transaction,high,update,59090,21,11.71,0,0,0
2025-09-23 10:14:10,user_85,auditor,pqc,,Unknown,low,payroll,medium,delete,0,25,19.38,0,1,0
2025-09-23 10:14:20,user_86,auditor,pqc,,USA,medium,logs,high,read,0,27,3.4,2,0,0
2025-09-23 10:14:30,user_87,auditor,classical,,EU,high,customer_kyc,low,delete,0,15,19.16,2,1,0
2025-09-23 10:14:40,user_88,service,pqc,,India,high,logs,high,update,0,25,2.03,0,0,0
2025-09-23 10:14:50,user_89,auditor,classical,,EU,medium,transaction,high,update,0,21,7.0,2,1,0
2025-09-23 10:15:00,user_90,admin,classical,,USA,medium,catalog,medium,update,0,19,10.6,0,0,0
2025-09-23 10:15:10,user_91,admin,pqc,,Unknown,high,transaction,medium,delete,0,22,12.57,0,0,0
2025-09-23 10:15:20,user_92,employee,pqc,,India,high,transaction,low,delete,0,14,17.76,2,1,0
2025-09-23 10:15:30,user_93,third_party,pqc,40.0,USA,low,catalog,medium,read,0,21,10.58,1,0,1
2025-09-23 10:15:40,user_94,employee,classical,,USA,low,transaction,high,write,0,22,7.83,0,0,1
2025-09-23 10:15:50,user_95,admin,pqc,,Unknown,low,payroll,medium,update,0,18,8.29,1,0,0
2025-09-23 10:16:00,user_96,employee,pqc,,USA,low,catalog,high,write,0,27,17.51,1,1,1
2025-09-23 10:16:10,user_97,service,classical,,Unknown,high,payroll,high,write,0,20,10.37,2,1,0
2025-09-23 10:16:20,user_98,employee,classical,,India,high,logs,low,update,0,18,9.39,0,1,0
2025-09-23 10:16:30,user_99,admin,pqc,,USA,low,catalog,medium,delete,0,14,9.62,0,1,0
2025-09-23 10:16:40,user_100,admin,classical,,Unknown,low,logs,low,update,0,22,13.74,1,0,0
2025-09-23 10:16:50,user_101,admin,classical,,India,low,logs,low,read,0,15,8.55,0,0,0
2025-09-23 10:17:00,user_102,third_party,pqc,92.0,USA,high,payroll,medium,delete,0,15,9.46,0,1,0
2025-09-23 10:17:10,user_103,auditor,pqc,,USA,medium,backend_sync,high,write,0,18,4.82,1,1,0
2025-09-23 10:17:20,user_104,third_party,pqc,65.0,USA,low,catalog,low,read,0,24,14.26,1,0,0
2025-09-23 10:17:30,user_105,auditor,pqc,,USA,high,catalog,low,read,0,16,6.9,1,1,0
2025-09-23 10:17:40,user_106,third_party,classical,40.0,EU,low,logs,low,delete,0,18,14.26,2,1,1
2025-09-23 10:17:50,user_107,admin,classical,,USA,low,customer_kyc,medium,delete,0,13,5.06,1,1,0
2025-09-23 10:18:00,user_108,admin,classical,,EU,low,customer_kyc,medium,read,0,17,6.77,0,1,0
2025-09-23 10:18:10,user_109,admin,classical,,India,medium,transaction,low,write,131646,26,4.59,2,1,1
2025-09-23 10:18:20,user_110,third_party,pqc,65.0,Unknown,high,catalog,low,write,0,13,17.62,1,0,0
2025-09-23 10:18:30,user_111,guest,classical,,India,medium,catalog,medium,update,0,17,12.69,2,0,0
2025-09-23 10:18:40,user_112,auditor,pqc,,Unknown,high,catalog,low,delete,0,16,7.71,0,1,0
2025-09-23 10:18:50,user_113,auditor,pqc,,Unknown,medium,customer_kyc,low,write,0,15,6.87,0,1,0
2025-09-23 10:19:00,user_114,employee,pqc,,India,medium,backend_sync,medium,delete,0,27,2.51,1,1,0
2025-09-23 10:19:10,user_115,service,classical,,Unknown,high,customer_kyc,low,update,0,19,13.42,2,0,0
2025-09-23 10:19:20,user_116,third_party,classical,40.0,Unknown,high,backend_sync,high,delete,0,15,10.5,1,0,1
2025-09-23 10:19:30,user_117,admin,pqc,,USA,medium,payroll,low,delete,0,24,13.76,0,0,0
2025-09-23 10:19:40,user_118,auditor,pqc,,USA,low,backend_sync,medium,read,0,19,7.71,1,0,0
2025-09-23 10:19:50,user_119,employee,pqc,,EU,low,transaction,medium,read,0,21,8.47,1,1,0
2025-09-23 10:20:00,user_120,employee,pqc,,India,high,logs,high,update,0,10,6.99,2,1,0
2025-09-23 10:20:10,user_121,auditor,pqc,,EU,high,payroll,medium,write,0,20,13.8,0,0,0
2025-09-23 10:20:20,user_122,employee,classical,,Unknown,low,backend_sync,high,delete,0,28,10.85,0,0,1
2025-09-23 10:20:30,user_123,employee,pqc,,USA,medium,logs,low,read,0,21,10.45,0,1,0
2025-09-23 10:20:40,user_124,auditor,classical,,India,medium,logs,low,update,0,24,8.41,2,1,0
2025-09-23 10:20:50,user_125,service,pqc,,Unknown,medium,customer_kyc,medium,delete,0,18,8.4,1,0,0
2025-09-23 10:21:00,user_126,employee,pqc,,USA,low,logs,low,update,0,19,0.65,2,0,0
2025-09-23 10:21:10,user_127,service,pqc,,USA,high,payroll,low,read,0,27,8.24,2,1,0
2025-09-23 10:21:20,user_128,auditor,classical,,USA,high,backend_sync,high,update,0,22,11.69,1,0,0
2025-09-23 10:21:30,user_129,service,classical,,India,medium,catalog,high,update,0,15,7.92,0,0,0
2025-09-23 10:21:40,user_130,admin,pqc,,USA,low,catalog,high,write,0,23,17.55,1,0,1
2025-09-23 10:21:50,user_131,guest,pqc,,USA,high,logs,medium,update,0,25,12.01,1,1,0
2025-09-23 10:22:00,user_132,admin,pqc,,India,high,customer_kyc,low,delete,0,19,7.86,2,1,0
2025-09-23 10:22:10,user_133,admin,pqc,,India,medium,payroll,high,delete,0,23,7.24,0,1,0
2025-09-23 10:22:20,user_134,service,pqc,,Unknown,low,logs,high,write,0,18,10.85,1,1,1
2025-09-23 10:22:30,user_135,admin,pqc,,EU,low,transaction,low,delete,184783,30,14.18,1,1,1
2025-09-23 10:22:40,user_136,admin,classical,,India,high,logs,medium,read,0,21,18.91,2,0,0
2025-09-23 10:22:50,user_137,employee,classical,,Unknown,medium,logs,low,delete,0,21,12.95,1,0,0
2025-09-23 10:23:00,user_138,third_party,classical,40.0,Unknown,low,catalog,medium,read,0,28,5.05,2,1,1
2025-09-23 10:23:10,user_139,employee,pqc,,Unknown,high,logs,high,update,0,20,9.37,1,1,0
2025-09-23 10:23:20,user_140,admin,pqc,,USA,high,transaction,medium,read,0,18,14.26,1,0,0
2025-09-23 10:23:30,user_141,admin,pqc,,EU,high,payroll,high,read,0,18,1.6,1,0,0
2025-09-23 10:23:40,user_142,guest,classical,,EU,medium,customer_kyc,low,read,0,19,9.97,2,1,1
2025-09-23 10:23:50,user_143,employee,classical,,USA,high,transaction,low,read,0,21,3.4,0,1,0
2025-09-23 10:24:00,user_144,employee,pqc,,India,high,logs,high,write,0,22,6.0,2,1,0
2025-09-23 10:24:10,user_145,guest,classical,,India,medium,catalog,medium,read,0,16,9.18,0,1,0
2025-09-23 10:24:20,user_146,guest,classical,,India,low,backend_sync,low,update,0,15,22.85,0,1,0
2025-09-23 10:24:30,user_147,service,classical,,India,medium,catalog,medium,read,0,24,4.46,1,1,0
2025-09-23 10:24:40,user_148,service,pqc,,India,high,logs,low,write,0,19,8.29,2,0,0
2025-09-23 10:24:50,user_149,employee,pqc,,USA,medium,payroll,low,update,0,17,8.14,1,1,0
2025-09-23 10:25:00,user_150,guest,pqc,,India,low,transaction,low,write,113740,15,9.55,0,0,1
2025-09-23 10:25:10,user_151,third_party,pqc,65.0,Unknown,medium,catalog,low,read,0,16,10.15,0,1,0
2025-09-23 10:25:20,user_152,auditor,pqc,,USA,high,backend_sync,medium,read,0,15,8.25,0,0,0
2025-09-23 10:25:30,user_153,admin,classical,,Unknown,high,backend_sync,low,update,0,25,8.85,1,0,0
2025-09-23 10:25:40,user_154,guest,classical,,USA,low,transaction,medium,update,175415,17,11.63,2,0,1
2025-09-23 10:25:50,user_155,auditor,pqc,,USA,high,payroll,low,write,0,18,3.74,1,0,0
2025-09-23 10:26:00,user_156,service,pqc,,EU,high,logs,low,update,0,17,16.23,1,0,0
2025-09-23 10:26:10,user_157,auditor,classical,,Unknown,low,payroll,low,read,0,20,0.85,1,1,0
2025-09-23 10:26:20,user_158,admin,classical,,USA,low,logs,medium,update,0,20,6.89,3,0,0
2025-09-23 10:26:30,user_159,employee,classical,,Unknown,high,customer_kyc,low,read,0,17,7.91,1,0,0
2025-09-23 10:26:40,user_160,service,classical,,Unknown,medium,catalog,medium,write,0,21,20.03,1,1,0
2025-09-23 10:26:50,user_161,auditor,pqc,,India,high,customer_kyc,high,read,0,21,13.59,1,0,0
2025-09-23 10:27:00,user_162,auditor,pqc,,Unknown,medium,payroll,medium,delete,0,27,11.92,0,1,0
2025-09-23 10:27:10,user_163,employee,classical,,USA,medium,transaction,medium,delete,139132,15,1.85,0,0,1
2025-09-23 10:27:20,user_164,employee,pqc,,India,high,customer_kyc,medium,write,0,21,2.38,0,0,0
2025-09-23 10:27:30,user_165,auditor,pqc,,USA,high,transaction,medium,delete,0,23,6.01,1,1,0
2025-09-23 10:27:40,user_166,guest,classical,,USA,high,catalog,low,read,0,23,7.12,1,1,0
2025-09-23 10:27:50,user_167,admin,pqc,,India,medium,payroll,medium,delete,0,18,10.61,0,1,0
2025-09-23 10:28:00,user_168,auditor,classical,,Unknown,high,logs,high,delete,0,12,19.88,1,1,0
2025-09-23 10:28:10,user_169,admin,pqc,,India,high,catalog,low,delete,0,23,9.76,1,0,0
2025-09-23 10:28:20,user_170,third_party,pqc,40.0,USA,high,logs,high,read,0,19,15.32,3,0,1
2025-09-23 10:28:30,user_171,guest,classical,,USA,medium,backend_sync,low,write,0,25,10.6,1,0,0
2025-09-23 10:28:40,user_172,admin,classical,,USA,high,customer_kyc,low,write,0,28,14.09,0,0,0
2025-09-23 10:28:50,user_173,employee,pqc,,Unknown,low,payroll,medium,update,0,23,10.67,4,1,0
2025-09-23 10:29:00,user_174,employee,pqc,,India,medium,catalog,low,update,0,25,2.97,0,1,0
2025-09-23 10:29:10,user_175,guest,classical,,USA,low,transaction,medium,delete,0,12,12.51,0,0,1
2025-09-23 10:29:20,user_176,auditor,pqc,,India,low,transaction,low,delete,0,23,12.06,1,1,0
2025-09-23 10:29:30,user_177,guest,classical,,USA,low,catalog,low,write,0,21,0.35,0,0,0
2025-09-23 10:29:40,user_178,third_party,classical,92.0,USA,low,transaction,low,write,65944,26,10.41,3,1,0
2025-09-23 10:29:50,user_179,guest,classical,,USA,medium,logs,medium,delete,0,24,15.33,1,1,0
2025-09-23 10:30:00,user_180,service,classical,,USA,high,logs,high,delete,0,24,17.9,0,1,0
2025-09-23 10:30:10,user_181,auditor,classical,,USA,high,payroll,low,write,0,13,7.39,0,1,0
2025-09-23 10:30:20,user_182,auditor,pqc,,EU,low,backend_sync,high,update,0,17,9.83,1,1,1
2025-09-23 10:30:30,user_183,service,pqc,,EU,low,backend_sync,low,read,0,24,11.17,1,1,0
2025-09-23 10:30:40,user_184,guest,pqc,,India,medium,logs,high,write,0,29,4.39,1,1,0
2025-09-23 10:30:50,user_185,third_party,classical,92.0,EU,high,customer_kyc,high,update,0,29,11.91,1,0,0
2025-09-23 10:31:00,user_186,service,pqc,,EU,low,catalog,high,write,0,16,6.88,1,0,1
2025-09-23 10:31:10,user_187,service,classical,,Unknown,high,catalog,medium,write,0,19,7.22,1,1,0
2025-09-23 10:31:20,user_188,guest,pqc,,Unknown,high,payroll,high,update,0,25,11.01,1,1,0
2025-09-23 10:31:30,user_189,employee,pqc,,Unknown,medium,logs,medium,delete,0,13,2.42,0,0,0
2025-09-23 10:31:40,user_190,employee,classical,,USA,high,backend_sync,medium,update,0,25,5.75,1,0,0
2025-09-23 10:31:50,user_191,service,classical,,USA,high,customer_kyc,medium,delete,0,17,10.52,1,0,0
2025-09-23 10:32:00,user_192,third_party,classical,92.0,EU,medium,logs,high,delete,0,16,7.4,2,1,0
2025-09-23 10:32:10,user_193,guest,pqc,,EU,medium,transaction,medium,write,8389,22,5.65,0,0,1
2025-09-23 10:32:20,user_194,service,pqc,,EU,high,transaction,medium,delete,0,22,12.03,3,1,0
2025-09-23 10:32:30,user_195,third_party,classical,40.0,India,high,logs,high,write,0,24,13.58,2,1,1
2025-09-23 10:32:40,user_196,admin,pqc,,EU,medium,transaction,high,write,111054,25,16.03,0,0,1
2025-09-23 10:32:50,user_197,admin,pqc,,India,low,payroll,low,write,0,20,5.92,0,0,0
2025-09-23 10:33:00,user_198,auditor,pqc,,India,low,logs,high,delete,0,22,13.23,1,0,1
2025-09-23 10:33:10,user_199,service,classical,,USA,high,payroll,low,read,0,24,20.82,1,1,0
2025-09-23 10:33:20,user_200,third_party,classical,65.0,Unknown,medium,logs,low,read,0,23,15.37,0,0,0
2025-09-23 10:33:30,user_201,auditor,classical,,India,low,backend_sync,medium,write,0,21,4.87,1,0,0
2025-09-23 10:33:40,user_202,auditor,pqc,,EU,low,catalog,low,delete,0,14,9.34,2,0,0
2025-09-23 10:33:50,user_203,employee,classical,,Unknown,high,logs,high,read,0,19,0.18,0,0,0
2025-09-23 10:34:00,user_204,admin,pqc,,USA,low,catalog,low,delete,0,24,15.61,0,1,0
2025-09-23 10:34:10,user_205,admin,classical,,USA,medium,transaction,low,update,0,30,16.55,2,1,0
2025-09-23 10:34:20,user_206,third_party,pqc,40.0,Unknown,medium,logs,high,delete,0,22,14.49,0,1,1
2025-09-23 10:34:30,user_207,auditor,pqc,,India,low,catalog,high,delete,0,16,8.97,1,0,1
2025-09-23 10:34:40,user_208,guest,pqc,,USA,high,transaction,medium,update,81346,26,11.71,3,1,1
2025-09-23 10:34:50,user_209,employee,pqc,,USA,medium,transaction,low,update,162179,14,12.28,3,1,1
2025-09-23 10:35:00,user_210,service,classical,,India,low,backend_sync,medium,update,0,14,6.62,0,0,0
2025-09-23 10:35:10,user_211,admin,classical,,Unknown,high,customer_kyc,high,write,0,20,19.0,1,1,0
2025-09-23 10:35:20,user_212,auditor,pqc,,India,low,customer_kyc,low,delete,0,24,8.62,0,1,0
2025-09-23 10:35:30,user_213,auditor,pqc,,India,low,customer_kyc,low,update,0,18,9.87,1,1,0
2025-09-23 10:35:40,user_214,auditor,pqc,,EU,high,transaction,low,write,131821,24,5.17,0,0,1
2025-09-23 10:35:50,user_215,auditor,pqc,,Unknown,high,payroll,medium,delete,0,20,9.76,2,0,0
2025-09-23 10:36:00,user_216,admin,classical,,India,medium,customer_kyc,low,delete,0,18,8.76,0,0,0
2025-09-23 10:36:10,user_217,service,pqc,,USA,low,transaction,low,update,0,12,6.59,0,0,0
2025-09-23 10:36:20,user_218,auditor,classical,,India,high,customer_kyc,high,delete,0,21,7.14,0,0,0
2025-09-23 10:36:30,user_219,auditor,pqc,,Unknown,low,customer_kyc,low,read,0,13,12.86,1,0,0
2025-09-23 10:36:40,user_220,auditor,pqc,,Unknown,low,catalog,medium,read,0,29,19.06,3,0,0
2025-09-23 10:36:50,user_221,auditor,classical,,Unknown,medium,backend_sync,low,update,0,25,11.79,3,0,0
2025-09-23 10:37:00,user_222,guest,classical,,EU,medium,payroll,high,read,0,22,8.15,0,0,0
2025-09-23 10:37:10,user_223,auditor,classical,,EU,medium,backend_sync,high,update,0,16,11.02,1,1,0
2025-09-23 10:37:20,user_224,admin,pqc,,EU,low,payroll,medium,write,0,15,9.88,2,1,0
2025-09-23 10:37:30,user_225,guest,classical,,EU,low,payroll,high,write,0,22,20.71,1,1,1
2025-09-23 10:37:40,user_226,guest,classical,,India,high,transaction,low,update,0,19,14.66,1,1,1
2025-09-23 10:37:50,user_227,guest,classical,,Unknown,low,payroll,medium,update,0,21,14.37,1,1,0
2025-09-23 10:38:00,user_228,employee,pqc,,USA,medium,transaction,low,read,42439,19,14.0,0,1,0
2025-09-23 10:38:10,user_229,third_party,pqc,40.0,EU,medium,payroll,high,update,0,22,10.9,1,1,1
2025-09-23 10:38:20,user_230,service,pqc,,Unknown,high,logs,low,read,0,15,9.87,0,1,0
2025-09-23 10:38:30,user_231,employee,pqc,,India,medium,catalog,high,write,0,26,15.86,1,0,0
2025-09-23 10:38:40,user_232,admin,pqc,,Unknown,low,catalog,high,write,0,21,11.87,0,1,1
2025-09-23 10:38:50,user_233,guest,pqc,,EU,high,catalog,low,delete,0,22,9.57,1,1,0
2025-09-23 10:39:00,user_234,auditor,pqc,,India,high,catalog,low,delete,0,33,10.38,0,0,0
2025-09-23 10:39:10,user_235,employee,pqc,,India,high,logs,medium,delete,0,25,3.59,0,1,0
2025-09-23 10:39:20,user_236,guest,classical,,India,medium,customer_kyc,medium,update,0,22,8.26,0,1,1
2025-09-23 10:39:30,user_237,auditor,classical,,Unknown,high,payroll,low,write,0,23,8.25,2,1,0
2025-09-23 10:39:40,user_238,guest,pqc,,India,medium,payroll,medium,update,0,21,8.7,0,0,0
2025-09-23 10:39:50,user_239,employee,classical,,Unknown,medium,logs,low,update,0,11,9.02,1,0,0
2025-09-23 10:40:00,user_240,employee,pqc,,India,high,transaction,high,update,125189,14,9.05,1,0,1
2025-09-23 10:40:10,user_241,guest,classical,,USA,low,logs,high,delete,0,32,12.24,3,1,1
2025-09-23 10:40:20,user_242,guest,pqc,,Unknown,low,payroll,medium,delete,0,20,5.64,0,0,0
2025-09-23 10:40:30,user_243,auditor,pqc,,India,medium,payroll,medium,read,0,17,12.02,0,1,0
2025-09-23 10:40:40,user_244,auditor,classical,,India,low,catalog,high,delete,0,13,15.37,0,0,1
2025-09-23 10:40:50,user_245,service,classical,,India,low,backend_sync,high,write,0,29,9.18,1,0,1
2025-09-23 10:41:00,user_246,third_party,pqc,65.0,Unknown,high,catalog,low,write,0,26,15.53,0,1,0
2025-09-23 10:41:10,user_247,service,classical,,EU,low,customer_kyc,low,update,0,22,15.94,1,1,0
2025-09-23 10:41:20,user_248,guest,pqc,,USA,high,catalog,low,update,0,19,11.7,2,1,0
2025-09-23 10:41:30,user_249,service,pqc,,Unknown,high,customer_kyc,medium,update,0,18,17.18,3,0,0
2025-09-23 10:41:40,user_250,auditor,pqc,,EU,low,backend_sync,medium,update,0,25,9.13,0,1,0
2025-09-23 10:41:50,user_251,auditor,pqc,,USA,high,payroll,low,delete,0,18,10.08,1,1,0
2025-09-23 10:42:00,user_252,auditor,classical,,USA,high,logs,low,read,0,19,3.53,0,1,0
2025-09-23 10:42:10,user_253,third_party,pqc,40.0,Unknown,high,customer_kyc,low,update,0,21,7.0,1,1,1
2025-09-23 10:42:20,user_254,employee,classical,,EU,high,transaction,low,write,0,18,2.5,0,0,0
2025-09-23 10:42:30,user_255,admin,pqc,,USA,low,catalog,high,write,0,18,21.45,1,0,1
2025-09-23 10:42:40,user_256,guest,classical,,Unknown,low,catalog,medium,write,0,20,13.4,2,1,0
2025-09-23 10:42:50,user_257,auditor,pqc,,India,high,backend_sync,low,write,0,15,12.88,2,0,0
2025-09-23 10:43:00,user_258,employee,pqc,,EU,high,catalog,medium,write,0,28,9.06,0,1,0
2025-09-23 10:43:10,user_259,admin,classical,,USA,low,payroll,high,update,0,20,12.77,0,1,1
2025-09-23 10:43:20,user_260,third_party,pqc,92.0,EU,low,catalog,medium,write,0,17,0.44,2,1,0
2025-09-23 10:43:30,user_261,employee,pqc,,USA,low,customer_kyc,high,update,0,19,11.98,0,1,1
2025-09-23 10:43:40,user_262,guest,classical,,EU,low,backend_sync,medium,delete,0,22,19.23,0,1,0
2025-09-23 10:43:50,user_263,admin,pqc,,India,high,customer_kyc,medium,update,0,21,11.11,3,0,0
2025-09-23 10:44:00,user_264,admin,pqc,,Unknown,high,catalog,medium,update,0,30,10.24,0,1,0
2025-09-23 10:44:10,user_265,guest,classical,,USA,low,logs,low,write,0,16,10.2,1,0,0
2025-09-23 10:44:20,user_266,service,classical,,Unknown,medium,customer_kyc,medium,update,0,27,13.74,0,0,0
2025-09-23 10:44:30,user_267,service,pqc,,USA,low,customer_kyc,high,write,0,25,6.5,1,1,1
2025-09-23 10:44:40,user_268,employee,pqc,,USA,medium,backend_sync,low,delete,0,22,4.06,2,0,0
2025-09-23 10:44:50,user_269,employee,classical,,Unknown,low,backend_sync,medium,read,0,13,11.55,2,0,0
2025-09-23 10:45:00,user_270,admin,classical,,EU,high,logs,low,delete,0,16,9.56,1,0,0
2025-09-23 10:45:10,user_271,service,classical,,Unknown,high,payroll,medium,read,0,23,22.9,1,1,0
2025-09-23 10:45:20,user_272,employee,pqc,,Unknown,low,transaction,low,delete,177362,14,12.84,0,0,1
2025-09-23 10:45:30,user_273,third_party,pqc,92.0,India,low,customer_kyc,low,read,0,12,18.14,1,1,0
2025-09-23 10:45:40,user_274,auditor,classical,,India,high,catalog,high,update,0,17,7.07,1,1,0
2025-09-23 10:45:50,user_275,employee,classical,,Unknown,medium,catalog,medium,delete,0,24,9.01,2,1,0
2025-09-23 10:46:00,user_276,admin,classical,,USA,high,customer_kyc,low,delete,0,20,16.14,2,0,0
2025-09-23 10:46:10,user_277,service,classical,,India,high,logs,medium,delete,0,23,3.95,0,1,0
2025-09-23 10:46:20,user_278,employee,classical,,Unknown,medium,customer_kyc,medium,write,0,15,10.85,0,0,0
2025-09-23 10:46:30,user_279,admin,pqc,,India,high,customer_kyc,high,read,0,19,2.93,0,0,0
2025-09-23 10:46:40,user_280,third_party,classical,92.0,EU,low,transaction,medium,delete,0,22,4.54,4,0,0
2025-09-23 10:46:50,user_281,employee,pqc,,EU,low,payroll,medium,update,0,22,8.42,1,0,0
2025-09-23 10:47:00,user_282,auditor,classical,,EU,medium,logs,medium,read,0,23,4.65,0,0,0
2025-09-23 10:47:10,user_283,service,pqc,,Unknown,high,logs,low,delete,0,13,5.55,1,1,0
2025-09-23 10:47:20,user_284,service,pqc,,Unknown,high,logs,medium,write,0,19,11.94,4,1,0
2025-09-23 10:47:30,user_285,employee,classical,,USA,low,customer_kyc,medium,read,0,28,22.46,1,1,0
2025-09-23 10:47:40,user_286,third_party,classical,40.0,Unknown,high,logs,high,update,0,24,7.46,1,0,1
2025-09-23 10:47:50,user_287,third_party,pqc,65.0,India,low,backend_sync,high,read,0,23,8.82,3,1,1
2025-09-23 10:48:00,user_288,service,classical,,India,high,payroll,low,write,0,20,6.75,1,1,0
2025-09-23 10:48:10,user_289,employee,pqc,,USA,high,customer_kyc,high,read,0,14,12.65,0,1,0
2025-09-23 10:48:20,user_290,employee,classical,,Unknown,high,payroll,medium,update,0,32,10.32,1,1,0
2025-09-23 10:48:30,user_291,third_party,pqc,65.0,USA,medium,logs,low,delete,0,22,0.12,2,0,0
2025-09-23 10:48:40,user_292,service,pqc,,USA,high,logs,medium,delete,0,19,7.18,0,0,0
2025-09-23 10:48:50,user_293,guest,classical,,EU,high,logs,low,delete,0,17,7.95,1,1,0
2025-09-23 10:49:00,user_294,employee,classical,,USA,high,catalog,low,write,0,25,14.75,1,1,0
2025-09-23 10:49:10,user_295,guest,pqc,,USA,medium,backend_sync,low,delete,0,19,2.58,0,1,0
2025-09-23 10:49:20,user_296,employee,pqc,,EU,high,backend_sync,low,delete,0,19,14.39,0,0,0
2025-09-23 10:49:30,user_297,guest,classical,,India,high,backend_sync,high,read,0,19,13.81,0,1,0
2025-09-23 10:49:40,user_298,employee,classical,,India,low,customer_kyc,high,write,0,17,10.54,0,1,1
2025-09-23 10:49:50,user_299,auditor,classical,,Unknown,low,catalog,high,read,0,31,4.41,0,1,1
2025-09-23 10:50:00,user_300,admin,classical,,USA,low,logs,high,delete,0,21,4.03,0,0,1
2025-09-23 10:50:10,user_301,admin,classical,,EU,high,customer_kyc,low,update,0,23,9.8,1,1,0
2025-09-23 10:50:20,user_302,auditor,pqc,,India,medium,catalog,medium,write,0,19,6.65,1,0,0
2025-09-23 10:50:30,user_303,auditor,classical,,India,high,catalog,medium,delete,0,19,15.2,3,1,0
2025-09-23 10:50:40,user_304,admin,classical,,EU,high,catalog,medium,update,0,11,12.3,1,0,0
2025-09-23 10:50:50,user_305,guest,classical,,EU,high,backend_sync,low,delete,0,9,6.61,1,1,0
2025-09-23 10:51:00,user_306,admin,classical,,USA,low,payroll,low,read,0,12,3.26,0,0,0
2025-09-23 10:51:10,user_307,auditor,classical,,EU,low,customer_kyc,low,delete,0,24,5.14,0,0,0
2025-09-23 10:51:20,user_308,auditor,classical,,EU,low,catalog,low,update,0,15,15.93,0,1,0
2025-09-23 10:51:30,user_309,service,classical,,India,low,backend_sync,medium,read,0,33,13.59,2,0,0
2025-09-23 10:51:40,user_310,third_party,classical,65.0,India,medium,payroll,low,delete,0,16,16.64,1,0,0
2025-09-23 10:51:50,user_311,service,pqc,,Unknown,medium,customer_kyc,medium,delete,0,24,12.78,2,1,0
2025-09-23 10:52:00,user_312,employee,pqc,,India,low,logs,high,read,0,23,5.73,0,0,1
2025-09-23 10:52:10,user_313,auditor,classical,,Unknown,low,backend_sync,high,delete,0,28,11.8,1,1,1
2025-09-23 10:52:20,user_314,auditor,classical,,India,high,logs,medium,update,0,19,8.89,2,1,0
2025-09-23 10:52:30,user_315,admin,classical,,India,high,catalog,medium,delete,0,16,8.62,2,0,0
2025-09-23 10:52:40,user_316,admin,classical,,USA,low,transaction,low,update,0,24,10.91,2,1,0
2025-09-23 10:52:50,user_317,third_party,pqc,40.0,India,low,payroll,high,write,0,15,3.52,2,1,1
2025-09-23 10:53:00,user_318,employee,classical,,USA,medium,logs,medium,write,0,20,11.54,1,0,0
2025-09-23 10:53:10,user_319,employee,pqc,,USA,medium,logs,medium,read,0,17,18.51,3,1,0
2025-09-23 10:53:20,user_320,auditor,classical,,Unknown,low,payroll,high,delete,0,15,8.95,1,0,1
2025-09-23 10:53:30,user_321,employee,pqc,,India,medium,logs,low,delete,0,21,5.75,1,1,0
2025-09-23 10:53:40,user_322,third_party,pqc,65.0,Unknown,low,payroll,high,update,0,18,9.33,1,0,1
2025-09-23 10:53:50,user_323,third_party,pqc,40.0,EU,medium,logs,medium,delete,0,23,10.07,1,0,1
2025-09-23 10:54:00,user_324,auditor,pqc,,USA,medium,logs,high,write,0,18,13.61,1,0,0
2025-09-23 10:54:10,user_325,service,classical,,Unknown,low,customer_kyc,medium,update,0,19,8.14,2,0,0
2025-09-23 10:54:20,user_326,third_party,pqc,40.0,EU,low,logs,high,update,0,19,15.83,0,0,1
2025-09-23 10:54:30,user_327,service,pqc,,Unknown,high,catalog,low,delete,0,21,7.14,1,1,0
2025-09-23 10:54:40,user_328,guest,pqc,,India,medium,backend_sync,low,read,0,21,20.31,2,0,0
2025-09-23 10:54:50,user_329,employee,pqc,,EU,low,payroll,high,delete,0,25,16.04,0,1,1
2025-09-23 10:55:00,user_330,third_party,classical,65.0,India,high,logs,high,write,0,11,13.48,2,1,0
2025-09-23 10:55:10,user_331,third_party,pqc,65.0,EU,medium,transaction,medium,read,0,14,14.78,1,0,0
2025-09-23 10:55:20,user_332,service,classical,,USA,medium,logs,medium,write,0,16,10.95,1,1,0
2025-09-23 10:55:30,user_333,auditor,pqc,,India,medium,backend_sync,low,delete,0,24,12.88,1,1,0
2025-09-23 10:55:40,user_334,admin,pqc,,India,low,transaction,high,update,0,18,3.73,0,0,1
2025-09-23 10:55:50,user_335,service,classical,,EU,low,customer_kyc,medium,delete,0,18,11.74,0,1,0
2025-09-23 10:56:00,user_336,employee,pqc,,EU,high,backend_sync,low,delete,0,25,0.52,1,1,0
2025-09-23 10:56:10,user_337,admin,classical,,Unknown,low,catalog,medium,read,0,19,10.85,1,0,0
2025-09-23 10:56:20,user_338,employee,pqc,,India,low,transaction,low,write,96890,24,4.44,0,0,0
2025-09-23 10:56:30,user_339,third_party,classical,40.0,USA,low,catalog,low,update,0,23,9.74,1,1,1
2025-09-23 10:56:40,user_340,guest,pqc,,India,medium,logs,medium,write,0,24,5.01,3,1,0
2025-09-23 10:56:50,user_341,guest,classical,,EU,medium,transaction,high,update,0,11,11.51,0,1,1
2025-09-23 10:57:00,user_342,service,classical,,Unknown,medium,payroll,high,delete,0,16,8.48,1,1,0
2025-09-23 10:57:10,user_343,employee,pqc,,EU,low,customer_kyc,medium,update,0,20,17.84,0,0,0
2025-09-23 10:57:20,user_344,employee,pqc,,Unknown,low,transaction,medium,read,0,27,2.12,0,0,0
2025-09-23 10:57:30,user_345,third_party,pqc,65.0,Unknown,low,catalog,medium,delete,0,27,14.42,2,0,0
2025-09-23 10:57:40,user_346,admin,classical,,EU,medium,transaction,medium,write,141930,29,2.19,2,0,1
2025-09-23 10:57:50,user_347,third_party,pqc,40.0,India,low,transaction,medium,update,0,22,7.35,1,1,1
2025-09-23 10:58:00,user_348,guest,classical,,Unknown,high,backend_sync,low,write,0,18,7.87,0,1,0
2025-09-23 10:58:10,user_349,admin,pqc,,USA,medium,transaction,medium,read,0,25,7.29,1,1,0
2025-09-23 10:58:20,user_350,service,pqc,,EU,low,customer_kyc,high,write,0,12,5.86,1,0,1
2025-09-23 10:58:30,user_351,guest,pqc,,USA,low,payroll,high,update,0,25,10.43,1,1,1
2025-09-23 10:58:40,user_352,auditor,pqc,,India,high,catalog,high,update,0,22,10.1,2,0,0
2025-09-23 10:58:50,user_353,service,classical,,EU,high,backend_sync,medium,write,0,24,6.36,0,1,0
2025-09-23 10:59:00,user_354,third_party,classical,92.0,USA,low,catalog,medium,delete,0,15,10.61,0,0,0
2025-09-23 10:59:10,user_355,third_party,pqc,40.0,USA,medium,catalog,medium,read,0,26,18.12,2,0,1
2025-09-23 10:59:20,user_356,service,pqc,,USA,high,payroll,medium,write,0,19,9.1,0,1,0
2025-09-23 10:59:30,user_357,employee,pqc,,USA,medium,logs,medium,write,0,22,25.97,1,1,0
2025-09-23 10:59:40,user_358,auditor,classical,,India,high,backend_sync,medium,read,0,32,0.85,2,0,0
2025-09-23 10:59:50,user_359,employee,pqc,,Unknown,high,catalog,high,write,0,24,11.0,2,1,0
2025-09-23 11:00:00,user_360,employee,pqc,,India,low,logs,medium,read,0,23,14.17,1,1,0
2025-09-23 11:00:10,user_361,service,classical,,India,medium,backend_sync,medium,write,0,16,7.86,2,1,0
2025-09-23 11:00:20,user_362,service,classical,,India,high,customer_kyc,medium,read,0,19,10.12,3,0,0
2025-09-23 11:00:30,user_363,guest,classical,,Unknown,high,transaction,low,update,32612,22,17.06,2,0,1
2025-09-23 11:00:40,user_364,third_party,classical,92.0,EU,medium,transaction,low,read,83143,20,5.97,3,1,0
2025-09-23 11:00:50,user_365,employee,pqc,,EU,low,backend_sync,high,read,0,17,12.98,2,0,1
2025-09-23 11:01:00,user_366,guest,classical,,Unknown,medium,backend_sync,high,write,0,20,5.0,2,1,0
2025-09-23 11:01:10,user_367,guest,pqc,,EU,high,transaction,high,read,155553,16,7.48,0,1,1
2025-09-23 11:01:20,user_368,third_party,pqc,92.0,EU,high,logs,low,read,0,19,16.09,0,1,0
2025-09-23 11:01:30,user_369,service,classical,,USA,high,payroll,low,write,0,25,17.61,2,1,0
2025-09-23 11:01:40,user_370,auditor,classical,,EU,medium,catalog,high,write,0,22,7.68,0,1,0
2025-09-23 11:01:50,user_371,service,classical,,India,medium,logs,high,delete,0,25,11.01,1,1,0
2025-09-23 11:02:00,user_372,auditor,classical,,Unknown,high,transaction,low,read,4615,22,0.32,0,0,0
2025-09-23 11:02:10,user_373,admin,classical,,Unknown,low,logs,low,delete,0,24,10.63,0,1,0
2025-09-23 11:02:20,user_374,service,pqc,,India,low,payroll,low,write,0,27,5.17,1,1,0
2025-09-23 11:02:30,user_375,admin,pqc,,India,low,customer_kyc,high,update,0,26,10.75,2,1,1
2025-09-23 11:02:40,user_376,guest,classical,,USA,low,catalog,low,write,0,19,11.66,0,0,0
2025-09-23 11:02:50,user_377,employee,classical,,Unknown,high,catalog,low,read,0,26,10.95,3,1,0
2025-09-23 11:03:00,user_378,service,classical,,India,high,backend_sync,high,read,0,17,13.3,0,0,0
2025-09-23 11:03:10,user_379,third_party,pqc,40.0,USA,high,logs,high,update,0,23,8.07,0,0,1
2025-09-23 11:03:20,user_380,admin,pqc,,Unknown,medium,payroll,high,update,0,16,0.57,1,0,0
2025-09-23 11:03:30,user_381,third_party,pqc,65.0,USA,high,catalog,low,write,0,17,8.52,0,0,0
2025-09-23 11:03:40,user_382,auditor,classical,,India,high,backend_sync,low,read,0,22,9.48,1,0,0
2025-09-23 11:03:50,user_383,admin,classical,,India,medium,logs,medium,write,0,25,9.16,0,0,0
2025-09-23 11:04:00,user_384,admin,pqc,,EU,medium,customer_kyc,medium,update,0,25,11.33,3,1,0
2025-09-23 11:04:10,user_385,admin,pqc,,India,low,backend_sync,high,write,0,19,13.21,1,0,1
2025-09-23 11:04:20,user_386,guest,classical,,Unknown,high,catalog,medium,update,0,21,20.53,2,1,0
2025-09-23 11:04:30,user_387,admin,pqc,,India,medium,customer_kyc,medium,update,0,16,4.43,0,0,0
2025-09-23 11:04:40,user_388,third_party,pqc,92.0,Unknown,high,backend_sync,low,write,0,18,12.12,2,0,0
2025-09-23 11:04:50,user_389,third_party,classical,65.0,EU,low,logs,low,read,0,22,10.72,0,0,0
2025-09-23 11:05:00,user_390,service,pqc,,USA,high,customer_kyc,low,write,0,18,8.9,0,1,0
2025-09-23 11:05:10,user_391,third_party,classical,92.0,EU,low,logs,high,read,0,21,0.34,0,1,1
2025-09-23 11:05:20,user_392,service,pqc,,Unknown,low,transaction,low,read,0,20,15.42,1,1,0
2025-09-23 11:05:30,user_393,admin,classical,,Unknown,low,customer_kyc,high,update,0,19,7.11,1,1,1
2025-09-23 11:05:40,user_394,auditor,pqc,,USA,medium,catalog,medium,write,0,18,9.91,2,0,0
2025-09-23 11:05:50,user_395,employee,classical,,India,high,transaction,high,delete,123173,17,15.38,1,1,1
2025-09-23 11:06:00,user_396,admin,pqc,,EU,medium,logs,medium,update,0,27,2.09,3,0,0
2025-09-23 11:06:10,user_397,admin,classical,,USA,low,backend_sync,low,read,0,22,14.48,0,0,0
2025-09-23 11:06:20,user_398,auditor,classical,,India,low,customer_kyc,medium,delete,0,11,6.46,1,0,0
2025-09-23 11:06:30,user_399,service,pqc,,USA,high,transaction,medium,delete,0,18,11.71,1,0,0
2025-09-23 11:06:40,user_400,third_party,classical,92.0,EU,high,transaction,high,write,52939,12,12.56,2,1,0
2025-09-23 11:06:50,user_401,service,classical,,USA,high,transaction,high,write,170341,21,9.16,2,0,1
2025-09-23 11:07:00,user_402,admin,pqc,,India,high,catalog,high,write,0,26,10.29,0,1,0
2025-09-23 11:07:10,user_403,service,pqc,,Unknown,high,catalog,low,delete,0,17,6.28,1,0,0
2025-09-23 11:07:20,user_404,auditor,classical,,EU,medium,logs,medium,write,0,14,16.33,3,0,0
2025-09-23 11:07:30,user_405,guest,classical,,USA,medium,catalog,low,delete,0,22,5.67,0,0,0
2025-09-23 11:07:40,user_406,admin,pqc,,Unknown,high,catalog,high,write,0,24,12.64,2,0,0
2025-09-23 11:07:50,user_407,third_party,pqc,65.0,Unknown,low,catalog,medium,update,0,17,12.44,1,1,0
2025-09-23 11:08:00,user_408,employee,classical,,USA,low,customer_kyc,high,update,0,23,4.55,1,0,1
2025-09-23 11:08:10,user_409,third_party,pqc,65.0,EU,high,transaction,high,write,0,26,7.95,0,0,0
2025-09-23 11:08:20,user_410,guest,pqc,,USA,high,customer_kyc,high,update,0,22,9.25,0,1,1
2025-09-23 11:08:30,user_411,guest,classical,,USA,low,payroll,high,write,0,22,6.43,0,1,1
2025-09-23 11:08:40,user_412,guest,pqc,,EU,medium,transaction,high,read,0,19,9.77,0,0,1
2025-09-23 11:08:50,user_413,guest,pqc,,India,medium,payroll,high,write,0,18,4.27,0,1,0
2025-09-23 11:09:00,user_414,service,classical,,USA,high,transaction,high,write,30077,18,0.98,1,0,0
2025-09-23 11:09:10,user_415,auditor,pqc,,India,medium,logs,medium,write,0,31,8.23,4,0,0
2025-09-23 11:09:20,user_416,service,pqc,,Unknown,low,logs,high,update,0,31,2.15,1,0,1
2025-09-23 11:09:30,user_417,service,classical,,Unknown,medium,backend_sync,low,update,0,21,4.37,2,0,0
2025-09-23 11:09:40,user_418,employee,classical,,Unknown,low,transaction,high,update,0,17,3.69,2,0,1
2025-09-23 11:09:50,user_419,third_party,classical,65.0,USA,low,transaction,high,update,0,21,5.67,1,1,1
2025-09-23 11:10:00,user_420,third_party,classical,65.0,USA,high,customer_kyc,low,read,0,20,15.5,1,1,0
2025-09-23 11:10:10,user_421,admin,classical,,India,medium,catalog,low,delete,0,19,19.79,1,0,0
2025-09-23 11:10:20,user_422,third_party,pqc,65.0,Unknown,medium,payroll,medium,read,0,27,15.43,0,0,0
2025-09-23 11:10:30,user_423,employee,pqc,,India,high,logs,high,update,0,24,10.49,1,1,0
2025-09-23 11:10:40,user_424,admin,classical,,USA,high,catalog,high,read,0,14,9.93,2,0,0
2025-09-23 11:10:50,user_425,auditor,pqc,,India,medium,backend_sync,high,delete,0,17,11.95,1,0,0
2025-09-23 11:11:00,user_426,admin,classical,,USA,high,customer_kyc,medium,update,0,20,15.28,2,1,0
2025-09-23 11:11:10,user_427,auditor,classical,,India,high,catalog,low,delete,0,24,11.12,1,0,0
2025-09-23 11:11:20,user_428,admin,pqc,,India,medium,transaction,medium,delete,0,19,9.32,1,0,0
2025-09-23 11:11:30,user_429,employee,classical,,USA,high,catalog,high,update,0,28,15.02,1,1,0
2025-09-23 11:11:40,user_430,third_party,pqc,92.0,USA,high,backend_sync,low,delete,0,23,7.95,0,1,0
2025-09-23 11:11:50,user_431,third_party,pqc,65.0,EU,medium,transaction,medium,delete,0,24,6.26,0,1,0
2025-09-23 11:12:00,user_432,guest,classical,,EU,low,backend_sync,high,read,0,31,7.32,0,1,1
2025-09-23 11:12:10,user_433,guest,pqc,,EU,low,transaction,medium,delete,141381,23,14.28,1,0,1
2025-09-23 11:12:20,user_434,third_party,pqc,92.0,India,medium,backend_sync,high,write,0,22,11.76,0,1,0
2025-09-23 11:12:30,user_435,employee,classical,,EU,high,customer_kyc,high,delete,0,20,15.35,1,0,0
2025-09-23 11:12:40,user_436,service,pqc,,EU,low,customer_kyc,low,update,0,11,10.53,1,1,0
2025-09-23 11:12:50,user_437,service,classical,,India,medium,payroll,medium,update,0,30,9.33,0,1,0
2025-09-23 11:13:00,user_438,guest,pqc,,India,low,payroll,low,delete,0,12,13.3,0,0,0
2025-09-23 11:13:10,user_439,third_party,classical,92.0,EU,low,payroll,low,read,0,12,14.69,0,0,0
2025-09-23 11:13:20,user_440,auditor,pqc,,Unknown,medium,catalog,low,delete,0,16,14.15,0,1,0
2025-09-23 11:13:30,user_441,admin,classical,,USA,medium,customer_kyc,low,delete,0,20,9.03,3,0,0
2025-09-23 11:13:40,user_442,third_party,pqc,65.0,EU,high,backend_sync,medium,update,0,22,10.04,1,0,0
2025-09-23 11:13:50,user_443,auditor,pqc,,USA,medium,catalog,low,read,0,22,15.02,1,0,0
2025-09-23 11:14:00,user_444,employee,pqc,,Unknown,medium,logs,low,delete,0,24,4.22,1,0,0
2025-09-23 11:14:10,user_445,employee,pqc,,EU,medium,backend_sync,medium,update,0,20,10.33,0,0,0
2025-09-23 11:14:20,user_446,guest,classical,,India,medium,backend_sync,low,delete,0,22,5.89,0,0,0
2025-09-23 11:14:30,user_447,guest,classical,,EU,high,customer_kyc,high,write,0,20,15.61,0,0,1
2025-09-23 11:14:40,user_448,third_party,classical,65.0,USA,low,customer_kyc,medium,update,0,23,14.13,0,1,0
2025-09-23 11:14:50,user_449,service,classical,,India,high,logs,medium,delete,0,13,5.66,0,0,0
2025-09-23 11:15:00,user_450,third_party,pqc,65.0,USA,high,logs,low,read,0,25,11.31,2,0,0
2025-09-23 11:15:10,user_451,third_party,classical,40.0,EU,low,customer_kyc,high,write,0,32,10.97,1,0,1
2025-09-23 11:15:20,user_452,auditor,pqc,,India,low,transaction,medium,write,0,18,12.61,4,0,0
2025-09-23 11:15:30,user_453,employee,pqc,,USA,low,backend_sync,low,update,0,17,5.92,2,1,0
2025-09-23 11:15:40,user_454,third_party,pqc,40.0,Unknown,medium,customer_kyc,medium,update,0,20,2.79,1,1,1
2025-09-23 11:15:50,user_455,guest,classical,,India,low,backend_sync,medium,update,0,19,8.95,1,1,0
2025-09-23 11:16:00,user_456,service,classical,,Unknown,high,logs,medium,update,0,22,8.63,2,1,0
2025-09-23 11:16:10,user_457,auditor,pqc,,EU,high,payroll,high,read,0,14,11.83,1,1,0
2025-09-23 11:16:20,user_458,service,pqc,,EU,low,transaction,low,delete,78490,22,5.5,1,1,0
2025-09-23 11:16:30,user_459,third_party,pqc,65.0,India,low,backend_sync,low,write,0,18,13.19,0,0,0
2025-09-23 11:16:40,user_460,service,pqc,,USA,low,logs,high,write,0,20,2.37,0,1,1
2025-09-23 11:16:50,user_461,admin,pqc,,EU,low,logs,low,write,0,14,4.33,1,1,0
2025-09-23 11:17:00,user_462,service,classical,,EU,medium,customer_kyc,low,update,0,20,9.9,2,1,0
2025-09-23 11:17:10,user_463,auditor,pqc,,USA,low,logs,medium,read,0,17,8.69,3,1,0
2025-09-23 11:17:20,user_464,admin,classical,,Unknown,high,payroll,high,delete,0,24,14.9,1,1,0
2025-09-23 11:17:30,user_465,third_party,classical,40.0,EU,high,customer_kyc,medium,delete,0,18,6.29,0,1,1
2025-09-23 11:17:40,user_466,employee,pqc,,EU,high,catalog,medium,write,0,25,10.87,1,1,0
2025-09-23 11:17:50,user_467,service,classical,,India,medium,logs,high,write,0,19,11.22,0,0,0
2025-09-23 11:18:00,user_468,third_party,classical,65.0,EU,low,catalog,low,delete,0,16,18.36,1,1,0
2025-09-23 11:18:10,user_469,third_party,pqc,92.0,India,high,payroll,high,update,0,12,9.46,0,1,0
2025-09-23 11:18:20,user_470,guest,classical,,India,low,transaction,low,write,60314,15,16.41,1,1,1
2025-09-23 11:18:30,user_471,employee,classical,,Unknown,low,payroll,medium,write,0,25,12.79,1,0,0
2025-09-23 11:18:40,user_472,admin,pqc,,USA,medium,backend_sync,low,update,0,17,8.83,2,1,0
2025-09-23 11:18:50,user_473,service,classical,,USA,medium,logs,high,write,0,11,12.33,0,1,0
2025-09-23 11:19:00,user_474,admin,classical,,EU,low,customer_kyc,high,read,0,22,1.96,1,0,1
2025-09-23 11:19:10,user_475,admin,pqc,,India,medium,backend_sync,medium,read,0,12,10.92,2,0,0
2025-09-23 11:19:20,user_476,service,classical,,India,high,backend_sync,high,delete,0,19,9.0,0,1,0
2025-09-23 11:19:30,user_477,third_party,classical,40.0,USA,medium,backend_sync,high,write,0,25,3.84,1,0,1
2025-09-23 11:19:40,user_478,auditor,pqc,,India,low,payroll,medium,write,0,21,20.12,0,1,0
2025-09-23 11:19:50,user_479,admin,classical,,USA,high,transaction,medium,write,0,31,3.18,2,1,0
2025-09-23 11:20:00,user_480,guest,classical,,USA,low,catalog,medium,write,0,20,13.6,1,0,0
2025-09-23 11:20:10,user_481,guest,pqc,,EU,low,catalog,medium,write,0,21,3.53,1,0,0
2025-09-23 11:20:20,user_482,admin,classical,,India,low,backend_sync,medium,write,0,28,3.75,0,0,0
2025-09-23 11:20:30,user_483,guest,classical,,India,medium,backend_sync,high,delete,0,25,13.02,0,1,0
2025-09-23 11:20:40,user_484,auditor,pqc,,India,high,customer_kyc,high,update,0,19,20.5,0,1,0
2025-09-23 11:20:50,user_485,service,pqc,,Unknown,low,transaction,high,read,0,17,8.76,2,0,1
2025-09-23 11:21:00,user_486,auditor,pqc,,Unknown,low,logs,low,read,0,24,17.1,3,1,0
2025-09-23 11:21:10,user_487,auditor,classical,,India,medium,catalog,medium,update,0,24,7.0,1,1,0
2025-09-23 11:21:20,user_488,service,pqc,,Unknown,low,customer_kyc,high,write,0,22,10.07,0,0,1
2025-09-23 11:21:30,user_489,employee,classical,,Unknown,low,catalog,low,delete,0,8,5.23,0,0,0
2025-09-23 11:21:40,user_490,guest,pqc,,USA,low,transaction,low,write,127636,26,10.53,1,0,1
2025-09-23 11:21:50,user_491,third_party,pqc,92.0,India,high,logs,low,update,0,20,12.92,0,0,0
2025-09-23 11:22:00,user_492,service,pqc,,India,medium,backend_sync,low,write,0,18,17.06,1,1,0
2025-09-23 11:22:10,user_493,auditor,pqc,,EU,low,payroll,high,read,0,16,7.97,0,0,1
2025-09-23 11:22:20,user_494,guest,pqc,,Unknown,high,transaction,medium,update,64148,18,3.02,2,1,1
2025-09-23 11:22:30,user_495,admin,classical,,Unknown,medium,customer_kyc,high,delete,0,23,10.99,1,1,0
2025-09-23 11:22:40,user_496,guest,pqc,,India,medium,catalog,medium,read,0,26,7.14,0,1,0
2025-09-23 11:22:50,user_497,service,classical,,India,medium,catalog,high,read,0,14,1.67,0,0,0
2025-09-23 11:23:00,user_498,guest,pqc,,EU,low,backend_sync,medium,update,0,19,6.34,0,1,0
2025-09-23 11:23:10,user_499,admin,classical,,Unknown,medium,payroll,low,delete,0,16,4.88,2,1,0
2025-09-23 11:23:20,user_500,service,pqc,,India,high,backend_sync,high,read,0,22,8.74,0,1,0
2025-09-23 11:23:30,user_501,auditor,pqc,,USA,low,transaction,high,write,0,18,15.67,1,1,1
2025-09-23 11:23:40,user_502,admin,pqc,,EU,high,transaction,medium,write,0,18,7.01,2,1,0
2025-09-23 11:23:50,user_503,admin,pqc,,India,low,backend_sync,low,read,0,21,17.11,0,1,0
2025-09-23 11:24:00,user_504,third_party,classical,40.0,Unknown,high,payroll,low,read,0,24,13.25,0,1,1
2025-09-23 11:24:10,user_505,guest,pqc,,EU,low,payroll,high,write,0,23,2.48,0,0,1
2025-09-23 11:24:20,user_506,third_party,pqc,65.0,Unknown,medium,payroll,low,write,0,20,13.03,3,1,0
2025-09-23 11:24:30,user_507,auditor,pqc,,Unknown,high,customer_kyc,medium,update,0,28,9.08,2,1,0
2025-09-23 11:24:40,user_508,service,classical,,EU,high,payroll,low,update,0,24,3.5,4,1,0
2025-09-23 11:24:50,user_509,service,classical,,EU,low,payroll,low,update,0,30,3.89,1,0,0
2025-09-23 11:25:00,user_510,auditor,pqc,,Unknown,low,backend_sync,low,update,0,24,8.53,1,1,0
2025-09-23 11:25:10,user_511,admin,classical,,India,medium,customer_kyc,high,read,0,19,9.64,2,0,0
2025-09-23 11:25:20,user_512,auditor,classical,,USA,low,logs,high,read,0,33,19.1,1,1,1
2025-09-23 11:25:30,user_513,employee,classical,,USA,medium,transaction,low,write,195619,24,10.2,1,0,1
2025-09-23 11:25:40,user_514,guest,pqc,,India,medium,catalog,medium,update,0,26,4.41,3,0,0
2025-09-23 11:25:50,user_515,admin,pqc,,EU,low,catalog,high,update,0,22,4.94,2,0,1
2025-09-23 11:26:00,user_516,service,classical,,USA,medium,customer_kyc,low,read,0,22,1.12,0,0,0
2025-09-23 11:26:10,user_517,employee,classical,,Unknown,high,catalog,medium,update,0,18,12.04,0,0,0
2025-09-23 11:26:20,user_518,employee,pqc,,India,medium,catalog,low,write,0,23,7.32,1,0,0
2025-09-23 11:26:30,user_519,employee,pqc,,India,low,payroll,low,update,0,11,1.46,3,1,0
2025-09-23 11:26:40,user_520,guest,pqc,,India,low,logs,low,write,0,16,7.93,0,0,0
2025-09-23 11:26:50,user_521,guest,classical,,EU,medium,payroll,low,delete,0,17,11.3,1,0,0
2025-09-23 11:27:00,user_522,auditor,classical,,EU,low,logs,medium,update,0,20,17.57,1,1,0
2025-09-23 11:27:10,user_523,employee,pqc,,India,high,backend_sync,medium,delete,0,18,6.93,0,0,0
2025-09-23 11:27:20,user_524,service,classical,,India,low,logs,medium,read,0,16,5.39,3,1,0
2025-09-23 11:27:30,user_525,auditor,pqc,,India,low,logs,low,delete,0,17,4.98,2,1,0
2025-09-23 11:27:40,user_526,admin,pqc,,EU,medium,payroll,high,read,0,17,15.95,1,0,0
2025-09-23 11:27:50,user_527,guest,classical,,India,high,backend_sync,low,write,0,17,15.07,2,1,0
2025-09-23 11:28:00,user_528,admin,classical,,Unknown,low,transaction,low,write,7226,16,15.24,1,1,0
2025-09-23 11:28:10,user_529,admin,classical,,India,high,customer_kyc,medium,read,0,21,15.85,2,0,0
2025-09-23 11:28:20,user_530,auditor,pqc,,Unknown,medium,backend_sync,medium,delete,0,25,5.68,2,1,0
2025-09-23 11:28:30,user_531,admin,pqc,,India,low,transaction,low,read,0,17,9.3,1,0,0
2025-09-23 11:28:40,user_532,auditor,classical,,USA,low,logs,low,read,0,21,3.54,1,1,0
2025-09-23 11:28:50,user_533,third_party,pqc,40.0,Unknown,low,transaction,medium,write,0,16,13.45,1,1,1
2025-09-23 11:29:00,user_534,guest,pqc,,EU,medium,backend_sync,low,update,0,16,5.42,0,0,0
2025-09-23 11:29:10,user_535,guest,classical,,India,high,transaction,low,delete,0,19,5.84,2,1,1
2025-09-23 11:29:20,user_536,employee,pqc,,EU,medium,backend_sync,low,write,0,24,10.38,0,0,0
2025-09-23 11:29:30,user_537,employee,classical,,USA,high,transaction,high,read,197881,22,13.71,2,0,1
2025-09-23 11:29:40,user_538,auditor,classical,,USA,high,customer_kyc,low,delete,0,18,15.36,0,1,0
2025-09-23 11:29:50,user_539,auditor,classical,,EU,high,logs,low,read,0,18,21.82,2,0,0
2025-09-23 11:30:00,user_540,auditor,pqc,,Unknown,medium,payroll,low,update,0,22,6.97,1,0,0
2025-09-23 11:30:10,user_541,guest,pqc,,USA,medium,customer_kyc,high,update,0,29,18.6,1,0,1
2025-09-23 11:30:20,user_542,employee,pqc,,USA,medium,customer_kyc,low,update,0,19,10.13,0,1,0
2025-09-23 11:30:30,user_543,third_party,pqc,92.0,USA,medium,catalog,low,read,0,20,0.4,0,0,0
2025-09-23 11:30:40,user_544,auditor,classical,,EU,medium,backend_sync,low,read,0,24,3.72,0,0,0
2025-09-23 11:30:50,user_545,admin,classical,,Unknown,low,customer_kyc,high,update,0,15,14.07,0,1,1
2025-09-23 11:31:00,user_546,service,classical,,USA,medium,customer_kyc,low,update,0,22,12.85,0,0,0
2025-09-23 11:31:10,user_547,third_party,classical,40.0,Unknown,medium,payroll,high,write,0,17,14.84,0,0,1
2025-09-23 11:31:20,user_548,guest,classical,,Unknown,high,customer_kyc,low,write,0,20,3.24,2,1,1
2025-09-23 11:31:30,user_549,auditor,classical,,EU,medium,customer_kyc,high,update,0,18,3.39,3,1,0
2025-09-23 11:31:40,user_550,employee,classical,,EU,low,logs,medium,delete,0,18,3.0,4,1,0
2025-09-23 11:31:50,user_551,admin,classical,,USA,high,backend_sync,low,update,0,19,10.07,0,1,0
2025-09-23 11:32:00,user_552,guest,classical,,Unknown,low,catalog,medium,read,0,22,4.81,0,1,0
2025-09-23 11:32:10,user_553,third_party,classical,40.0,Unknown,medium,logs,medium,delete,0,15,13.72,2,0,1
2025-09-23 11:32:20,user_554,guest,classical,,Unknown,high,customer_kyc,high,update,0,15,8.59,0,0,1
2025-09-23 11:32:30,user_555,employee,classical,,EU,medium,payroll,low,read,0,13,12.12,1,0,0
2025-09-23 11:32:40,user_556,third_party,pqc,92.0,India,medium,backend_sync,medium,delete,0,16,3.11,0,0,0
2025-09-23 11:32:50,user_557,service,pqc,,India,high,transaction,high,write,0,31,7.18,1,0,0
2025-09-23 11:33:00,user_558,admin,classical,,USA,high,payroll,medium,read,0,19,15.43,0,1,0
2025-09-23 11:33:10,user_559,admin,classical,,Unknown,low,catalog,medium,write,0,20,15.28,2,0,0
2025-09-23 11:33:20,user_560,third_party,classical,92.0,EU,low,backend_sync,low,update,0,14,8.32,0,1,0
2025-09-23 11:33:30,user_561,third_party,classical,92.0,EU,medium,catalog,high,read,0,23,6.05,1,0,0
2025-09-23 11:33:40,user_562,guest,pqc,,EU,low,transaction,high,delete,0,16,8.5,1,0,1
2025-09-23 11:33:50,user_563,admin,pqc,,EU,low,payroll,high,delete,0,20,9.75,2,1,1
2025-09-23 11:34:00,user_564,auditor,classical,,Unknown,high,catalog,medium,update,0,20,11.81,1,0,0
2025-09-23 11:34:10,user_565,third_party,classical,40.0,USA,medium,customer_kyc,high,update,0,24,11.69,0,1,1
2025-09-23 11:34:20,user_566,auditor,classical,,India,low,backend_sync,high,read,0,19,16.19,1,0,1
2025-09-23 11:34:30,user_567,third_party,classical,65.0,USA,medium,logs,high,write,0,18,7.71,1,1,0
2025-09-23 11:34:40,user_568,auditor,pqc,,USA,low,logs,low,delete,0,22,16.0,2,0,0
2025-09-23 11:34:50,user_569,third_party,pqc,65.0,EU,medium,payroll,low,delete,0,17,7.54,0,1,0
2025-09-23 11:35:00,user_570,guest,pqc,,Unknown,low,customer_kyc,low,read,0,18,6.98,2,0,1
2025-09-23 11:35:10,user_571,third_party,classical,40.0,India,high,payroll,medium,update,0,22,1.03,0,0,1
2025-09-23 11:35:20,user_572,employee,pqc,,India,high,customer_kyc,medium,delete,0,24,6.33,2,0,0
2025-09-23 11:35:30,user_573,admin,pqc,,EU,medium,transaction,low,read,190921,20,10.41,2,1,1
2025-09-23 11:35:40,user_574,guest,pqc,,India,high,backend_sync,medium,delete,0,15,11.48,3,0,0
2025-09-23 11:35:50,user_575,employee,pqc,,EU,high,payroll,low,write,0,26,12.32,1,0,0
2025-09-23 11:36:00,user_576,service,classical,,USA,high,backend_sync,high,write,0,20,5.76,0,0,0
2025-09-23 11:36:10,user_577,auditor,pqc,,USA,low,catalog,medium,write,0,16,6.74,2,0,0
2025-09-23 11:36:20,user_578,service,classical,,India,low,logs,low,update,0,15,5.46,3,1,0
2025-09-23 11:36:30,user_579,auditor,classical,,EU,medium,catalog,low,read,0,23,17.6,2,1,0
2025-09-23 11:36:40,user_580,employee,pqc,,India,low,transaction,low,update,0,17,4.93,1,1,0
2025-09-23 11:36:50,user_581,guest,pqc,,Unknown,medium,payroll,medium,write,0,22,13.51,2,1,0
2025-09-23 11:37:00,user_582,third_party,pqc,65.0,India,medium,transaction,medium,read,0,13,4.96,0,0,0
2025-09-23 11:37:10,user_583,auditor,pqc,,USA,low,payroll,high,update,0,17,0.19,1,0,1
2025-09-23 11:37:20,user_584,auditor,classical,,Unknown,low,backend_sync,medium,read,0,21,3.82,2,0,0
2025-09-23 11:37:30,user_585,third_party,pqc,40.0,USA,high,payroll,medium,write,0,16,15.82,0,0,1
2025-09-23 11:37:40,user_586,third_party,classical,92.0,EU,low,customer_kyc,medium,write,0,18,11.84,1,0,0
2025-09-23 11:37:50,user_587,employee,pqc,,EU,high,transaction,high,delete,0,14,11.58,0,0,0
2025-09-23 11:38:00,user_588,third_party,pqc,92.0,USA,medium,payroll,medium,delete,0,24,15.41,0,1,0
2025-09-23 11:38:10,user_589,third_party,classical,40.0,EU,high,payroll,medium,delete,0,22,3.44,0,0,1
2025-09-23 11:38:20,user_590,guest,pqc,,Unknown,low,customer_kyc,medium,read,0,25,20.06,2,1,1
2025-09-23 11:38:30,user_591,auditor,classical,,India,low,customer_kyc,medium,read,0,19,15.12,1,1,0
2025-09-23 11:38:40,user_592,auditor,pqc,,EU,low,logs,high,update,0,21,8.97,1,1,1
2025-09-23 11:38:50,user_593,guest,pqc,,USA,high,catalog,medium,write,0,22,12.8,2,1,0
2025-09-23 11:39:00,user_594,service,pqc,,USA,medium,logs,medium,write,0,19,4.71,1,0,0
2025-09-23 11:39:10,user_595,guest,classical,,India,low,logs,high,delete,0,20,17.41,2,1,1
2025-09-23 11:39:20,user_596,employee,classical,,EU,medium,transaction,high,delete,0,15,3.97,1,1,0
2025-09-23 11:39:30,user_597,third_party,pqc,92.0,USA,low,payroll,high,delete,0,22,11.87,0,0,1
2025-09-23 11:39:40,user_598,admin,classical,,USA,medium,backend_sync,high,delete,0,21,12.07,2,1,0
2025-09-23 11:39:50,user_599,auditor,pqc,,USA,low,payroll,medium,update,0,19,12.32,1,0,0
2025-09-23 11:40:00,user_600,third_party,classical,65.0,USA,low,payroll,high,write,0,28,1.3,0,1,1
2025-09-23 11:40:10,user_601,auditor,pqc,,Unknown,high,catalog,low,update,0,12,15.56,3,1,0
2025-09-23 11:40:20,user_602,service,classical,,EU,low,logs,medium,delete,0,15,14.48,1,0,0
2025-09-23 11:40:30,user_603,admin,classical,,USA,high,logs,medium,update,0,27,6.84,3,1,0
2025-09-23 11:40:40,user_604,guest,pqc,,USA,medium,logs,low,delete,0,18,8.97,0,1,0
2025-09-23 11:40:50,user_605,employee,classical,,India,high,backend_sync,high,update,0,16,6.27,1,0,0
2025-09-23 11:41:00,user_606,employee,classical,,Unknown,high,transaction,high,delete,0,13,1.49,1,0,0
2025-09-23 11:41:10,user_607,third_party,classical,40.0,India,medium,payroll,high,read,0,17,7.69,0,1,1
2025-09-23 11:41:20,user_608,auditor,classical,,EU,low,logs,medium,write,0,16,7.72,0,0,0
2025-09-23 11:41:30,user_609,guest,classical,,India,high,backend_sync,medium,update,0,25,10.91,0,1,0
2025-09-23 11:41:40,user_610,third_party,pqc,40.0,Unknown,high,backend_sync,low,write,0,26,9.84,0,1,1
2025-09-23 11:41:50,user_611,service,pqc,,USA,medium,catalog,low,write,0,21,5.76,0,0,0
2025-09-23 11:42:00,user_612,third_party,pqc,92.0,USA,medium,logs,high,update,0,21,11.75,0,0,0
2025-09-23 11:42:10,user_613,guest,classical,,USA,medium,catalog,low,read,0,20,4.98,1,1,0
2025-09-23 11:42:20,user_614,third_party,pqc,92.0,India,medium,logs,low,write,0,25,4.07,2,1,0
2025-09-23 11:42:30,user_615,employee,pqc,,Unknown,medium,customer_kyc,high,delete,0,17,1.61,3,1,0
2025-09-23 11:42:40,user_616,employee,pqc,,India,medium,backend_sync,high,update,0,15,9.74,2,1,0
2025-09-23 11:42:50,user_617,service,pqc,,Unknown,high,transaction,high,write,0,26,18.52,0,1,0
2025-09-23 11:43:00,user_618,guest,pqc,,USA,low,payroll,medium,write,0,19,8.78,1,1,0
2025-09-23 11:43:10,user_619,admin,classical,,India,low,transaction,high,read,74954,21,8.5,1,0,1
2025-09-23 11:43:20,user_620,service,pqc,,India,high,transaction,high,read,0,16,17.38,0,1,0
2025-09-23 11:43:30,user_621,third_party,pqc,65.0,Unknown,medium,catalog,low,read,0,21,4.16,0,0,0
2025-09-23 11:43:40,user_622,employee,classical,,USA,medium,transaction,low,delete,0,16,7.26,3,1,0
2025-09-23 11:43:50,user_623,third_party,classical,92.0,India,low,customer_kyc,medium,delete,0,18,14.17,0,0,0
2025-09-23 11:44:00,user_624,employee,pqc,,India,low,backend_sync,high,delete,0,13,12.01,0,1,1
2025-09-23 11:44:10,user_625,service,pqc,,USA,high,backend_sync,low,read,0,22,12.34,0,0,0
2025-09-23 11:44:20,user_626,auditor,pqc,,USA,high,logs,high,write,0,26,11.48,2,0,0
2025-09-23 11:44:30,user_627,employee,pqc,,USA,high,customer_kyc,medium,read,0,19,11.88,0,1,0
2025-09-23 11:44:40,user_628,employee,classical,,India,low,backend_sync,medium,write,0,20,6.72,2,1,0
2025-09-23 11:44:50,user_629,admin,classical,,EU,medium,transaction,low,update,0,24,6.34,1,0,0
2025-09-23 11:45:00,user_630,auditor,classical,,India,high,catalog,high,update,0,24,8.07,0,1,0
2025-09-23 11:45:10,user_631,third_party,classical,65.0,India,low,catalog,medium,write,0,16,11.91,1,0,0
2025-09-23 11:45:20,user_632,third_party,pqc,40.0,USA,low,backend_sync,medium,write,0,27,6.75,0,0,1
2025-09-23 11:45:30,user_633,guest,pqc,,USA,low,catalog,medium,write,0,21,10.01,1,0,0
2025-09-23 11:45:40,user_634,guest,classical,,Unknown,medium,logs,low,update,0,16,7.15,1,1,0
2025-09-23 11:45:50,user_635,admin,pqc,,EU,high,payroll,medium,write,0,15,11.65,1,1,0
2025-09-23 11:46:00,user_636,service,classical,,Unknown,high,payroll,low,delete,0,23,6.35,2,0,0
2025-09-23 11:46:10,user_637,guest,pqc,,USA,medium,backend_sync,medium,read,0,18,13.79,0,0,0
2025-09-23 11:46:20,user_638,guest,classical,,India,high,customer_kyc,high,write,0,25,6.41,0,0,1
2025-09-23 11:46:30,user_639,third_party,classical,40.0,India,high,payroll,low,delete,0,17,13.73,1,1,1
2025-09-23 11:46:40,user_640,guest,pqc,,India,medium,customer_kyc,low,read,0,26,5.19,1,0,1
2025-09-23 11:46:50,user_641,employee,pqc,,India,medium,backend_sync,high,update,0,23,5.1,2,1,0
2025-09-23 11:47:00,user_642,auditor,classical,,USA,low,transaction,low,read,0,18,1.8,0,0,0
2025-09-23 11:47:10,user_643,guest,classical,,India,low,customer_kyc,low,delete,0,15,8.04,1,0,1
2025-09-23 11:47:20,user_644,employee,classical,,EU,low,backend_sync,low,delete,0,13,4.52,2,0,0
2025-09-23 11:47:30,user_645,service,pqc,,Unknown,low,backend_sync,medium,read,0,16,11.49,3,0,0
2025-09-23 11:47:40,user_646,employee,pqc,,USA,low,customer_kyc,low,delete,0,24,5.26,1,1,0
2025-09-23 11:47:50,user_647,auditor,pqc,,USA,medium,backend_sync,medium,update,0,17,18.74,0,0,0
2025-09-23 11:48:00,user_648,guest,classical,,Unknown,low,backend_sync,medium,update,0,15,5.82,1,1,0
2025-09-23 11:48:10,user_649,third_party,pqc,40.0,India,low,transaction,medium,read,36411,23,0.58,0,0,1
2025-09-23 11:48:20,user_650,auditor,classical,,EU,medium,transaction,low,update,0,20,3.16,0,0,0
2025-09-23 11:48:30,user_651,admin,pqc,,USA,high,customer_kyc,medium,update,0,14,19.94,1,0,0
2025-09-23 11:48:40,user_652,employee,pqc,,USA,high,payroll,medium,write,0,23,19.55,1,0,0
2025-09-23 11:48:50,user_653,service,pqc,,Unknown,high,catalog,low,read,0,18,14.05,2,1,0
2025-09-23 11:49:00,user_654,admin,pqc,,India,high,logs,medium,delete,0,21,17.58,0,1,0
2025-09-23 11:49:10,user_655,admin,classical,,India,low,backend_sync,medium,read,0,22,13.01,0,1,0
2025-09-23 11:49:20,user_656,guest,classical,,USA,low,payroll,high,update,0,15,11.67,2,0,1
2025-09-23 11:49:30,user_657,employee,classical,,Unknown,medium,payroll,low,read,0,33,9.22,0,0,0
2025-09-23 11:49:40,user_658,third_party,pqc,65.0,Unknown,high,customer_kyc,medium,read,0,10,7.93,0,0,0
2025-09-23 11:49:50,user_659,guest,pqc,,USA,high,catalog,low,delete,0,21,19.44,1,0,0
2025-09-23 11:50:00,user_660,employee,pqc,,EU,medium,catalog,low,write,0,20,15.77,0,0,0
2025-09-23 11:50:10,user_661,employee,classical,,USA,medium,logs,low,read,0,16,7.41,1,0,0
2025-09-23 11:50:20,user_662,service,pqc,,Unknown,medium,logs,high,update,0,25,16.0,1,1,0
2025-09-23 11:50:30,user_663,guest,classical,,USA,high,logs,low,delete,0,19,7.68,1,0,0
2025-09-23 11:50:40,user_664,third_party,classical,40.0,EU,high,backend_sync,medium,write,0,28,7.45,1,0,1
2025-09-23 11:50:50,user_665,admin,classical,,EU,low,customer_kyc,medium,read,0,15,10.17,3,1,0
2025-09-23 11:51:00,user_666,service,classical,,USA,medium,catalog,high,update,0,19,13.05,1,0,0
2025-09-23 11:51:10,user_667,service,classical,,EU,low,payroll,medium,delete,0,18,10.78,1,0,0
2025-09-23 11:51:20,user_668,service,classical,,Unknown,low,backend_sync,low,read,0,25,3.14,0,1,0
2025-09-23 11:51:30,user_669,employee,classical,,USA,high,backend_sync,low,update,0,18,6.45,2,0,0
2025-09-23 11:51:40,user_670,third_party,classical,92.0,India,medium,backend_sync,medium,update,0,19,11.59,0,0,0
2025-09-23 11:51:50,user_671,auditor,pqc,,EU,medium,payroll,low,read,0,19,8.34,2,1,0
2025-09-23 11:52:00,user_672,third_party,classical,92.0,EU,high,payroll,medium,read,0,20,11.13,1,0,0
2025-09-23 11:52:10,user_673,guest,pqc,,USA,medium,catalog,low,write,0,24,13.46,1,0,0
2025-09-23 11:52:20,user_674,auditor,pqc,,USA,low,logs,high,update,0,23,11.17,2,0,1
2025-09-23 11:52:30,user_675,service,pqc,,Unknown,high,payroll,medium,write,0,18,8.76,0,0,0
2025-09-23 11:52:40,user_676,auditor,pqc,,EU,high,backend_sync,medium,write,0,25,0.24,1,1,0
2025-09-23 11:52:50,user_677,employee,classical,,Unknown,medium,payroll,medium,delete,0,9,10.72,0,0,0
2025-09-23 11:53:00,user_678,employee,classical,,EU,high,logs,low,write,0,19,16.54,2,1,0
2025-09-23 11:53:10,user_679,employee,classical,,USA,high,payroll,low,read,0,24,4.11,1,0,0
2025-09-23 11:53:20,user_680,auditor,classical,,India,medium,catalog,medium,update,0,21,6.35,1,1,0
2025-09-23 11:53:30,user_681,service,pqc,,EU,high,transaction,high,write,7867,22,11.81,0,0,0
2025-09-23 11:53:40,user_682,guest,classical,,EU,low,transaction,medium,read,181392,21,8.36,1,0,1
2025-09-23 11:53:50,user_683,guest,pqc,,USA,high,catalog,medium,delete,0,27,8.31,1,0,0
2025-09-23 11:54:00,user_684,employee,classical,,EU,high,catalog,high,update,0,21,8.13,2,1,0
2025-09-23 11:54:10,user_685,employee,classical,,EU,high,customer_kyc,medium,delete,0,10,7.46,1,1,0
2025-09-23 11:54:20,user_686,third_party,classical,40.0,Unknown,medium,transaction,low,delete,83024,17,1.34,2,0,1
2025-09-23 11:54:30,user_687,guest,classical,,Unknown,medium,transaction,high,delete,0,23,17.47,1,1,1
2025-09-23 11:54:40,user_688,guest,classical,,EU,medium,catalog,medium,update,0,21,16.05,1,1,0
2025-09-23 11:54:50,user_689,third_party,classical,65.0,Unknown,medium,payroll,high,write,0,16,8.65,1,1,0
2025-09-23 11:55:00,user_690,admin,classical,,EU,low,backend_sync,low,write,0,19,13.39,0,1,0
2025-09-23 11:55:10,user_691,third_party,pqc,65.0,Unknown,high,customer_kyc,medium,write,0,20,6.12,0,0,0
2025-09-23 11:55:20,user_692,auditor,pqc,,EU,low,backend_sync,high,read,0,19,11.26,2,0,1
2025-09-23 11:55:30,user_693,service,pqc,,USA,high,payroll,low,delete,0,14,4.07,0,0,0
2025-09-23 11:55:40,user_694,third_party,pqc,92.0,India,high,logs,low,write,0,19,17.84,0,0,0
2025-09-23 11:55:50,user_695,employee,classical,,Unknown,medium,logs,low,delete,0,22,5.7,2,1,0
2025-09-23 11:56:00,user_696,service,classical,,India,high,customer_kyc,high,update,0,16,13.81,3,0,0
2025-09-23 11:56:10,user_697,third_party,pqc,92.0,Unknown,low,transaction,low,delete,57852,15,4.27,0,1,0
2025-09-23 11:56:20,user_698,third_party,pqc,40.0,India,low,payroll,high,write,0,22,14.46,1,1,1
2025-09-23 11:56:30,user_699,guest,classical,,India,high,customer_kyc,high,update,0,20,19.15,1,0,1
2025-09-23 11:56:40,user_700,employee,classical,,USA,medium,transaction,high,read,0,18,8.14,3,0,0
2025-09-23 11:56:50,user_701,service,pqc,,EU,medium,backend_sync,low,update,0,24,12.19,1,0,0
2025-09-23 11:57:00,user_702,admin,pqc,,USA,medium,catalog,high,delete,0,17,6.14,1,0,0
2025-09-23 11:57:10,user_703,auditor,pqc,,EU,high,backend_sync,medium,update,0,22,14.15,0,1,0
2025-09-23 11:57:20,user_704,guest,classical,,EU,low,transaction,high,read,127789,22,18.12,1,1,1
2025-09-23 11:57:30,user_705,guest,pqc,,USA,low,payroll,low,update,0,17,14.59,0,0,0
2025-09-23 11:57:40,user_706,guest,pqc,,Unknown,medium,customer_kyc,low,write,0,23,16.85,0,1,1
2025-09-23 11:57:50,user_707,employee,classical,,India,high,catalog,low,read,0,11,13.48,2,0,0
2025-09-23 11:58:00,user_708,guest,pqc,,Unknown,high,logs,medium,write,0,23,13.9,0,0,0
2025-09-23 11:58:10,user_709,service,classical,,USA,medium,transaction,medium,update,133825,19,9.8,0,0,1
2025-09-23 11:58:20,user_710,admin,pqc,,USA,medium,backend_sync,low,read,0,17,4.65,1,0,0
2025-09-23 11:58:30,user_711,employee,pqc,,USA,low,catalog,medium,read,0,17,19.56,1,0,0
2025-09-23 11:58:40,user_712,third_party,classical,40.0,Unknown,low,logs,medium,delete,0,26,10.06,0,0,1
2025-09-23 11:58:50,user_713,guest,pqc,,USA,low,payroll,high,write,0,13,24.34,0,1,1
2025-09-23 11:59:00,user_714,auditor,classical,,EU,medium,transaction,medium,delete,0,28,12.21,0,1,0
2025-09-23 11:59:10,user_715,employee,classical,,USA,low,logs,low,read,0,20,6.33,3,1,0
2025-09-23 11:59:20,user_716,third_party,classical,92.0,Unknown,high,logs,medium,update,0,29,13.26,2,1,0
2025-09-23 11:59:30,user_717,employee,classical,,USA,high,customer_kyc,high,delete,0,23,4.31,2,0,0
2025-09-23 11:59:40,user_718,third_party,classical,65.0,EU,medium,catalog,low,update,0,14,6.2,1,0,0
2025-09-23 11:59:50,user_719,admin,classical,,EU,low,transaction,medium,delete,0,24,11.44,0,0,0
2025-09-23 12:00:00,user_720,auditor,classical,,India,medium,catalog,high,read,0,23,15.85,2,1,0
2025-09-23 12:00:10,user_721,admin,pqc,,EU,medium,customer_kyc,high,update,0,12,10.67,1,1,0
2025-09-23 12:00:20,user_722,guest,pqc,,Unknown,low,transaction,medium,write,42286,18,8.59,0,0,1
2025-09-23 12:00:30,user_723,admin,classical,,EU,low,logs,low,update,0,19,6.9,4,1,0
2025-09-23 12:00:40,user_724,employee,pqc,,EU,high,transaction,medium,update,142709,17,16.03,0,0,1
2025-09-23 12:00:50,user_725,employee,classical,,Unknown,low,transaction,high,delete,0,14,15.71,0,1,1
2025-09-23 12:01:00,user_726,third_party,classical,92.0,Unknown,low,logs,medium,update,0,21,15.18,2,0,0
2025-09-23 12:01:10,user_727,third_party,classical,65.0,India,low,catalog,high,delete,0,22,14.1,0,1,1
2025-09-23 12:01:20,user_728,third_party,classical,65.0,EU,high,payroll,medium,update,0,17,15.23,0,0,0
2025-09-23 12:01:30,user_729,service,pqc,,USA,medium,catalog,high,read,0,13,11.75,1,1,0
2025-09-23 12:01:40,user_730,admin,pqc,,Unknown,medium,customer_kyc,medium,update,0,13,10.98,1,0,0
2025-09-23 12:01:50,user_731,guest,classical,,Unknown,low,transaction,medium,read,80198,22,5.48,0,1,1
2025-09-23 12:02:00,user_732,guest,pqc,,EU,low,customer_kyc,low,write,0,20,5.81,3,1,1
2025-09-23 12:02:10,user_733,third_party,classical,65.0,USA,high,backend_sync,low,delete,0,23,4.6,1,1,0
2025-09-23 12:02:20,user_734,guest,classical,,EU,low,backend_sync,high,delete,0,15,0.13,1,0,1
2025-09-23 12:02:30,user_735,guest,pqc,,USA,low,transaction,medium,write,81749,17,14.04,2,0,1
2025-09-23 12:02:40,user_736,guest,classical,,Unknown,medium,catalog,low,read,0,22,8.58,2,0,0
2025-09-23 12:02:50,user_737,employee,classical,,India,high,backend_sync,high,delete,0,14,17.95,1,1,0
2025-09-23 12:03:00,user_738,third_party,pqc,40.0,EU,high,backend_sync,medium,update,0,11,3.75,2,1,1
2025-09-23 12:03:10,user_739,third_party,pqc,92.0,India,low,transaction,low,delete,0,18,10.11,0,1,0
2025-09-23 12:03:20,user_740,guest,classical,,India,low,payroll,medium,read,0,26,17.92,1,1,0
2025-09-23 12:03:30,user_741,admin,classical,,Unknown,low,payroll,medium,update,0,29,4.41,1,1,0
2025-09-23 12:03:40,user_742,third_party,pqc,65.0,Unknown,low,customer_kyc,low,write,0,20,1.02,0,0,0
2025-09-23 12:03:50,user_743,employee,pqc,,USA,medium,customer_kyc,medium,write,0,14,17.45,0,0,0
2025-09-23 12:04:00,user_744,admin,classical,,India,high,backend_sync,medium,delete,0,23,10.4,2,0,0
2025-09-23 12:04:10,user_745,admin,classical,,Unknown,medium,backend_sync,low,delete,0,18,6.59,1,0,0
2025-09-23 12:04:20,user_746,third_party,pqc,65.0,Unknown,medium,logs,high,write,0,21,2.12,0,0,0
2025-09-23 12:04:30,user_747,guest,pqc,,EU,low,payroll,medium,delete,0,15,5.99,1,1,0
2025-09-23 12:04:40,user_748,admin,classical,,Unknown,low,logs,high,delete,0,29,16.01,0,0,1
2025-09-23 12:04:50,user_749,employee,pqc,,Unknown,low,transaction,low,read,65285,20,11.59,2,0,0
2025-09-23 12:05:00,user_750,service,pqc,,India,medium,payroll,high,delete,0,29,12.8,0,1,0
2025-09-23 12:05:10,user_751,guest,pqc,,USA,medium,logs,medium,update,0,19,5.93,2,0,0
2025-09-23 12:05:20,user_752,admin,pqc,,USA,high,backend_sync,medium,write,0,20,7.05,0,0,0
2025-09-23 12:05:30,user_753,service,pqc,,India,medium,catalog,high,write,0,19,14.22,1,0,0
2025-09-23 12:05:40,user_754,auditor,pqc,,EU,low,logs,medium,update,0,21,3.54,1,0,0
2025-09-23 12:05:50,user_755,service,classical,,EU,low,backend_sync,high,delete,0,21,7.34,2,1,1
2025-09-23 12:06:00,user_756,employee,pqc,,EU,medium,customer_kyc,low,read,0,22,2.39,2,1,0
2025-09-23 12:06:10,user_757,admin,classical,,EU,medium,catalog,medium,write,0,16,18.73,1,1,0
2025-09-23 12:06:20,user_758,service,classical,,EU,low,backend_sync,medium,read,0,11,10.7,0,1,0
2025-09-23 12:06:30,user_759,admin,classical,,EU,medium,catalog,medium,update,0,22,17.94,1,1,0
2025-09-23 12:06:40,user_760,service,classical,,Unknown,low,backend_sync,medium,delete,0,15,7.31,1,1,0
2025-09-23 12:06:50,user_761,employee,pqc,,India,medium,catalog,medium,update,0,20,9.32,1,0,0
2025-09-23 12:07:00,user_762,admin,pqc,,Unknown,low,backend_sync,medium,update,0,20,10.63,2,1,0
2025-09-23 12:07:10,user_763,auditor,classical,,USA,low,payroll,medium,delete,0,31,6.33,0,0,0
2025-09-23 12:07:20,user_764,service,classical,,USA,low,backend_sync,high,update,0,9,20.52,0,0,1
2025-09-23 12:07:30,user_765,service,classical,,India,high,catalog,high,read,0,29,12.98,0,1,0
2025-09-23 12:07:40,user_766,auditor,classical,,USA,medium,customer_kyc,high,read,0,12,1.81,0,0,0
2025-09-23 12:07:50,user_767,admin,classical,,India,low,transaction,high,write,0,30,10.6,1,0,1
2025-09-23 12:08:00,user_768,service,classical,,USA,medium,catalog,low,read,0,12,15.77,1,1,0
2025-09-23 12:08:10,user_769,auditor,pqc,,USA,medium,customer_kyc,high,update,0,19,16.93,0,0,0
2025-09-23 12:08:20,user_770,third_party,pqc,65.0,USA,high,logs,medium,write,0,15,10.55,1,0,0
2025-09-23 12:08:30,user_771,third_party,classical,92.0,Unknown,high,backend_sync,medium,read,0,18,12.54,0,1,0
2025-09-23 12:08:40,user_772,employee,classical,,Unknown,low,logs,high,read,0,15,12.56,2,0,1
2025-09-23 12:08:50,user_773,admin,pqc,,Unknown,high,catalog,high,read,0,17,19.68,2,0,0
2025-09-23 12:09:00,user_774,service,pqc,,USA,high,backend_sync,medium,delete,0,16,11.61,0,0,0
2025-09-23 12:09:10,user_775,guest,pqc,,Unknown,medium,catalog,low,read,0,24,9.69,1,0,0
2025-09-23 12:09:20,user_776,admin,pqc,,Unknown,high,payroll,low,update,0,21,11.7,0,1,0
2025-09-23 12:09:30,user_777,service,pqc,,Unknown,high,backend_sync,low,read,0,23,11.41,1,1,0
2025-09-23 12:09:40,user_778,guest,pqc,,India,medium,logs,low,write,0,19,5.17,0,0,0
2025-09-23 12:09:50,user_779,guest,classical,,Unknown,low,customer_kyc,medium,delete,0,18,18.15,1,0,1
2025-09-23 12:10:00,user_780,service,pqc,,Unknown,high,backend_sync,medium,write,0,18,4.1,1,0,0
2025-09-23 12:10:10,user_781,admin,classical,,India,low,payroll,high,delete,0,21,11.32,1,1,1
2025-09-23 12:10:20,user_782,admin,pqc,,Unknown,low,catalog,high,read,0,18,1.89,2,1,1
2025-09-23 12:10:30,user_783,admin,pqc,,India,medium,transaction,high,delete,0,23,12.17,1,0,0
2025-09-23 12:10:40,user_784,admin,classical,,EU,medium,backend_sync,high,delete,0,17,11.73,0,0,0
2025-09-23 12:10:50,user_785,employee,classical,,India,high,backend_sync,high,update,0,17,22.56,0,0,0
2025-09-23 12:11:00,user_786,third_party,classical,92.0,India,high,transaction,medium,write,54121,15,11.16,1,1,0
2025-09-23 12:11:10,user_787,service,pqc,,USA,high,backend_sync,low,write,0,20,6.22,0,1,0
2025-09-23 12:11:20,user_788,employee,classical,,EU,medium,transaction,high,update,38024,21,16.27,1,0,0
2025-09-23 12:11:30,user_789,service,pqc,,EU,medium,customer_kyc,low,read,0,27,11.96,0,0,0
2025-09-23 12:11:40,user_790,admin,pqc,,EU,high,catalog,high,read,0,17,5.92,1,0,0
2025-09-23 12:11:50,user_791,employee,classical,,USA,medium,backend_sync,medium,write,0,19,4.67,0,0,0
2025-09-23 12:12:00,user_792,employee,pqc,,Unknown,medium,customer_kyc,high,read,0,13,2.55,0,0,0
2025-09-23 12:12:10,user_793,service,pqc,,India,low,logs,medium,delete,0,19,10.47,0,0,0
2025-09-23 12:12:20,user_794,guest,classical,,EU,high,payroll,high,update,0,22,9.46,2,0,0
2025-09-23 12:12:30,user_795,third_party,classical,40.0,USA,high,customer_kyc,high,write,0,23,15.0,1,1,1
2025-09-23 12:12:40,user_796,third_party,classical,65.0,EU,low,transaction,high,update,55942,16,20.25,0,1,1
2025-09-23 12:12:50,user_797,auditor,pqc,,India,high,backend_sync,high,write,0,17,10.0,0,0,0
2025-09-23 12:13:00,user_798,admin,pqc,,India,high,customer_kyc,low,delete,0,29,13.46,2,1,0
2025-09-23 12:13:10,user_799,third_party,classical,92.0,USA,high,transaction,medium,write,63159,14,13.67,2,0,0
2025-09-23 12:13:20,user_800,third_party,classical,65.0,India,medium,payroll,medium,read,0,20,19.49,1,0,0
2025-09-23 12:13:30,user_801,employee,pqc,,EU,medium,logs,high,delete,0,19,5.26,0,0,0
2025-09-23 12:13:40,user_802,service,pqc,,USA,high,logs,high,read,0,18,2.46,0,0,0
2025-09-23 12:13:50,user_803,auditor,classical,,India,medium,catalog,medium,write,0,20,4.22,0,1,0
2025-09-23 12:14:00,user_804,employee,pqc,,EU,low,payroll,high,write,0,17,8.11,3,0,1
2025-09-23 12:14:10,user_805,third_party,pqc,92.0,EU,low,catalog,medium,update,0,22,13.59,1,1,0
2025-09-23 12:14:20,user_806,service,classical,,EU,medium,catalog,low,write,0,20,14.95,1,0,0
2025-09-23 12:14:30,user_807,guest,classical,,Unknown,high,transaction,medium,read,112594,30,6.92,4,1,1
2025-09-23 12:14:40,user_808,service,classical,,Unknown,medium,customer_kyc,high,read,0,26,15.15,1,1,0
2025-09-23 12:14:50,user_809,employee,classical,,USA,medium,customer_kyc,low,read,0,26,14.36,0,0,0
2025-09-23 12:15:00,user_810,third_party,pqc,65.0,EU,low,catalog,low,read,0,23,8.25,0,1,0
2025-09-23 12:15:10,user_811,employee,pqc,,EU,medium,backend_sync,medium,read,0,25,15.25,0,0,0
2025-09-23 12:15:20,user_812,third_party,pqc,40.0,India,medium,catalog,medium,write,0,23,5.7,3,0,1
2025-09-23 12:15:30,user_813,guest,pqc,,India,low,backend_sync,medium,read,0,25,21.47,1,0,0
2025-09-23 12:15:40,user_814,third_party,pqc,92.0,Unknown,low,transaction,medium,update,0,26,8.9,1,0,0
2025-09-23 12:15:50,user_815,employee,pqc,,EU,low,transaction,low,delete,0,31,5.36,1,0,0
2025-09-23 12:16:00,user_816,auditor,pqc,,USA,low,backend_sync,medium,update,0,17,4.89,0,0,0
2025-09-23 12:16:10,user_817,admin,pqc,,USA,medium,catalog,low,read,0,18,8.49,0,1,0
2025-09-23 12:16:20,user_818,service,pqc,,Unknown,low,logs,low,read,0,20,10.08,1,0,0
2025-09-23 12:16:30,user_819,third_party,classical,92.0,India,medium,customer_kyc,medium,read,0,12,15.24,1,0,0
2025-09-23 12:16:40,user_820,auditor,classical,,EU,medium,customer_kyc,high,read,0,19,12.55,1,1,0
2025-09-23 12:16:50,user_821,third_party,classical,65.0,Unknown,medium,catalog,medium,read,0,19,7.58,2,0,0
2025-09-23 12:17:00,user_822,admin,classical,,EU,low,backend_sync,medium,delete,0,19,7.71,0,1,0
2025-09-23 12:17:10,user_823,service,pqc,,Unknown,low,backend_sync,low,delete,0,19,9.2,0,1,0
2025-09-23 12:17:20,user_824,auditor,classical,,USA,high,logs,high,delete,0,27,6.43,0,1,0
2025-09-23 12:17:30,user_825,auditor,classical,,EU,medium,logs,medium,write,0,12,12.61,2,0,0
2025-09-23 12:17:40,user_826,service,pqc,,EU,high,backend_sync,low,write,0,20,17.14,1,0,0
2025-09-23 12:17:50,user_827,employee,classical,,India,medium,payroll,high,delete,0,16,2.63,0,1,0
2025-09-23 12:18:00,user_828,auditor,classical,,EU,low,backend_sync,high,update,0,24,19.52,3,1,1
2025-09-23 12:18:10,user_829,employee,pqc,,Unknown,low,customer_kyc,low,update,0,24,6.97,3,0,0
2025-09-23 12:18:20,user_830,admin,pqc,,Unknown,high,catalog,medium,write,0,16,11.44,0,0,0
2025-09-23 12:18:30,user_831,service,pqc,,USA,medium,logs,low,write,0,16,7.19,0,1,0
2025-09-23 12:18:40,user_832,auditor,classical,,Unknown,high,customer_kyc,low,read,0,25,4.68,0,1,0
2025-09-23 12:18:50,user_833,admin,pqc,,EU,medium,logs,high,update,0,12,6.05,1,0,0
2025-09-23 12:19:00,user_834,guest,classical,,EU,medium,customer_kyc,high,read,0,19,0.38,0,1,1
2025-09-23 12:19:10,user_835,service,classical,,Unknown,high,catalog,medium,read,0,30,9.57,0,1,0
2025-09-23 12:19:20,user_836,third_party,classical,65.0,Unknown,medium,catalog,medium,read,0,17,12.32,0,1,0
2025-09-23 12:19:30,user_837,auditor,pqc,,Unknown,low,transaction,high,delete,195387,22,7.25,0,1,1
2025-09-23 12:19:40,user_838,auditor,classical,,Unknown,low,catalog,high,read,0,27,10.91,0,0,1
2025-09-23 12:19:50,user_839,employee,pqc,,Unknown,low,logs,high,delete,0,31,16.52,1,0,1
2025-09-23 12:20:00,user_840,admin,pqc,,USA,medium,customer_kyc,low,delete,0,25,17.85,4,0,0
2025-09-23 12:20:10,user_841,employee,classical,,Unknown,medium,payroll,medium,read,0,17,10.34,1,1,0
2025-09-23 12:20:20,user_842,guest,pqc,,Unknown,low,backend_sync,medium,write,0,21,5.54,0,0,0
2025-09-23 12:20:30,user_843,admin,classical,,USA,medium,backend_sync,low,delete,0,20,12.57,2,0,0
2025-09-23 12:20:40,user_844,service,pqc,,Unknown,high,catalog,low,write,0,21,3.68,0,0,0
2025-09-23 12:20:50,user_845,admin,pqc,,Unknown,high,payroll,low,update,0,30,1.03,0,1,0
2025-09-23 12:21:00,user_846,guest,pqc,,USA,low,backend_sync,medium,read,0,15,8.0,2,1,0
2025-09-23 12:21:10,user_847,guest,classical,,USA,high,payroll,high,write,0,18,11.35,0,1,0
2025-09-23 12:21:20,user_848,third_party,classical,65.0,USA,high,transaction,medium,update,167788,22,8.99,0,0,1
2025-09-23 12:21:30,user_849,auditor,pqc,,India,low,customer_kyc,low,write,0,22,7.36,0,0,0
2025-09-23 12:21:40,user_850,guest,classical,,USA,medium,backend_sync,medium,update,0,21,5.16,0,1,0
2025-09-23 12:21:50,user_851,admin,pqc,,EU,high,customer_kyc,low,update,0,16,8.45,2,1,0
2025-09-23 12:22:00,user_852,third_party,pqc,40.0,USA,high,transaction,high,write,0,18,9.25,1,0,1
2025-09-23 12:22:10,user_853,third_party,pqc,65.0,India,high,customer_kyc,high,delete,0,18,2.83,0,1,0
2025-09-23 12:22:20,user_854,service,pqc,,EU,medium,payroll,low,update,0,23,10.71,0,0,0
2025-09-23 12:22:30,user_855,service,pqc,,India,low,transaction,high,write,0,18,7.11,0,0,1
2025-09-23 12:22:40,user_856,auditor,classical,,EU,high,transaction,medium,read,0,17,4.69,0,1,0
2025-09-23 12:22:50,user_857,third_party,classical,65.0,EU,high,transaction,low,read,32174,28,9.77,1,0,0
2025-09-23 12:23:00,user_858,admin,pqc,,India,high,transaction,low,write,0,23,10.7,1,0,0
2025-09-23 12:23:10,user_859,service,pqc,,India,high,customer_kyc,low,update,0,18,14.98,1,1,0
2025-09-23 12:23:20,user_860,auditor,classical,,EU,low,payroll,high,read,0,30,14.75,0,0,1
2025-09-23 12:23:30,user_861,guest,classical,,EU,medium,customer_kyc,low,read,0,16,11.22,0,0,1
2025-09-23 12:23:40,user_862,employee,pqc,,USA,low,payroll,high,delete,0,19,9.68,1,0,1
2025-09-23 12:23:50,user_863,employee,pqc,,Unknown,medium,customer_kyc,low,write,0,27,12.68,2,1,0
2025-09-23 12:24:00,user_864,admin,pqc,,India,medium,transaction,low,write,130975,19,15.97,3,1,1
2025-09-23 12:24:10,user_865,guest,classical,,India,medium,catalog,high,delete,0,25,7.22,0,1,0
2025-09-23 12:24:20,user_866,third_party,pqc,65.0,Unknown,high,payroll,medium,update,0,19,18.07,0,0,0
2025-09-23 12:24:30,user_867,admin,pqc,,USA,high,transaction,low,delete,0,22,8.39,2,1,0
2025-09-23 12:24:40,user_868,third_party,classical,40.0,India,high,catalog,medium,read,0,17,2.5,3,0,1
2025-09-23 12:24:50,user_869,admin,pqc,,EU,medium,customer_kyc,low,delete,0,20,9.54,2,0,0
2025-09-23 12:25:00,user_870,employee,pqc,,Unknown,medium,backend_sync,low,update,0,19,13.76,2,1,0
2025-09-23 12:25:10,user_871,auditor,pqc,,Unknown,medium,payroll,medium,write,0,23,4.06,3,1,0
2025-09-23 12:25:20,user_872,admin,classical,,USA,medium,catalog,high,write,0,18,8.25,2,0,0
2025-09-23 12:25:30,user_873,admin,classical,,India,medium,backend_sync,high,write,0,20,6.14,0,1,0
2025-09-23 12:25:40,user_874,guest,pqc,,EU,medium,payroll,low,read,0,26,12.69,0,0,0
2025-09-23 12:25:50,user_875,service,pqc,,Unknown,high,logs,low,delete,0,19,12.14,2,1,0
2025-09-23 12:26:00,user_876,guest,pqc,,USA,low,payroll,high,read,0,15,9.54,2,1,1
2025-09-23 12:26:10,user_877,admin,pqc,,Unknown,medium,catalog,medium,delete,0,19,8.8,2,0,0
2025-09-23 12:26:20,user_878,admin,classical,,USA,low,customer_kyc,medium,delete,0,17,6.96,0,0,0
2025-09-23 12:26:30,user_879,auditor,pqc,,Unknown,high,payroll,low,delete,0,20,11.82,1,1,0
2025-09-23 12:26:40,user_880,third_party,classical,40.0,India,medium,logs,medium,delete,0,18,10.38,1,1,1
2025-09-23 12:26:50,user_881,auditor,pqc,,India,high,payroll,high,write,0,22,10.62,1,1,0
2025-09-23 12:27:00,user_882,auditor,classical,,USA,medium,transaction,medium,update,94681,20,2.94,1,1,0
2025-09-23 12:27:10,user_883,admin,classical,,EU,high,backend_sync,medium,read,0,12,10.45,1,0,0
2025-09-23 12:27:20,user_884,auditor,classical,,USA,high,transaction,low,update,10798,17,12.75,2,1,0
2025-09-23 12:27:30,user_885,guest,pqc,,USA,high,backend_sync,medium,read,0,23,9.03,1,1,0
2025-09-23 12:27:40,user_886,third_party,pqc,40.0,USA,low,transaction,medium,read,0,28,18.22,1,1,1
2025-09-23 12:27:50,user_887,third_party,pqc,92.0,EU,low,logs,medium,delete,0,21,11.8,1,1,0
2025-09-23 12:28:00,user_888,service,classical,,EU,medium,logs,high,update,0,12,7.56,0,1,0
2025-09-23 12:28:10,user_889,employee,classical,,India,low,logs,medium,read,0,20,13.17,0,1,0
2025-09-23 12:28:20,user_890,third_party,classical,65.0,USA,high,backend_sync,medium,update,0,21,9.6,1,1,0
2025-09-23 12:28:30,user_891,employee,pqc,,Unknown,medium,payroll,low,delete,0,19,7.1,1,0,0
2025-09-23 12:28:40,user_892,admin,classical,,Unknown,high,backend_sync,low,delete,0,21,6.61,0,1,0
2025-09-23 12:28:50,user_893,service,pqc,,India,low,customer_kyc,medium,delete,0,13,8.41,4,0,0
2025-09-23 12:29:00,user_894,employee,classical,,USA,medium,catalog,medium,read,0,17,4.24,1,0,0
2025-09-23 12:29:10,user_895,third_party,pqc,65.0,USA,low,customer_kyc,medium,write,0,11,4.2,2,0,0
2025-09-23 12:29:20,user_896,admin,classical,,EU,high,customer_kyc,medium,delete,0,16,10.96,1,1,0
2025-09-23 12:29:30,user_897,guest,pqc,,Unknown,low,transaction,high,write,0,18,15.72,0,0,1
2025-09-23 12:29:40,user_898,auditor,pqc,,EU,low,transaction,low,delete,0,21,17.31,1,0,0
2025-09-23 12:29:50,user_899,auditor,pqc,,India,medium,logs,low,read,0,22,12.24,0,1,0
2025-09-23 12:30:00,user_900,service,classical,,EU,high,payroll,low,read,0,16,13.82,0,1,0
2025-09-23 12:30:10,user_901,third_party,classical,40.0,EU,low,transaction,medium,update,194262,15,15.64,1,0,1
2025-09-23 12:30:20,user_902,third_party,classical,65.0,EU,high,customer_kyc,high,update,0,22,8.18,0,1,0
2025-09-23 12:30:30,user_903,auditor,classical,,Unknown,low,logs,low,read,0,14,0.04,1,1,0
2025-09-23 12:30:40,user_904,guest,pqc,,Unknown,low,customer_kyc,medium,write,0,21,9.71,2,1,1
2025-09-23 12:30:50,user_905,third_party,pqc,40.0,USA,high,backend_sync,low,read,0,20,7.47,1,0,1
2025-09-23 12:31:00,user_906,service,classical,,USA,low,catalog,medium,update,0,22,9.43,0,0,0
2025-09-23 12:31:10,user_907,guest,classical,,Unknown,medium,transaction,medium,update,0,23,11.11,1,0,1
2025-09-23 12:31:20,user_908,auditor,classical,,EU,medium,backend_sync,medium,delete,0,24,9.19,0,0,0
2025-09-23 12:31:30,user_909,auditor,classical,,Unknown,medium,backend_sync,medium,update,0,22,6.88,2,1,0
2025-09-23 12:31:40,user_910,admin,classical,,USA,low,transaction,medium,delete,158841,19,6.62,1,1,1
2025-09-23 12:31:50,user_911,service,classical,,India,low,backend_sync,high,delete,0,21,4.53,1,0,1
2025-09-23 12:32:00,user_912,admin,pqc,,EU,low,logs,medium,read,0,11,3.64,0,0,0
2025-09-23 12:32:10,user_913,employee,classical,,EU,low,backend_sync,medium,update,0,19,9.51,2,1,0
2025-09-23 12:32:20,user_914,third_party,classical,65.0,USA,high,backend_sync,low,update,0,21,18.49,1,0,0
2025-09-23 12:32:30,user_915,admin,pqc,,USA,high,catalog,medium,write,0,22,6.6,1,0,0
2025-09-23 12:32:40,user_916,admin,classical,,India,medium,customer_kyc,medium,write,0,19,11.28,3,0,0
2025-09-23 12:32:50,user_917,third_party,pqc,40.0,USA,high,transaction,medium,write,0,20,12.42,2,1,1
2025-09-23 12:33:00,user_918,third_party,pqc,65.0,India,high,backend_sync,high,write,0,26,10.43,1,1,0
2025-09-23 12:33:10,user_919,service,pqc,,Unknown,high,catalog,high,write,0,16,6.27,1,1,0
2025-09-23 12:33:20,user_920,service,classical,,Unknown,high,catalog,high,read,0,17,7.84,0,1,0
2025-09-23 12:33:30,user_921,auditor,classical,,Unknown,high,logs,low,delete,0,14,13.97,2,0,0
2025-09-23 12:33:40,user_922,admin,pqc,,EU,medium,backend_sync,medium,write,0,15,9.12,2,1,0
2025-09-23 12:33:50,user_923,service,pqc,,USA,high,transaction,low,read,14661,26,12.46,2,0,0
2025-09-23 12:34:00,user_924,third_party,pqc,65.0,India,high,logs,low,delete,0,13,5.77,0,1,0
2025-09-23 12:34:10,user_925,service,pqc,,EU,low,transaction,low,write,0,14,7.08,1,1,0
2025-09-23 12:34:20,user_926,auditor,pqc,,EU,high,logs,low,delete,0,27,1.46,1,0,0
2025-09-23 12:34:30,user_927,auditor,classical,,USA,high,customer_kyc,medium,update,0,27,23.19,3,1,0
2025-09-23 12:34:40,user_928,third_party,pqc,65.0,USA,low,logs,low,update,0,19,1.77,0,0,0
2025-09-23 12:34:50,user_929,auditor,pqc,,EU,low,backend_sync,low,delete,0,11,13.02,0,0,0
2025-09-23 12:35:00,user_930,employee,classical,,India,high,customer_kyc,high,delete,0,15,1.48,0,1,0
2025-09-23 12:35:10,user_931,employee,pqc,,Unknown,high,catalog,high,delete,0,13,10.37,2,1,0
2025-09-23 12:35:20,user_932,service,pqc,,Unknown,medium,transaction,low,write,33415,21,8.4,0,0,0
2025-09-23 12:35:30,user_933,employee,pqc,,EU,high,backend_sync,low,update,0,19,10.12,2,0,0
2025-09-23 12:35:40,user_934,guest,classical,,EU,medium,transaction,high,delete,0,20,4.12,3,1,1
2025-09-23 12:35:50,user_935,admin,pqc,,India,medium,logs,low,read,0,16,8.32,1,1,0
2025-09-23 12:36:00,user_936,employee,classical,,India,medium,backend_sync,low,delete,0,18,8.02,0,1,0
2025-09-23 12:36:10,user_937,service,pqc,,India,medium,transaction,low,delete,0,19,4.35,2,0,0
2025-09-23 12:36:20,user_938,admin,pqc,,USA,high,backend_sync,high,delete,0,18,6.2,1,0,0
2025-09-23 12:36:30,user_939,third_party,pqc,92.0,EU,high,catalog,high,read,0,20,6.39,3,0,0
2025-09-23 12:36:40,user_940,third_party,pqc,65.0,USA,low,backend_sync,high,read,0,21,18.16,1,1,1
2025-09-23 12:36:50,user_941,third_party,pqc,40.0,EU,medium,backend_sync,high,update,0,19,13.11,1,0,1
2025-09-23 12:37:00,user_942,third_party,pqc,92.0,Unknown,medium,logs,low,delete,0,16,0.56,1,1,0
2025-09-23 12:37:10,user_943,auditor,classical,,Unknown,low,catalog,high,read,0,17,7.02,0,1,1
2025-09-23 12:37:20,user_944,third_party,classical,65.0,EU,medium,payroll,low,read,0,10,3.21,1,1,0
2025-09-23 12:37:30,user_945,third_party,classical,92.0,Unknown,medium,customer_kyc,high,update,0,15,4.6,2,1,0
2025-09-23 12:37:40,user_946,auditor,classical,,India,high,payroll,high,delete,0,16,13.8,0,1,0
2025-09-23 12:37:50,user_947,admin,pqc,,USA,medium,logs,low,read,0,22,17.65,2,0,0
2025-09-23 12:38:00,user_948,admin,pqc,,EU,high,catalog,high,read,0,25,9.3,0,1,0
2025-09-23 12:38:10,user_949,service,pqc,,USA,low,backend_sync,medium,delete,0,12,16.03,0,1,0
2025-09-23 12:38:20,user_950,auditor,classical,,EU,high,transaction,low,update,0,22,8.09,0,1,0
2025-09-23 12:38:30,user_951,guest,classical,,India,medium,transaction,high,write,172914,16,6.6,1,1,1
2025-09-23 12:38:40,user_952,service,pqc,,Unknown,medium,payroll,low,update,0,18,6.85,0,1,0
2025-09-23 12:38:50,user_953,auditor,classical,,EU,high,transaction,high,read,0,17,13.66,2,0,0
2025-09-23 12:39:00,user_954,employee,pqc,,EU,low,customer_kyc,medium,write,0,25,4.36,0,0,0
2025-09-23 12:39:10,user_955,auditor,pqc,,EU,medium,catalog,high,read,0,23,15.64,1,0,0
2025-09-23 12:39:20,user_956,employee,pqc,,Unknown,medium,transaction,medium,write,53779,23,14.69,0,1,0
2025-09-23 12:39:30,user_957,admin,pqc,,India,high,backend_sync,low,delete,0,19,7.05,2,1,0
2025-09-23 12:39:40,user_958,third_party,pqc,92.0,India,medium,catalog,medium,delete,0,22,12.11,0,0,0
2025-09-23 12:39:50,user_959,guest,classical,,Unknown,low,logs,low,read,0,20,17.78,2,1,0
2025-09-23 12:40:00,user_960,service,pqc,,Unknown,high,catalog,low,update,0,22,0.17,0,1,0
2025-09-23 12:40:10,user_961,service,pqc,,India,high,logs,low,write,0,20,9.59,0,1,0
2025-09-23 12:40:20,user_962,auditor,pqc,,EU,low,customer_kyc,low,update,0,19,6.99,3,1,0
2025-09-23 12:40:30,user_963,employee,pqc,,Unknown,medium,backend_sync,low,update,0,22,11.59,2,1,0
2025-09-23 12:40:40,user_964,employee,classical,,USA,low,backend_sync,high,delete,0,20,6.64,1,0,1
2025-09-23 12:40:50,user_965,employee,classical,,EU,low,catalog,high,delete,0,21,11.12,2,1,1
2025-09-23 12:41:00,user_966,auditor,classical,,EU,low,transaction,high,update,69369,13,10.39,1,0,1
2025-09-23 12:41:10,user_967,employee,classical,,India,medium,catalog,high,write,0,22,15.27,2,0,0
2025-09-23 12:41:20,user_968,guest,classical,,Unknown,medium,logs,medium,read,0,13,6.96,0,1,0
2025-09-23 12:41:30,user_969,employee,classical,,India,medium,catalog,high,read,0,21,7.98,1,0,0
2025-09-23 12:41:40,user_970,guest,classical,,India,high,backend_sync,high,write,0,23,3.01,1,1,0
2025-09-23 12:41:50,user_971,employee,pqc,,Unknown,low,catalog,low,read,0,17,16.11,0,0,0
2025-09-23 12:42:00,user_972,service,pqc,,USA,high,transaction,high,delete,0,23,12.44,1,0,0
2025-09-23 12:42:10,user_973,third_party,pqc,65.0,USA,low,customer_kyc,high,update,0,27,15.36,0,1,1
2025-09-23 12:42:20,user_974,auditor,classical,,EU,low,catalog,high,write,0,18,8.14,0,1,1
2025-09-23 12:42:30,user_975,third_party,pqc,65.0,Unknown,low,backend_sync,medium,read,0,19,19.24,2,0,0
2025-09-23 12:42:40,user_976,admin,classical,,India,medium,logs,medium,write,0,20,9.66,1,1,0
2025-09-23 12:42:50,user_977,admin,pqc,,India,low,backend_sync,high,read,0,22,11.15,1,1,1
2025-09-23 12:43:00,user_978,third_party,pqc,92.0,USA,low,backend_sync,medium,update,0,17,8.39,3,1,0
2025-09-23 12:43:10,user_979,guest,classical,,Unknown,medium,backend_sync,high,delete,0,19,10.54,2,1,0
2025-09-23 12:43:20,user_980,service,pqc,,EU,medium,transaction,high,update,0,19,8.3,1,1,0
2025-09-23 12:43:30,user_981,employee,classical,,USA,low,logs,low,write,0,19,12.5,1,0,0
2025-09-23 12:43:40,user_982,admin,pqc,,EU,medium,backend_sync,medium,read,0,24,7.53,0,0,0
2025-09-23 12:43:50,user_983,auditor,pqc,,USA,high,transaction,low,read,118633,11,7.51,1,0,1
2025-09-23 12:44:00,user_984,third_party,pqc,65.0,EU,low,payroll,low,write,0,25,15.47,0,1,0
2025-09-23 12:44:10,user_985,auditor,classical,,Unknown,low,backend_sync,high,read,0,22,1.46,2,1,1
2025-09-23 12:44:20,user_986,guest,classical,,USA,medium,transaction,high,delete,0,18,11.92,3,0,1
2025-09-23 12:44:30,user_987,admin,pqc,,EU,medium,customer_kyc,medium,read,0,21,5.98,3,1,0
2025-09-23 12:44:40,user_988,service,pqc,,Unknown,medium,payroll,medium,delete,0,23,14.49,0,1,0
2025-09-23 12:44:50,user_989,service,pqc,,Unknown,high,customer_kyc,low,write,0,31,3.16,1,1,0
2025-09-23 12:45:00,user_990,service,pqc,,EU,low,payroll,low,read,0,23,9.83,1,0,0
2025-09-23 12:45:10,user_991,third_party,pqc,92.0,India,low,customer_kyc,low,update,0,20,2.03,0,1,0
2025-09-23 12:45:20,user_992,admin,classical,,USA,low,logs,high,write,0,22,12.36,2,0,1
2025-09-23 12:45:30,user_993,auditor,pqc,,USA,medium,logs,medium,read,0,19,5.59,1,0,0
2025-09-23 12:45:40,user_994,employee,pqc,,India,medium,logs,high,write,0,17,2.08,1,1,0
2025-09-23 12:45:50,user_995,admin,classical,,USA,high,transaction,medium,delete,151224,27,12.06,2,1,1
2025-09-23 12:46:00,user_996,auditor,pqc,,Unknown,low,payroll,high,write,0,29,5.36,0,1,1
2025-09-23 12:46:10,user_997,third_party,pqc,65.0,EU,low,logs,high,delete,0,13,7.05,0,0,1
2025-09-23 12:46:20,user_998,third_party,pqc,40.0,India,low,catalog,low,update,0,19,4.28,0,0,1
2025-09-23 12:46:30,user_999,employee,classical,,USA,low,backend_sync,high,read,0,25,12.71,1,0,1
2025-09-23 12:46:40,user_1000,guest,classical,,EU,medium,payroll,high,read,0,22,3.06,0,0,0
2025-09-23 12:46:50,user_1001,admin,pqc,,EU,high,backend_sync,low,delete,0,19,13.82,3,0,0
2025-09-23 12:47:00,user_1002,guest,pqc,,Unknown,low,transaction,medium,read,90117,23,4.55,1,0,1
2025-09-23 12:47:10,user_1003,third_party,classical,92.0,USA,medium,logs,high,read,0,18,13.97,1,0,0
2025-09-23 12:47:20,user_1004,auditor,classical,,EU,medium,transaction,high,update,0,17,10.66,1,0,0
2025-09-23 12:47:30,user_1005,guest,pqc,,EU,high,backend_sync,high,update,0,11,9.43,3,1,0
2025-09-23 12:47:40,user_1006,admin,pqc,,EU,medium,logs,medium,delete,0,23,17.25,0,0,0
2025-09-23 12:47:50,user_1007,admin,classical,,EU,low,payroll,high,delete,0,25,2.87,1,1,1
2025-09-23 12:48:00,user_1008,admin,pqc,,India,medium,catalog,low,delete,0,21,13.96,1,0,0
2025-09-23 12:48:10,user_1009,third_party,classical,40.0,Unknown,low,customer_kyc,high,update,0,17,7.15,3,0,1
2025-09-23 12:48:20,user_1010,employee,classical,,USA,low,catalog,medium,read,0,32,7.02,0,0,0
2025-09-23 12:48:30,user_1011,employee,pqc,,EU,high,payroll,medium,delete,0,25,8.5,0,0,0
2025-09-23 12:48:40,user_1012,admin,pqc,,USA,low,customer_kyc,high,read,0,22,7.17,0,1,1
2025-09-23 12:48:50,user_1013,auditor,pqc,,Unknown,medium,backend_sync,high,update,0,11,14.16,2,0,0
2025-09-23 12:49:00,user_1014,employee,classical,,USA,high,catalog,low,read,0,25,15.11,0,0,0
2025-09-23 12:49:10,user_1015,service,pqc,,Unknown,high,payroll,low,update,0,18,14.59,0,1,0
2025-09-23 12:49:20,user_1016,service,pqc,,Unknown,medium,customer_kyc,low,update,0,18,9.96,1,1,0
2025-09-23 12:49:30,user_1017,employee,pqc,,USA,high,backend_sync,high,read,0,24,10.79,1,1,0
2025-09-23 12:49:40,user_1018,admin,classical,,EU,medium,payroll,low,delete,0,21,4.54,0,1,0
2025-09-23 12:49:50,user_1019,guest,classical,,India,low,transaction,low,delete,0,16,8.73,1,1,1
2025-09-23 12:50:00,user_1020,third_party,pqc,65.0,Unknown,high,backend_sync,high,read,0,20,8.67,1,1,0
2025-09-23 12:50:10,user_1021,employee,pqc,,India,high,backend_sync,high,update,0,21,15.18,1,1,0
2025-09-23 12:50:20,user_1022,employee,classical,,USA,low,customer_kyc,high,delete,0,19,18.34,0,1,1
2025-09-23 12:50:30,user_1023,admin,pqc,,Unknown,low,backend_sync,low,write,0,25,7.94,0,0,0
2025-09-23 12:50:40,user_1024,employee,pqc,,India,medium,payroll,low,delete,0,16,8.46,0,0,0
2025-09-23 12:50:50,user_1025,guest,classical,,EU,high,payroll,high,read,0,26,16.0,1,0,0
2025-09-23 12:51:00,user_1026,auditor,classical,,USA,high,backend_sync,high,update,0,16,0.09,3,1,0
2025-09-23 12:51:10,user_1027,admin,pqc,,India,medium,catalog,medium,update,0,23,4.16,1,0,0
2025-09-23 12:51:20,user_1028,service,pqc,,Unknown,medium,payroll,high,write,0,19,8.76,2,0,0
2025-09-23 12:51:30,user_1029,auditor,pqc,,Unknown,medium,transaction,medium,write,0,21,13.13,1,0,0
2025-09-23 12:51:40,user_1030,service,classical,,Unknown,high,customer_kyc,high,write,0,22,6.54,0,1,0
2025-09-23 12:51:50,user_1031,auditor,classical,,India,high,catalog,medium,read,0,19,13.44,1,1,0
2025-09-23 12:52:00,user_1032,auditor,classical,,India,medium,customer_kyc,medium,read,0,20,13.26,0,1,0
2025-09-23 12:52:10,user_1033,guest,classical,,India,low,payroll,medium,read,0,32,1.84,1,1,0
2025-09-23 12:52:20,user_1034,guest,classical,,India,high,transaction,medium,update,0,23,15.16,1,0,1
2025-09-23 12:52:30,user_1035,admin,pqc,,India,medium,payroll,low,delete,0,18,17.82,2,0,0
2025-09-23 12:52:40,user_1036,admin,classical,,India,medium,catalog,medium,read,0,22,6.02,1,1,0
2025-09-23 12:52:50,user_1037,employee,classical,,Unknown,medium,catalog,medium,read,0,32,5.25,0,1,0
2025-09-23 12:53:00,user_1038,service,classical,,Unknown,low,logs,low,write,0,25,12.17,1,0,0
2025-09-23 12:53:10,user_1039,admin,classical,,India,low,customer_kyc,low,write,0,22,7.46,1,1,0
2025-09-23 12:53:20,user_1040,auditor,pqc,,Unknown,low,payroll,medium,write,0,25,9.38,2,0,0
2025-09-23 12:53:30,user_1041,employee,classical,,India,high,logs,low,delete,0,27,12.94,3,1,0
2025-09-23 12:53:40,user_1042,auditor,classical,,EU,medium,logs,low,update,0,10,21.94,1,1,0
2025-09-23 12:53:50,user_1043,auditor,classical,,EU,high,customer_kyc,low,read,0,31,15.92,0,1,0
2025-09-23 12:54:00,user_1044,auditor,classical,,EU,low,customer_kyc,high,update,0,28,0.17,1,0,1
2025-09-23 12:54:10,user_1045,service,pqc,,Unknown,low,backend_sync,medium,update,0,22,20.56,2,1,0
2025-09-23 12:54:20,user_1046,third_party,pqc,92.0,EU,high,catalog,high,delete,0,22,11.45,0,0,0
2025-09-23 12:54:30,user_1047,service,classical,,EU,medium,payroll,high,write,0,12,14.79,0,1,0
2025-09-23 12:54:40,user_1048,service,pqc,,Unknown,high,catalog,high,read,0,24,10.01,1,1,0
2025-09-23 12:54:50,user_1049,admin,classical,,USA,high,payroll,high,write,0,14,12.07,1,1,0
2025-09-23 12:55:00,user_1050,third_party,classical,65.0,USA,high,transaction,high,write,0,19,8.82,1,1,0
2025-09-23 12:55:10,user_1051,service,classical,,USA,low,customer_kyc,high,write,0,23,7.97,1,0,1
2025-09-23 12:55:20,user_1052,employee,pqc,,India,high,backend_sync,high,delete,0,24,3.65,2,0,0
2025-09-23 12:55:30,user_1053,auditor,classical,,USA,medium,customer_kyc,medium,update,0,26,13.34,0,0,0
2025-09-23 12:55:40,user_1054,guest,pqc,,India,high,customer_kyc,high,write,0,19,15.15,0,0,1
2025-09-23 12:55:50,user_1055,guest,pqc,,USA,medium,payroll,medium,write,0,20,13.98,3,0,0
2025-09-23 12:56:00,user_1056,guest,classical,,USA,high,logs,high,read,0,19,6.38,2,1,0
2025-09-23 12:56:10,user_1057,employee,pqc,,EU,low,transaction,medium,read,44891,19,5.91,1,1,0
2025-09-23 12:56:20,user_1058,third_party,pqc,40.0,EU,medium,backend_sync,medium,delete,0,16,0.45,0,1,1
2025-09-23 12:56:30,user_1059,third_party,pqc,92.0,Unknown,low,payroll,low,read,0,17,9.15,1,0,0
2025-09-23 12:56:40,user_1060,employee,pqc,,EU,medium,customer_kyc,medium,delete,0,21,6.25,1,1,0
2025-09-23 12:56:50,user_1061,guest,classical,,USA,medium,payroll,high,write,0,17,0.22,1,0,0
2025-09-23 12:57:00,user_1062,auditor,pqc,,USA,high,payroll,high,delete,0,16,9.72,1,1,0
2025-09-23 12:57:10,user_1063,third_party,pqc,65.0,Unknown,medium,catalog,medium,delete,0,21,8.32,1,1,0
2025-09-23 12:57:20,user_1064,third_party,classical,65.0,EU,medium,customer_kyc,medium,read,0,25,8.29,1,0,0
2025-09-23 12:57:30,user_1065,auditor,classical,,USA,high,transaction,high,read,0,27,14.34,0,0,0
2025-09-23 12:57:40,user_1066,auditor,classical,,USA,medium,logs,low,update,0,20,9.69,2,0,0
2025-09-23 12:57:50,user_1067,service,classical,,USA,high,logs,medium,update,0,23,11.21,1,1,0
2025-09-23 12:58:00,user_1068,third_party,classical,92.0,Unknown,low,payroll,high,delete,0,22,10.25,0,0,1
2025-09-23 12:58:10,user_1069,service,classical,,Unknown,high,payroll,low,delete,0,15,17.45,1,1,0
2025-09-23 12:58:20,user_1070,auditor,classical,,USA,high,catalog,low,delete,0,20,13.43,2,0,0
2025-09-23 12:58:30,user_1071,third_party,pqc,65.0,India,medium,customer_kyc,low,write,0,18,9.29,2,0,0
2025-09-23 12:58:40,user_1072,third_party,pqc,40.0,USA,high,catalog,medium,delete,0,20,12.66,1,1,1
2025-09-23 12:58:50,user_1073,auditor,classical,,India,high,customer_kyc,medium,delete,0,10,10.74,0,1,0
2025-09-23 12:59:00,user_1074,employee,pqc,,India,low,catalog,high,delete,0,23,8.62,0,0,1
2025-09-23 12:59:10,user_1075,auditor,pqc,,USA,high,customer_kyc,high,write,0,16,11.34,0,0,0
2025-09-23 12:59:20,user_1076,service,pqc,,India,high,customer_kyc,high,delete,0,20,7.33,2,1,0
2025-09-23 12:59:30,user_1077,employee,classical,,USA,low,payroll,high,delete,0,21,10.75,0,0,1
2025-09-23 12:59:40,user_1078,auditor,classical,,EU,medium,catalog,medium,write,0,17,8.42,1,0,0
2025-09-23 12:59:50,user_1079,employee,pqc,,Unknown,low,transaction,medium,write,0,24,8.81,0,1,0
2025-09-23 13:00:00,user_1080,third_party,pqc,40.0,EU,low,payroll,medium,write,0,14,14.97,3,1,1
2025-09-23 13:00:10,user_1081,auditor,classical,,India,high,catalog,high,delete,0,16,16.87,0,0,0
2025-09-23 13:00:20,user_1082,guest,pqc,,Unknown,medium,catalog,low,read,0,12,13.75,1,0,0
2025-09-23 13:00:30,user_1083,auditor,pqc,,USA,low,backend_sync,medium,delete,0,30,9.13,0,0,0
2025-09-23 13:00:40,user_1084,third_party,classical,65.0,EU,low,backend_sync,medium,delete,0,19,4.68,1,0,0
2025-09-23 13:00:50,user_1085,service,classical,,Unknown,low,transaction,high,write,72768,15,9.95,1,0,1
2025-09-23 13:01:00,user_1086,service,classical,,Unknown,medium,payroll,high,update,0,24,7.52,0,0,0
2025-09-23 13:01:10,user_1087,admin,pqc,,Unknown,medium,customer_kyc,medium,write,0,22,4.23,2,0,0
2025-09-23 13:01:20,user_1088,third_party,classical,65.0,India,low,backend_sync,low,delete,0,21,3.64,1,1,0
2025-09-23 13:01:30,user_1089,service,pqc,,EU,medium,transaction,high,update,0,22,11.06,3,1,0
2025-09-23 13:01:40,user_1090,service,pqc,,Unknown,medium,transaction,high,write,188061,21,12.94,0,0,1
2025-09-23 13:01:50,user_1091,third_party,pqc,92.0,EU,high,transaction,low,read,0,24,17.07,0,1,0
2025-09-23 13:02:00,user_1092,employee,classical,,India,low,logs,high,delete,0,19,15.48,2,1,1
2025-09-23 13:02:10,user_1093,employee,classical,,India,low,payroll,high,delete,0,16,0.96,1,0,1
2025-09-23 13:02:20,user_1094,service,classical,,Unknown,low,logs,medium,read,0,13,3.04,1,0,0
2025-09-23 13:02:30,user_1095,admin,pqc,,EU,high,logs,high,write,0,21,16.42,1,0,0
2025-09-23 13:02:40,user_1096,admin,pqc,,India,high,logs,high,read,0,18,12.44,2,0,0
2025-09-23 13:02:50,user_1097,admin,classical,,EU,high,catalog,low,read,0,16,7.72,2,1,0
2025-09-23 13:03:00,user_1098,auditor,classical,,EU,low,catalog,medium,read,0,19,12.62,0,0,0
2025-09-23 13:03:10,user_1099,employee,classical,,USA,medium,customer_kyc,high,delete,0,18,9.36,1,1,0
2025-09-23 13:03:20,user_1100,admin,pqc,,EU,medium,customer_kyc,high,update,0,24,17.64,1,1,0
2025-09-23 13:03:30,user_1101,admin,classical,,EU,medium,logs,low,delete,0,18,9.59,2,0,0
2025-09-23 13:03:40,user_1102,service,classical,,USA,high,payroll,medium,delete,0,20,5.37,3,0,0
2025-09-23 13:03:50,user_1103,auditor,classical,,USA,low,catalog,high,update,0,20,5.2,0,0,1
2025-09-23 13:04:00,user_1104,guest,pqc,,Unknown,low,backend_sync,low,write,0,12,9.43,1,0,0
2025-09-23 13:04:10,user_1105,employee,classical,,India,medium,customer_kyc,low,delete,0,20,12.83,0,0,0
2025-09-23 13:04:20,user_1106,guest,classical,,India,high,logs,medium,update,0,23,9.14,0,0,0
2025-09-23 13:04:30,user_1107,employee,pqc,,EU,low,transaction,high,delete,194791,16,3.2,2,0,1
2025-09-23 13:04:40,user_1108,auditor,pqc,,India,low,catalog,low,update,0,12,10.29,1,0,0
2025-09-23 13:04:50,user_1109,employee,pqc,,USA,high,customer_kyc,low,read,0,20,11.42,3,0,0
2025-09-23 13:05:00,user_1110,service,classical,,Unknown,low,logs,high,delete,0,19,7.63,1,0,1
2025-09-23 13:05:10,user_1111,admin,pqc,,India,high,transaction,low,write,0,20,10.95,1,0,0
2025-09-23 13:05:20,user_1112,employee,classical,,EU,low,transaction,medium,delete,0,15,12.46,0,0,0
2025-09-23 13:05:30,user_1113,employee,pqc,,EU,low,customer_kyc,medium,update,0,16,14.94,4,1,0
2025-09-23 13:05:40,user_1114,service,classical,,USA,medium,transaction,medium,delete,0,20,8.71,1,1,0
2025-09-23 13:05:50,user_1115,third_party,pqc,65.0,Unknown,high,catalog,high,delete,0,23,1.93,1,0,0
2025-09-23 13:06:00,user_1116,auditor,classical,,EU,medium,catalog,medium,update,0,19,9.93,0,1,0
2025-09-23 13:06:10,user_1117,auditor,pqc,,Unknown,high,logs,high,delete,0,19,0.99,2,0,0
2025-09-23 13:06:20,user_1118,employee,classical,,India,high,payroll,low,update,0,26,8.37,0,1,0
2025-09-23 13:06:30,user_1119,third_party,pqc,65.0,Unknown,low,logs,medium,delete,0,20,13.7,0,0,0
2025-09-23 13:06:40,user_1120,third_party,classical,65.0,India,medium,payroll,high,write,0,18,3.65,1,1,0
2025-09-23 13:06:50,user_1121,service,pqc,,Unknown,low,backend_sync,medium,read,0,27,7.81,2,1,0
2025-09-23 13:07:00,user_1122,third_party,classical,40.0,EU,medium,transaction,medium,read,0,11,4.11,2,1,1
2025-09-23 13:07:10,user_1123,guest,pqc,,EU,medium,customer_kyc,low,write,0,21,8.9,3,0,1
2025-09-23 13:07:20,user_1124,admin,classical,,Unknown,medium,backend_sync,low,read,0,21,1.33,0,0,0
2025-09-23 13:07:30,user_1125,third_party,classical,40.0,Unknown,medium,backend_sync,medium,delete,0,23,11.11,1,1,1
2025-09-23 13:07:40,user_1126,service,pqc,,India,high,backend_sync,low,update,0,11,0.9,1,0,0
2025-09-23 13:07:50,user_1127,auditor,classical,,Unknown,low,logs,high,write,0,21,6.47,0,1,1
2025-09-23 13:08:00,user_1128,admin,classical,,India,low,catalog,low,delete,0,18,11.57,0,1,0
2025-09-23 13:08:10,user_1129,service,pqc,,EU,high,logs,high,write,0,25,10.65,1,0,0
2025-09-23 13:08:20,user_1130,third_party,classical,92.0,India,medium,payroll,high,write,0,28,15.14,4,0,0
2025-09-23 13:08:30,user_1131,service,classical,,EU,medium,catalog,medium,read,0,14,12.51,0,0,0
2025-09-23 13:08:40,user_1132,admin,pqc,,India,medium,transaction,medium,read,0,21,9.8,1,0,0
2025-09-23 13:08:50,user_1133,third_party,pqc,40.0,India,high,transaction,medium,read,0,19,2.98,1,0,1
2025-09-23 13:09:00,user_1134,employee,classical,,Unknown,low,payroll,medium,delete,0,19,8.71,0,1,0
2025-09-23 13:09:10,user_1135,auditor,pqc,,USA,medium,backend_sync,medium,update,0,24,9.65,0,0,0
2025-09-23 13:09:20,user_1136,auditor,pqc,,Unknown,low,transaction,medium,update,0,20,10.75,2,1,0
2025-09-23 13:09:30,user_1137,service,pqc,,EU,high,payroll,high,update,0,24,10.49,0,0,0
2025-09-23 13:09:40,user_1138,auditor,pqc,,Unknown,low,catalog,low,write,0,25,6.54,1,0,0
2025-09-23 13:09:50,user_1139,service,pqc,,India,low,logs,high,update,0,18,6.7,3,1,1
2025-09-23 13:10:00,user_1140,employee,pqc,,Unknown,low,payroll,high,update,0,12,13.73,1,1,1
2025-09-23 13:10:10,user_1141,third_party,classical,40.0,Unknown,medium,payroll,high,write,0,33,11.63,1,0,1
2025-09-23 13:10:20,user_1142,employee,pqc,,India,medium,backend_sync,low,delete,0,21,9.08,0,0,0
2025-09-23 13:10:30,user_1143,third_party,classical,92.0,Unknown,low,payroll,high,write,0,20,4.35,0,0,1
2025-09-23 13:10:40,user_1144,service,classical,,India,medium,backend_sync,high,write,0,24,7.48,2,1,0
2025-09-23 13:10:50,user_1145,third_party,pqc,40.0,EU,low,logs,low,delete,0,18,9.25,1,0,1
2025-09-23 13:11:00,user_1146,service,classical,,Unknown,high,backend_sync,medium,write,0,18,0.3,1,0,0
2025-09-23 13:11:10,user_1147,service,pqc,,Unknown,low,backend_sync,low,delete,0,26,15.45,2,1,0
2025-09-23 13:11:20,user_1148,employee,classical,,USA,high,logs,high,read,0,18,8.16,1,0,0
2025-09-23 13:11:30,user_1149,auditor,classical,,India,low,logs,high,update,0,20,11.07,0,1,1
2025-09-23 13:11:40,user_1150,guest,classical,,USA,high,payroll,low,write,0,24,5.55,2,1,0
2025-09-23 13:11:50,user_1151,third_party,pqc,92.0,USA,low,customer_kyc,low,write,0,14,2.39,2,1,0
2025-09-23 13:12:00,user_1152,admin,pqc,,USA,high,logs,high,delete,0,21,10.53,0,1,0
2025-09-23 13:12:10,user_1153,employee,pqc,,EU,low,backend_sync,low,read,0,14,16.94,1,1,0
2025-09-23 13:12:20,user_1154,auditor,classical,,USA,low,payroll,medium,write,0,16,11.45,0,1,0
2025-09-23 13:12:30,user_1155,auditor,pqc,,India,medium,customer_kyc,low,write,0,18,7.46,1,0,0
2025-09-23 13:12:40,user_1156,service,classical,,EU,medium,backend_sync,medium,update,0,19,16.6,0,0,0
2025-09-23 13:12:50,user_1157,admin,pqc,,USA,medium,backend_sync,medium,update,0,24,10.85,2,1,0
2025-09-23 13:13:00,user_1158,third_party,classical,92.0,USA,medium,backend_sync,high,delete,0,14,21.06,0,0,0
2025-09-23 13:13:10,user_1159,auditor,classical,,USA,medium,backend_sync,high,write,0,27,11.96,0,1,0
2025-09-23 13:13:20,user_1160,service,pqc,,USA,high,customer_kyc,high,write,0,19,9.87,1,0,0
2025-09-23 13:13:30,user_1161,auditor,classical,,EU,medium,catalog,low,write,0,19,17.28,3,0,0
2025-09-23 13:13:40,user_1162,admin,pqc,,Unknown,high,transaction,high,update,156554,26,7.27,1,0,1
2025-09-23 13:13:50,user_1163,service,pqc,,EU,high,transaction,high,delete,129090,17,6.62,0,0,1
2025-09-23 13:14:00,user_1164,service,pqc,,India,medium,backend_sync,medium,update,0,21,16.26,2,1,0
2025-09-23 13:14:10,user_1165,auditor,classical,,India,high,transaction,high,delete,0,23,6.1,0,0,0
2025-09-23 13:14:20,user_1166,guest,pqc,,USA,low,backend_sync,high,write,0,18,3.32,1,1,1
2025-09-23 13:14:30,user_1167,third_party,pqc,92.0,USA,low,customer_kyc,high,update,0,22,13.62,1,0,1
2025-09-23 13:14:40,user_1168,third_party,classical,92.0,Unknown,low,payroll,low,delete,0,23,2.65,1,0,0
2025-09-23 13:14:50,user_1169,employee,classical,,EU,low,backend_sync,high,read,0,24,3.69,2,1,1
2025-09-23 13:15:00,user_1170,auditor,classical,,India,high,payroll,high,write,0,23,15.6,0,0,0
2025-09-23 13:15:10,user_1171,guest,pqc,,India,high,transaction,low,update,0,21,7.38,1,1,1
2025-09-23 13:15:20,user_1172,service,classical,,EU,medium,transaction,low,update,173794,19,10.4,2,0,1
2025-09-23 13:15:30,user_1173,guest,pqc,,USA,low,logs,low,write,0,16,13.79,2,0,0
2025-09-23 13:15:40,user_1174,service,classical,,EU,high,customer_kyc,high,update,0,13,6.21,1,0,0
2025-09-23 13:15:50,user_1175,employee,classical,,USA,medium,customer_kyc,low,delete,0,25,5.11,1,0,0
2025-09-23 13:16:00,user_1176,guest,pqc,,USA,medium,backend_sync,high,delete,0,18,2.45,1,1,0
2025-09-23 13:16:10,user_1177,admin,pqc,,Unknown,low,customer_kyc,low,write,0,15,8.9,1,0,0
2025-09-23 13:16:20,user_1178,service,pqc,,EU,low,logs,low,write,0,15,15.42,2,1,0
2025-09-23 13:16:30,user_1179,employee,pqc,,Unknown,medium,transaction,low,write,21322,19,11.05,1,0,0
2025-09-23 13:16:40,user_1180,guest,classical,,Unknown,high,logs,low,read,0,13,16.13,2,1,0
2025-09-23 13:16:50,user_1181,auditor,pqc,,EU,high,logs,high,read,0,17,9.08,0,1,0
2025-09-23 13:17:00,user_1182,employee,pqc,,India,high,customer_kyc,low,update,0,17,12.18,0,1,0
2025-09-23 13:17:10,user_1183,admin,pqc,,USA,low,logs,low,read,0,14,8.47,1,0,0
2025-09-23 13:17:20,user_1184,employee,pqc,,Unknown,high,logs,low,delete,0,19,8.35,1,1,0
2025-09-23 13:17:30,user_1185,guest,classical,,USA,high,backend_sync,low,write,0,18,18.37,1,0,0
2025-09-23 13:17:40,user_1186,employee,pqc,,USA,high,backend_sync,low,update,0,25,7.3,1,0,0
2025-09-23 13:17:50,user_1187,service,pqc,,Unknown,high,catalog,medium,delete,0,19,14.47,1,1,0
2025-09-23 13:18:00,user_1188,auditor,pqc,,EU,medium,backend_sync,high,update,0,13,9.05,1,1,0
2025-09-23 13:18:10,user_1189,auditor,classical,,India,high,backend_sync,high,read,0,23,2.51,0,0,0
2025-09-23 13:18:20,user_1190,guest,classical,,India,low,logs,low,delete,0,17,9.44,0,0,0
2025-09-23 13:18:30,user_1191,third_party,classical,65.0,Unknown,medium,payroll,low,read,0,20,17.21,2,0,0
2025-09-23 13:18:40,user_1192,guest,classical,,India,low,catalog,low,update,0,25,13.3,2,0,0
2025-09-23 13:18:50,user_1193,service,classical,,Unknown,high,backend_sync,low,write,0,20,4.63,1,0,0
2025-09-23 13:19:00,user_1194,admin,pqc,,EU,low,logs,high,delete,0,18,3.35,1,1,1
2025-09-23 13:19:10,user_1195,third_party,classical,40.0,USA,high,logs,low,write,0,27,0.89,0,0,1
2025-09-23 13:19:20,user_1196,auditor,pqc,,Unknown,medium,logs,high,read,0,18,12.28,1,1,0
2025-09-23 13:19:30,user_1197,employee,pqc,,India,medium,payroll,medium,read,0,12,8.75,0,1,0
2025-09-23 13:19:40,user_1198,admin,pqc,,USA,medium,logs,high,read,0,18,12.67,1,1,0
2025-09-23 13:19:50,user_1199,service,classical,,Unknown,medium,transaction,high,delete,0,22,10.46,2,0,0
2025-09-23 13:20:00,user_1200,guest,classical,,Unknown,high,catalog,high,write,0,15,14.39,0,1,0
2025-09-23 13:20:10,user_1201,employee,pqc,,Unknown,medium,logs,medium,delete,0,17,6.15,2,0,0
2025-09-23 13:20:20,user_1202,guest,pqc,,India,medium,backend_sync,medium,write,0,18,5.36,2,0,0
2025-09-23 13:20:30,user_1203,auditor,pqc,,India,medium,backend_sync,high,read,0,20,13.89,1,0,0
2025-09-23 13:20:40,user_1204,auditor,classical,,EU,medium,catalog,low,update,0,17,6.57,0,0,0
2025-09-23 13:20:50,user_1205,employee,classical,,Unknown,low,logs,high,delete,0,22,6.91,0,1,1
2025-09-23 13:21:00,user_1206,guest,pqc,,EU,medium,catalog,low,delete,0,16,9.71,2,0,0
2025-09-23 13:21:10,user_1207,admin,classical,,India,high,customer_kyc,medium,read,0,16,15.92,0,0,0
2025-09-23 13:21:20,user_1208,admin,pqc,,Unknown,low,backend_sync,high,delete,0,18,3.25,1,1,1
2025-09-23 13:21:30,user_1209,auditor,pqc,,Unknown,high,catalog,high,write,0,16,18.84,1,0,0
2025-09-23 13:21:40,user_1210,employee,pqc,,India,medium,backend_sync,high,delete,0,19,14.88,0,0,0
2025-09-23 13:21:50,user_1211,third_party,classical,92.0,EU,high,payroll,low,write,0,13,17.0,0,0,0
2025-09-23 13:22:00,user_1212,employee,pqc,,India,medium,customer_kyc,high,delete,0,30,15.45,1,0,0
2025-09-23 13:22:10,user_1213,guest,classical,,India,high,catalog,medium,update,0,22,6.26,2,0,0
2025-09-23 13:22:20,user_1214,employee,pqc,,Unknown,medium,transaction,low,delete,0,20,13.1,3,1,0
2025-09-23 13:22:30,user_1215,admin,pqc,,USA,medium,logs,low,delete,0,19,0.65,1,0,0
2025-09-23 13:22:40,user_1216,auditor,classical,,EU,high,transaction,high,update,56568,14,17.04,1,1,0
2025-09-23 13:22:50,user_1217,auditor,classical,,Unknown,high,logs,medium,update,0,21,3.96,1,1,0
2025-09-23 13:23:00,user_1218,auditor,classical,,India,low,transaction,low,write,87825,19,12.56,0,1,0
2025-09-23 13:23:10,user_1219,service,pqc,,EU,low,logs,high,delete,0,15,13.09,3,0,1
2025-09-23 13:23:20,user_1220,admin,classical,,India,high,payroll,low,write,0,19,8.86,2,0,0
2025-09-23 13:23:30,user_1221,service,pqc,,India,high,payroll,low,update,0,27,9.29,1,1,0
2025-09-23 13:23:40,user_1222,service,pqc,,EU,low,backend_sync,high,read,0,24,13.07,0,0,1
2025-09-23 13:23:50,user_1223,employee,pqc,,USA,low,logs,medium,delete,0,16,1.27,0,0,0
2025-09-23 13:24:00,user_1224,third_party,classical,92.0,Unknown,medium,payroll,low,read,0,24,10.1,1,1,0
2025-09-23 13:24:10,user_1225,service,classical,,USA,high,payroll,high,write,0,12,3.05,2,1,0
2025-09-23 13:24:20,user_1226,third_party,classical,65.0,EU,medium,payroll,medium,delete,0,21,4.72,1,1,0
2025-09-23 13:24:30,user_1227,employee,classical,,India,high,payroll,high,read,0,21,8.23,2,1,0
2025-09-23 13:24:40,user_1228,guest,pqc,,USA,high,logs,low,update,0,19,15.63,1,0,0
2025-09-23 13:24:50,user_1229,employee,classical,,India,low,customer_kyc,medium,read,0,15,13.24,1,0,0
2025-09-23 13:25:00,user_1230,auditor,classical,,USA,high,backend_sync,high,write,0,20,13.85,1,0,0
2025-09-23 13:25:10,user_1231,admin,pqc,,USA,medium,transaction,low,update,0,14,10.24,0,1,0
2025-09-23 13:25:20,user_1232,guest,pqc,,USA,high,backend_sync,high,update,0,29,15.44,0,0,0
2025-09-23 13:25:30,user_1233,service,pqc,,EU,medium,transaction,low,read,190425,21,13.46,1,1,1
2025-09-23 13:25:40,user_1234,service,classical,,Unknown,high,logs,medium,write,0,15,19.88,0,1,0
2025-09-23 13:25:50,user_1235,employee,pqc,,EU,low,backend_sync,medium,update,0,20,4.58,1,0,0
2025-09-23 13:26:00,user_1236,third_party,classical,92.0,Unknown,high,catalog,high,write,0,21,15.84,1,1,0
2025-09-23 13:26:10,user_1237,service,classical,,USA,high,logs,high,write,0,22,6.38,2,1,0
2025-09-23 13:26:20,user_1238,service,classical,,India,high,transaction,medium,write,120281,12,11.12,0,0,1
2025-09-23 13:26:30,user_1239,service,classical,,India,low,transaction,medium,delete,0,18,12.51,1,0,0
2025-09-23 13:26:40,user_1240,service,classical,,EU,high,transaction,medium,write,0,31,9.06,0,0,0
2025-09-23 13:26:50,user_1241,admin,pqc,,India,high,customer_kyc,medium,delete,0,19,9.48,2,0,0
2025-09-23 13:27:00,user_1242,auditor,pqc,,Unknown,high,customer_kyc,high,update,0,20,13.3,1,0,0
2025-09-23 13:27:10,user_1243,admin,classical,,India,low,logs,high,delete,0,20,18.83,1,0,1
2025-09-23 13:27:20,user_1244,admin,classical,,India,high,catalog,medium,write,0,12,11.95,0,1,0
2025-09-23 13:27:30,user_1245,service,pqc,,EU,low,catalog,low,read,0,19,9.23,0,1,0
2025-09-23 13:27:40,user_1246,employee,classical,,EU,high,logs,medium,read,0,20,11.64,1,1,0
2025-09-23 13:27:50,user_1247,admin,pqc,,India,high,payroll,high,write,0,29,14.76,1,1,0
2025-09-23 13:28:00,user_1248,guest,pqc,,EU,low,catalog,high,update,0,28,6.09,1,1,1
2025-09-23 13:28:10,user_1249,auditor,classical,,USA,medium,backend_sync,medium,update,0,24,13.54,2,0,0
2025-09-23 13:28:20,user_1250,admin,classical,,EU,medium,customer_kyc,medium,delete,0,25,0.35,2,1,0
2025-09-23 13:28:30,user_1251,admin,classical,,Unknown,low,logs,high,read,0,22,8.01,1,1,1
2025-09-23 13:28:40,user_1252,employee,classical,,Unknown,medium,logs,medium,delete,0,26,5.62,2,1,0
2025-09-23 13:28:50,user_1253,service,pqc,,USA,high,backend_sync,high,delete,0,23,5.97,2,1,0
2025-09-23 13:29:00,user_1254,guest,pqc,,Unknown,low,payroll,high,delete,0,16,7.56,2,0,1
2025-09-23 13:29:10,user_1255,guest,pqc,,EU,low,transaction,high,update,0,28,2.82,1,0,1
2025-09-23 13:29:20,user_1256,auditor,pqc,,EU,high,transaction,medium,update,37529,21,16.42,0,1,0
2025-09-23 13:29:30,user_1257,employee,pqc,,EU,high,customer_kyc,high,write,0,25,7.69,0,0,0
2025-09-23 13:29:40,user_1258,service,classical,,Unknown,low,transaction,low,delete,0,30,10.28,0,0,0
2025-09-23 13:29:50,user_1259,service,classical,,Unknown,low,customer_kyc,high,write,0,28,4.4,0,1,1
2025-09-23 13:30:00,user_1260,employee,classical,,EU,high,transaction,low,delete,0,19,8.94,0,1,0
2025-09-23 13:30:10,user_1261,service,classical,,USA,medium,catalog,low,update,0,17,17.12,0,1,0
2025-09-23 13:30:20,user_1262,service,classical,,USA,high,customer_kyc,high,read,0,21,11.43,2,0,0
2025-09-23 13:30:30,user_1263,guest,classical,,India,medium,catalog,low,delete,0,14,10.7,3,1,0
2025-09-23 13:30:40,user_1264,guest,pqc,,EU,medium,customer_kyc,medium,read,0,30,9.87,0,1,1
2025-09-23 13:30:50,user_1265,employee,classical,,Unknown,low,transaction,high,delete,0,21,8.91,1,1,1
2025-09-23 13:31:00,user_1266,third_party,pqc,40.0,Unknown,medium,customer_kyc,high,update,0,26,16.4,1,1,1
2025-09-23 13:31:10,user_1267,employee,pqc,,India,high,transaction,medium,update,0,20,8.68,0,1,0
2025-09-23 13:31:20,user_1268,employee,classical,,India,high,payroll,high,update,0,22,11.97,2,0,0
2025-09-23 13:31:30,user_1269,guest,classical,,India,high,logs,high,read,0,27,7.87,1,1,0
2025-09-23 13:31:40,user_1270,admin,classical,,USA,high,logs,high,update,0,19,12.84,0,1,0
2025-09-23 13:31:50,user_1271,third_party,classical,40.0,USA,medium,backend_sync,medium,write,0,24,4.83,0,0,1
2025-09-23 13:32:00,user_1272,auditor,pqc,,India,low,customer_kyc,high,delete,0,18,3.16,2,1,1
2025-09-23 13:32:10,user_1273,guest,classical,,USA,high,customer_kyc,low,delete,0,19,4.47,0,0,1
2025-09-23 13:32:20,user_1274,service,classical,,EU,high,backend_sync,low,write,0,13,16.47,0,0,0
2025-09-23 13:32:30,user_1275,guest,pqc,,Unknown,high,logs,medium,update,0,14,19.75,0,1,0
2025-09-23 13:32:40,user_1276,admin,pqc,,EU,high,payroll,low,read,0,20,10.58,2,0,0
2025-09-23 13:32:50,user_1277,guest,pqc,,India,high,customer_kyc,medium,read,0,13,9.72,0,1,1
2025-09-23 13:33:00,user_1278,admin,pqc,,USA,high,logs,high,read,0,20,5.49,1,1,0
2025-09-23 13:33:10,user_1279,guest,pqc,,USA,high,transaction,high,delete,68618,26,11.7,2,1,1
2025-09-23 13:33:20,user_1280,third_party,classical,65.0,India,low,catalog,high,update,0,24,10.15,0,1,1
2025-09-23 13:33:30,user_1281,third_party,classical,65.0,Unknown,medium,payroll,low,update,0,18,12.58,1,0,0
2025-09-23 13:33:40,user_1282,service,pqc,,Unknown,medium,backend_sync,high,read,0,22,2.21,1,0,0
2025-09-23 13:33:50,user_1283,service,classical,,EU,high,logs,medium,write,0,15,24.17,1,1,0
2025-09-23 13:34:00,user_1284,admin,classical,,Unknown,medium,backend_sync,high,update,0,21,0.92,0,1,0
2025-09-23 13:34:10,user_1285,third_party,pqc,65.0,India,high,customer_kyc,low,read,0,10,11.37,1,1,0
2025-09-23 13:34:20,user_1286,employee,pqc,,USA,high,logs,medium,delete,0,29,9.47,1,0,0
2025-09-23 13:34:30,user_1287,service,pqc,,India,medium,catalog,high,write,0,19,19.71,2,1,0
2025-09-23 13:34:40,user_1288,employee,classical,,USA,low,transaction,low,delete,17357,21,11.89,1,1,0
2025-09-23 13:34:50,user_1289,third_party,classical,65.0,India,high,transaction,low,delete,0,25,13.48,1,0,0
2025-09-23 13:35:00,user_1290,employee,classical,,USA,medium,transaction,medium,delete,0,21,11.46,1,1,0
2025-09-23 13:35:10,user_1291,employee,classical,,India,medium,logs,medium,write,0,21,13.36,0,0,0
2025-09-23 13:35:20,user_1292,auditor,pqc,,Unknown,medium,payroll,low,write,0,20,5.93,1,1,0
2025-09-23 13:35:30,user_1293,auditor,pqc,,India,low,payroll,high,read,0,23,10.88,0,0,1
2025-09-23 13:35:40,user_1294,auditor,pqc,,India,high,catalog,high,delete,0,19,1.18,0,1,0
2025-09-23 13:35:50,user_1295,admin,pqc,,USA,low,backend_sync,high,delete,0,22,11.46,0,0,1
2025-09-23 13:36:00,user_1296,service,pqc,,India,high,customer_kyc,low,write,0,23,1.41,0,1,0
2025-09-23 13:36:10,user_1297,service,classical,,Unknown,high,logs,high,write,0,15,3.99,1,0,0
2025-09-23 13:36:20,user_1298,auditor,pqc,,India,medium,logs,low,read,0,16,24.64,0,1,0
2025-09-23 13:36:30,user_1299,service,pqc,,Unknown,medium,logs,medium,delete,0,15,5.03,1,1,0
2025-09-23 13:36:40,user_1300,admin,classical,,Unknown,medium,logs,high,write,0,23,5.5,0,1,0
2025-09-23 13:36:50,user_1301,third_party,pqc,92.0,Unknown,low,logs,low,read,0,13,2.31,2,0,0
2025-09-23 13:37:00,user_1302,admin,classical,,Unknown,high,catalog,low,read,0,19,9.21,0,1,0
2025-09-23 13:37:10,user_1303,guest,classical,,USA,medium,customer_kyc,high,delete,0,17,11.09,1,1,1
2025-09-23 13:37:20,user_1304,admin,classical,,Unknown,high,logs,medium,delete,0,14,16.36,1,1,0
2025-09-23 13:37:30,user_1305,admin,pqc,,EU,low,logs,medium,update,0,22,5.1,1,1,0
2025-09-23 13:37:40,user_1306,third_party,classical,92.0,India,medium,transaction,high,read,99148,17,2.61,0,1,0
2025-09-23 13:37:50,user_1307,employee,pqc,,EU,low,catalog,high,delete,0,16,18.36,0,0,1
2025-09-23 13:38:00,user_1308,guest,pqc,,EU,low,catalog,low,write,0,27,3.0,2,1,0
2025-09-23 13:38:10,user_1309,auditor,classical,,Unknown,high,transaction,low,write,0,18,2.4,0,1,0
2025-09-23 13:38:20,user_1310,service,pqc,,EU,medium,customer_kyc,high,read,0,26,9.65,1,0,0
2025-09-23 13:38:30,user_1311,third_party,classical,40.0,EU,high,payroll,low,read,0,26,2.61,0,1,1
2025-09-23 13:38:40,user_1312,admin,classical,,Unknown,low,backend_sync,medium,write,0,14,2.82,1,0,0
2025-09-23 13:38:50,user_1313,service,classical,,USA,high,payroll,high,delete,0,31,9.51,1,1,0
2025-09-23 13:39:00,user_1314,service,classical,,USA,high,customer_kyc,low,read,0,19,15.44,0,0,0
2025-09-23 13:39:10,user_1315,admin,pqc,,India,high,customer_kyc,medium,update,0,16,11.05,2,0,0
2025-09-23 13:39:20,user_1316,admin,classical,,Unknown,medium,customer_kyc,medium,read,0,14,9.42,0,1,0
2025-09-23 13:39:30,user_1317,admin,pqc,,India,medium,backend_sync,high,write,0,21,13.04,2,1,0
2025-09-23 13:39:40,user_1318,third_party,pqc,92.0,Unknown,high,customer_kyc,medium,read,0,14,7.17,0,0,0
2025-09-23 13:39:50,user_1319,admin,pqc,,USA,medium,payroll,low,read,0,24,14.23,1,0,0
2025-09-23 13:40:00,user_1320,guest,pqc,,India,high,payroll,high,read,0,21,16.14,1,0,0
2025-09-23 13:40:10,user_1321,employee,pqc,,India,high,transaction,medium,write,0,22,2.1,0,0,0
2025-09-23 13:40:20,user_1322,auditor,pqc,,Unknown,high,transaction,medium,update,123432,14,16.2,2,1,1
2025-09-23 13:40:30,user_1323,guest,pqc,,EU,medium,customer_kyc,high,update,0,19,10.0,0,1,1
2025-09-23 13:40:40,user_1324,admin,pqc,,EU,high,backend_sync,medium,delete,0,11,13.52,2,1,0
2025-09-23 13:40:50,user_1325,third_party,pqc,65.0,USA,low,transaction,low,delete,53355,22,7.36,1,1,0
2025-09-23 13:41:00,user_1326,service,classical,,Unknown,high,transaction,low,update,154844,15,16.84,2,1,1
2025-09-23 13:41:10,user_1327,guest,pqc,,Unknown,high,transaction,high,update,0,23,10.63,2,1,1
2025-09-23 13:41:20,user_1328,employee,classical,,EU,low,logs,medium,write,0,25,13.43,0,1,0
2025-09-23 13:41:30,user_1329,admin,classical,,USA,low,transaction,low,update,57039,23,0.77,0,1,0
2025-09-23 13:41:40,user_1330,employee,classical,,Unknown,medium,payroll,high,write,0,21,11.2,1,0,0
2025-09-23 13:41:50,user_1331,guest,pqc,,India,low,backend_sync,medium,delete,0,20,12.43,1,1,0
2025-09-23 13:42:00,user_1332,auditor,classical,,EU,high,catalog,medium,read,0,20,12.17,2,1,0
2025-09-23 13:42:10,user_1333,third_party,classical,40.0,India,medium,customer_kyc,low,update,0,17,8.03,0,1,1
2025-09-23 13:42:20,user_1334,employee,classical,,USA,high,backend_sync,low,read,0,21,15.76,0,1,0
2025-09-23 13:42:30,user_1335,auditor,classical,,Unknown,high,payroll,low,read,0,22,3.91,0,1,0
2025-09-23 13:42:40,user_1336,service,classical,,India,medium,transaction,medium,update,73004,17,8.93,0,1,0
2025-09-23 13:42:50,user_1337,third_party,classical,65.0,USA,medium,payroll,high,delete,0,19,14.19,2,1,0
2025-09-23 13:43:00,user_1338,third_party,classical,92.0,USA,low,transaction,high,write,0,26,12.4,1,0,1
2025-09-23 13:43:10,user_1339,auditor,pqc,,EU,high,transaction,high,update,0,26,5.69,2,0,0
2025-09-23 13:43:20,user_1340,auditor,classical,,India,high,logs,high,update,0,21,9.45,1,1,0
2025-09-23 13:43:30,user_1341,service,pqc,,USA,low,customer_kyc,high,delete,0,18,8.54,0,0,1
2025-09-23 13:43:40,user_1342,employee,pqc,,EU,low,catalog,low,delete,0,15,2.87,0,0,0
2025-09-23 13:43:50,user_1343,guest,classical,,Unknown,low,catalog,medium,update,0,21,10.35,0,1,0
2025-09-23 13:44:00,user_1344,employee,classical,,USA,medium,backend_sync,high,update,0,12,14.1,2,0,0
2025-09-23 13:44:10,user_1345,service,classical,,India,high,catalog,high,write,0,22,14.09,2,0,0
2025-09-23 13:44:20,user_1346,service,classical,,Unknown,medium,customer_kyc,medium,read,0,18,16.89,1,1,0
2025-09-23 13:44:30,user_1347,employee,pqc,,USA,low,catalog,low,write,0,24,15.1,2,0,0
2025-09-23 13:44:40,user_1348,employee,classical,,USA,medium,catalog,low,write,0,21,21.61,1,1,0
2025-09-23 13:44:50,user_1349,employee,classical,,USA,medium,customer_kyc,low,update,0,24,13.02,0,0,0
2025-09-23 13:45:00,user_1350,employee,pqc,,India,low,transaction,high,read,0,17,12.88,2,1,1
2025-09-23 13:45:10,user_1351,admin,pqc,,Unknown,medium,logs,high,read,0,23,2.46,0,1,0
2025-09-23 13:45:20,user_1352,third_party,classical,92.0,EU,medium,payroll,medium,update,0,22,17.74,2,1,0
2025-09-23 13:45:30,user_1353,auditor,pqc,,India,high,backend_sync,medium,delete,0,18,11.6,1,0,0
2025-09-23 13:45:40,user_1354,auditor,classical,,Unknown,high,payroll,medium,delete,0,30,9.32,3,1,0
2025-09-23 13:45:50,user_1355,admin,classical,,EU,high,customer_kyc,high,read,0,14,13.86,2,0,0
2025-09-23 13:46:00,user_1356,guest,pqc,,EU,high,payroll,high,update,0,20,11.17,1,0,0
2025-09-23 13:46:10,user_1357,guest,pqc,,Unknown,medium,transaction,high,update,0,22,6.41,1,0,1
2025-09-23 13:46:20,user_1358,employee,pqc,,USA,low,payroll,medium,read,0,23,21.69,0,0,0
2025-09-23 13:46:30,user_1359,employee,pqc,,USA,low,customer_kyc,high,update,0,23,5.7,1,0,1
2025-09-23 13:46:40,user_1360,employee,classical,,USA,medium,customer_kyc,high,delete,0,23,2.33,1,1,0
2025-09-23 13:46:50,user_1361,auditor,classical,,EU,medium,transaction,high,read,156714,15,7.73,0,1,1
2025-09-23 13:47:00,user_1362,guest,classical,,Unknown,high,catalog,high,read,0,18,15.86,0,0,0
2025-09-23 13:47:10,user_1363,guest,pqc,,EU,low,payroll,high,write,0,18,17.49,1,0,1
2025-09-23 13:47:20,user_1364,admin,pqc,,USA,medium,catalog,low,update,0,23,4.14,0,1,0
2025-09-23 13:47:30,user_1365,service,pqc,,USA,medium,catalog,high,update,0,18,3.8,2,1,0
2025-09-23 13:47:40,user_1366,service,pqc,,Unknown,high,logs,low,read,0,20,16.64,0,0,0
2025-09-23 13:47:50,user_1367,third_party,classical,40.0,EU,medium,catalog,high,write,0,19,21.05,1,1,1
2025-09-23 13:48:00,user_1368,auditor,classical,,India,high,catalog,low,read,0,29,6.13,0,1,0
2025-09-23 13:48:10,user_1369,service,pqc,,EU,medium,backend_sync,medium,update,0,17,5.65,0,1,0
2025-09-23 13:48:20,user_1370,guest,pqc,,USA,medium,customer_kyc,high,update,0,16,9.21,0,0,1
2025-09-23 13:48:30,user_1371,third_party,pqc,40.0,USA,medium,transaction,high,delete,39569,20,5.41,3,0,1
2025-09-23 13:48:40,user_1372,guest,pqc,,EU,medium,catalog,medium,read,0,18,8.18,2,1,0
2025-09-23 13:48:50,user_1373,admin,pqc,,India,high,logs,low,read,0,21,18.56,0,0,0
2025-09-23 13:49:00,user_1374,third_party,pqc,92.0,India,medium,logs,low,read,0,19,21.19,1,1,0
2025-09-23 13:49:10,user_1375,employee,pqc,,USA,low,backend_sync,low,write,0,26,5.31,1,0,0
2025-09-23 13:49:20,user_1376,service,pqc,,EU,low,customer_kyc,medium,read,0,19,15.62,1,1,0
2025-09-23 13:49:30,user_1377,employee,classical,,Unknown,medium,customer_kyc,low,delete,0,23,11.94,0,1,0
2025-09-23 13:49:40,user_1378,third_party,classical,40.0,USA,medium,payroll,medium,write,0,20,2.85,0,1,1
2025-09-23 13:49:50,user_1379,service,pqc,,EU,low,customer_kyc,medium,write,0,15,7.62,0,1,0
2025-09-23 13:50:00,user_1380,guest,classical,,USA,medium,transaction,medium,delete,0,15,21.46,1,1,1
2025-09-23 13:50:10,user_1381,third_party,classical,40.0,EU,low,catalog,low,update,0,22,19.34,0,1,1
2025-09-23 13:50:20,user_1382,third_party,pqc,92.0,Unknown,medium,catalog,medium,delete,0,19,7.48,1,0,0
2025-09-23 13:50:30,user_1383,third_party,classical,92.0,EU,low,logs,high,update,0,19,12.8,2,1,1
2025-09-23 13:50:40,user_1384,admin,pqc,,EU,medium,backend_sync,high,delete,0,20,9.56,0,1,0
2025-09-23 13:50:50,user_1385,admin,classical,,India,medium,backend_sync,high,update,0,26,19.4,0,0,0
2025-09-23 13:51:00,user_1386,auditor,pqc,,USA,high,transaction,low,read,0,17,11.46,1,0,0
2025-09-23 13:51:10,user_1387,guest,pqc,,EU,high,backend_sync,low,write,0,26,8.18,1,1,0
2025-09-23 13:51:20,user_1388,service,pqc,,India,medium,payroll,low,write,0,22,8.92,2,0,0
2025-09-23 13:51:30,user_1389,admin,classical,,EU,low,transaction,low,read,0,17,5.3,2,0,0
2025-09-23 13:51:40,user_1390,third_party,classical,65.0,Unknown,medium,transaction,high,update,0,21,7.15,1,0,0
2025-09-23 13:51:50,user_1391,guest,pqc,,Unknown,low,payroll,high,delete,0,18,8.21,0,0,1
2025-09-23 13:52:00,user_1392,service,classical,,EU,high,backend_sync,low,write,0,15,11.72,2,0,0
2025-09-23 13:52:10,user_1393,guest,classical,,Unknown,medium,logs,medium,read,0,30,5.06,1,1,0
2025-09-23 13:52:20,user_1394,auditor,pqc,,Unknown,medium,backend_sync,high,delete,0,27,14.84,0,1,0
2025-09-23 13:52:30,user_1395,third_party,classical,92.0,India,medium,catalog,high,delete,0,17,12.47,1,1,0
2025-09-23 13:52:40,user_1396,admin,pqc,,India,medium,customer_kyc,medium,delete,0,22,10.18,0,1,0
2025-09-23 13:52:50,user_1397,admin,classical,,USA,low,payroll,high,update,0,23,14.56,0,1,1
2025-09-23 13:53:00,user_1398,guest,classical,,EU,low,customer_kyc,medium,update,0,16,8.41,2,1,1
2025-09-23 13:53:10,user_1399,service,classical,,USA,low,logs,medium,read,0,22,2.72,0,1,0
2025-09-23 13:53:20,user_1400,third_party,pqc,92.0,EU,low,backend_sync,low,update,0,17,5.65,2,1,0
2025-09-23 13:53:30,user_1401,guest,pqc,,Unknown,high,transaction,high,write,0,23,6.6,0,0,1
2025-09-23 13:53:40,user_1402,third_party,pqc,92.0,USA,high,backend_sync,high,read,0,28,16.51,0,1,0
2025-09-23 13:53:50,user_1403,third_party,classical,40.0,India,low,logs,high,read,0,23,6.54,2,0,1
2025-09-23 13:54:00,user_1404,third_party,pqc,65.0,India,high,logs,high,delete,0,16,9.24,1,0,0
2025-09-23 13:54:10,user_1405,service,classical,,EU,medium,catalog,medium,update,0,27,17.73,2,0,0
2025-09-23 13:54:20,user_1406,employee,classical,,Unknown,low,customer_kyc,high,read,0,16,7.42,2,0,1
2025-09-23 13:54:30,user_1407,employee,classical,,EU,high,logs,medium,read,0,22,13.1,0,1,0
2025-09-23 13:54:40,user_1408,employee,pqc,,EU,high,payroll,medium,update,0,24,13.45,0,1,0
2025-09-23 13:54:50,user_1409,guest,classical,,India,medium,catalog,low,delete,0,17,7.78,1,0,0
2025-09-23 13:55:00,user_1410,guest,classical,,EU,low,logs,high,read,0,13,14.87,1,1,1
2025-09-23 13:55:10,user_1411,employee,classical,,USA,high,customer_kyc,medium,update,0,16,13.12,1,1,0
2025-09-23 13:55:20,user_1412,service,pqc,,India,high,logs,high,write,0,18,1.34,1,1,0
2025-09-23 13:55:30,user_1413,third_party,classical,92.0,India,low,catalog,medium,read,0,22,19.51,0,1,0
2025-09-23 13:55:40,user_1414,third_party,pqc,40.0,EU,medium,transaction,high,write,193380,21,8.77,0,0,1
2025-09-23 13:55:50,user_1415,employee,pqc,,India,low,payroll,low,read,0,14,1.51,0,1,0
2025-09-23 13:56:00,user_1416,admin,pqc,,India,low,catalog,high,update,0,22,9.14,2,0,1
2025-09-23 13:56:10,user_1417,admin,classical,,Unknown,low,customer_kyc,low,update,0,27,15.49,0,1,0
2025-09-23 13:56:20,user_1418,third_party,pqc,40.0,EU,high,transaction,high,write,160419,19,7.42,2,0,1
2025-09-23 13:56:30,user_1419,guest,pqc,,India,medium,catalog,low,write,0,20,9.37,2,1,0
2025-09-23 13:56:40,user_1420,service,pqc,,EU,high,catalog,high,update,0,19,5.49,0,1,0
2025-09-23 13:56:50,user_1421,employee,pqc,,Unknown,high,customer_kyc,high,read,0,20,14.05,1,0,0
2025-09-23 13:57:00,user_1422,employee,pqc,,India,high,backend_sync,high,read,0,22,13.69,2,0,0
2025-09-23 13:57:10,user_1423,admin,classical,,Unknown,high,logs,high,update,0,22,6.47,2,1,0
2025-09-23 13:57:20,user_1424,guest,classical,,USA,high,payroll,medium,delete,0,17,14.83,1,0,0
2025-09-23 13:57:30,user_1425,service,classical,,India,medium,payroll,high,delete,0,28,16.79,0,1,0
2025-09-23 13:57:40,user_1426,employee,pqc,,USA,medium,payroll,medium,write,0,20,7.25,1,1,0
2025-09-23 13:57:50,user_1427,auditor,classical,,India,medium,catalog,low,delete,0,19,12.55,1,1,0
2025-09-23 13:58:00,user_1428,admin,classical,,EU,low,customer_kyc,medium,write,0,19,2.59,0,0,0
2025-09-23 13:58:10,user_1429,auditor,classical,,India,high,backend_sync,medium,delete,0,22,3.3,0,0,0
2025-09-23 13:58:20,user_1430,admin,pqc,,India,medium,logs,low,delete,0,20,3.08,0,1,0
2025-09-23 13:58:30,user_1431,admin,classical,,USA,low,catalog,medium,read,0,23,14.51,0,1,0
2025-09-23 13:58:40,user_1432,third_party,pqc,40.0,India,high,customer_kyc,medium,write,0,17,1.26,1,1,1
2025-09-23 13:58:50,user_1433,guest,classical,,USA,high,payroll,medium,read,0,18,11.68,1,1,0
2025-09-23 13:59:00,user_1434,auditor,classical,,India,medium,backend_sync,low,delete,0,22,6.51,0,1,0
2025-09-23 13:59:10,user_1435,service,classical,,India,low,catalog,low,update,0,19,10.62,1,1,0
2025-09-23 13:59:20,user_1436,third_party,pqc,92.0,EU,medium,catalog,low,write,0,16,9.24,0,0,0
2025-09-23 13:59:30,user_1437,auditor,pqc,,India,high,payroll,medium,update,0,15,8.27,0,1,0
2025-09-23 13:59:40,user_1438,admin,pqc,,USA,medium,backend_sync,medium,read,0,21,24.31,0,0,0
2025-09-23 13:59:50,user_1439,auditor,pqc,,USA,high,catalog,medium,read,0,17,11.49,1,1,0
2025-09-23 14:00:00,user_1440,admin,pqc,,India,medium,catalog,low,write,0,18,5.57,1,1,0
2025-09-23 14:00:10,user_1441,admin,classical,,USA,low,payroll,medium,read,0,16,8.34,2,1,0
2025-09-23 14:00:20,user_1442,employee,pqc,,USA,medium,catalog,high,write,0,21,12.7,0,0,0
2025-09-23 14:00:30,user_1443,employee,classical,,EU,high,backend_sync,high,write,0,23,16.11,0,1,0
2025-09-23 14:00:40,user_1444,guest,pqc,,India,low,backend_sync,high,read,0,19,4.48,5,1,1
2025-09-23 14:00:50,user_1445,auditor,classical,,USA,low,backend_sync,high,write,0,22,13.3,1,1,1
2025-09-23 14:01:00,user_1446,admin,classical,,Unknown,high,payroll,high,write,0,24,12.84,0,0,0
2025-09-23 14:01:10,user_1447,auditor,pqc,,Unknown,high,backend_sync,medium,update,0,25,6.52,1,0,0
2025-09-23 14:01:20,user_1448,admin,pqc,,USA,medium,catalog,low,update,0,21,6.19,0,1,0
2025-09-23 14:01:30,user_1449,auditor,classical,,EU,medium,transaction,medium,write,0,21,8.47,2,0,0
2025-09-23 14:01:40,user_1450,guest,classical,,USA,low,backend_sync,low,update,0,19,8.16,2,0,0
2025-09-23 14:01:50,user_1451,third_party,classical,92.0,EU,medium,backend_sync,high,read,0,23,14.04,0,1,0
2025-09-23 14:02:00,user_1452,guest,classical,,India,low,catalog,low,delete,0,22,6.57,1,1,0
2025-09-23 14:02:10,user_1453,auditor,classical,,USA,high,logs,high,update,0,9,14.1,0,0,0
2025-09-23 14:02:20,user_1454,third_party,pqc,65.0,India,low,customer_kyc,medium,delete,0,18,6.27,0,0,0
2025-09-23 14:02:30,user_1455,auditor,classical,,USA,low,catalog,low,write,0,19,15.98,3,1,0
2025-09-23 14:02:40,user_1456,third_party,classical,40.0,EU,low,customer_kyc,medium,write,0,14,8.6,0,1,1
2025-09-23 14:02:50,user_1457,auditor,pqc,,USA,high,transaction,medium,delete,0,25,2.99,2,1,0
2025-09-23 14:03:00,user_1458,service,classical,,EU,medium,transaction,high,read,110740,23,8.49,1,1,1
2025-09-23 14:03:10,user_1459,service,classical,,EU,high,catalog,high,write,0,29,16.73,1,0,0
2025-09-23 14:03:20,user_1460,employee,pqc,,Unknown,medium,customer_kyc,medium,write,0,25,9.33,3,1,0
2025-09-23 14:03:30,user_1461,admin,pqc,,USA,low,payroll,low,read,0,20,3.4,1,0,0
2025-09-23 14:03:40,user_1462,admin,pqc,,Unknown,medium,backend_sync,medium,delete,0,25,6.96,0,1,0
2025-09-23 14:03:50,user_1463,third_party,classical,92.0,EU,low,payroll,low,read,0,20,4.96,0,0,0
2025-09-23 14:04:00,user_1464,guest,pqc,,Unknown,medium,logs,medium,write,0,25,8.65,2,1,0
2025-09-23 14:04:10,user_1465,admin,classical,,USA,medium,logs,high,delete,0,24,2.28,0,1,0
2025-09-23 14:04:20,user_1466,auditor,pqc,,USA,high,customer_kyc,high,write,0,15,17.35,1,1,0
2025-09-23 14:04:30,user_1467,guest,pqc,,USA,high,logs,medium,write,0,15,6.89,1,0,0
2025-09-23 14:04:40,user_1468,auditor,pqc,,Unknown,medium,customer_kyc,high,update,0,20,14.56,0,1,0
2025-09-23 14:04:50,user_1469,guest,classical,,EU,low,logs,high,read,0,18,12.11,0,0,1
2025-09-23 14:05:00,user_1470,guest,classical,,India,low,transaction,low,write,2747,21,13.41,1,0,1
2025-09-23 14:05:10,user_1471,auditor,classical,,USA,low,catalog,low,delete,0,20,14.81,1,0,0
2025-09-23 14:05:20,user_1472,third_party,pqc,65.0,India,low,backend_sync,high,delete,0,19,1.89,2,1,1
2025-09-23 14:05:30,user_1473,auditor,classical,,EU,medium,backend_sync,low,read,0,19,10.96,0,1,0
2025-09-23 14:05:40,user_1474,admin,classical,,India,medium,customer_kyc,low,update,0,24,7.04,1,1,0
2025-09-23 14:05:50,user_1475,third_party,classical,92.0,USA,high,catalog,high,update,0,16,12.2,0,0,0
2025-09-23 14:06:00,user_1476,service,classical,,EU,high,payroll,medium,write,0,17,8.62,1,0,0
2025-09-23 14:06:10,user_1477,auditor,pqc,,EU,medium,customer_kyc,low,delete,0,16,8.3,0,1,0
2025-09-23 14:06:20,user_1478,employee,classical,,India,low,backend_sync,low,write,0,22,5.73,1,0,0
2025-09-23 14:06:30,user_1479,third_party,classical,92.0,Unknown,low,payroll,high,write,0,15,6.65,2,1,1
2025-09-23 14:06:40,user_1480,service,pqc,,Unknown,low,payroll,high,update,0,24,11.73,2,1,1
2025-09-23 14:06:50,user_1481,guest,classical,,USA,high,logs,low,delete,0,22,6.57,1,1,0
2025-09-23 14:07:00,user_1482,service,pqc,,USA,low,catalog,medium,read,0,17,14.32,0,0,0
2025-09-23 14:07:10,user_1483,admin,pqc,,Unknown,medium,logs,high,delete,0,17,3.54,0,0,0
2025-09-23 14:07:20,user_1484,employee,pqc,,USA,low,transaction,medium,delete,0,26,11.2,2,1,0
2025-09-23 14:07:30,user_1485,third_party,pqc,65.0,EU,high,logs,medium,write,0,28,6.67,1,0,0
2025-09-23 14:07:40,user_1486,guest,pqc,,USA,low,logs,medium,delete,0,20,12.38,0,1,0
2025-09-23 14:07:50,user_1487,third_party,pqc,65.0,USA,high,logs,medium,write,0,20,7.55,0,0,0
2025-09-23 14:08:00,user_1488,auditor,pqc,,Unknown,high,payroll,high,write,0,21,6.35,0,0,0
2025-09-23 14:08:10,user_1489,guest,pqc,,EU,low,payroll,high,read,0,15,1.12,0,1,1
2025-09-23 14:08:20,user_1490,admin,pqc,,USA,low,transaction,low,read,0,21,5.64,2,1,0
2025-09-23 14:08:30,user_1491,guest,classical,,EU,low,catalog,low,write,0,17,7.06,3,1,0
2025-09-23 14:08:40,user_1492,employee,pqc,,USA,medium,customer_kyc,low,write,0,19,8.75,1,0,0
2025-09-23 14:08:50,user_1493,admin,classical,,India,low,catalog,medium,read,0,19,4.18,3,0,0
2025-09-23 14:09:00,user_1494,auditor,pqc,,India,high,backend_sync,low,write,0,21,0.18,0,0,0
2025-09-23 14:09:10,user_1495,auditor,classical,,Unknown,low,catalog,high,update,0,26,12.3,2,0,1
2025-09-23 14:09:20,user_1496,admin,classical,,Unknown,high,transaction,low,write,26049,24,11.67,1,0,0
2025-09-23 14:09:30,user_1497,guest,pqc,,USA,medium,payroll,low,read,0,18,2.46,1,1,0
2025-09-23 14:09:40,user_1498,auditor,pqc,,EU,high,logs,low,delete,0,22,18.41,0,1,0
2025-09-23 14:09:50,user_1499,auditor,pqc,,India,high,catalog,low,update,0,21,5.58,1,1,0
2025-09-23 14:10:00,user_1500,auditor,classical,,Unknown,high,catalog,low,delete,0,27,9.8,3,1,0
2025-09-23 14:10:10,user_1501,guest,classical,,Unknown,high,payroll,high,delete,0,17,15.18,1,0,0
2025-09-23 14:10:20,user_1502,third_party,pqc,65.0,Unknown,low,transaction,low,update,0,17,11.02,0,0,0
2025-09-23 14:10:30,user_1503,guest,classical,,EU,medium,payroll,high,read,0,18,7.52,0,0,0
2025-09-23 14:10:40,user_1504,third_party,pqc,65.0,EU,high,catalog,medium,delete,0,16,15.35,2,1,0
2025-09-23 14:10:50,user_1505,employee,classical,,USA,low,payroll,low,delete,0,25,9.57,1,0,0
2025-09-23 14:11:00,user_1506,auditor,classical,,Unknown,low,catalog,medium,write,0,23,0.62,1,1,0
2025-09-23 14:11:10,user_1507,third_party,pqc,65.0,India,high,catalog,low,read,0,19,12.07,1,0,0
2025-09-23 14:11:20,user_1508,admin,classical,,India,high,customer_kyc,medium,read,0,19,4.52,2,0,0
2025-09-23 14:11:30,user_1509,third_party,pqc,40.0,EU,low,payroll,medium,write,0,13,14.11,2,1,1
2025-09-23 14:11:40,user_1510,third_party,classical,40.0,USA,high,catalog,medium,update,0,20,10.29,0,1,1
2025-09-23 14:11:50,user_1511,guest,pqc,,EU,high,logs,low,write,0,26,8.67,2,1,0
2025-09-23 14:12:00,user_1512,guest,pqc,,Unknown,medium,customer_kyc,medium,write,0,17,9.0,1,0,1
2025-09-23 14:12:10,user_1513,guest,pqc,,India,medium,catalog,high,write,0,25,17.0,0,1,0
2025-09-23 14:12:20,user_1514,admin,classical,,USA,low,customer_kyc,high,read,0,17,0.37,0,1,1
2025-09-23 14:12:30,user_1515,auditor,classical,,India,low,catalog,low,write,0,23,1.19,0,0,0
2025-09-23 14:12:40,user_1516,auditor,classical,,USA,low,transaction,high,update,75498,19,0.9,1,1,1
2025-09-23 14:12:50,user_1517,auditor,pqc,,USA,low,payroll,low,write,0,16,15.94,2,0,0
2025-09-23 14:13:00,user_1518,guest,classical,,India,low,customer_kyc,medium,write,0,21,5.66,0,1,1
2025-09-23 14:13:10,user_1519,guest,classical,,EU,low,payroll,low,delete,0,14,12.79,0,1,0
2025-09-23 14:13:20,user_1520,guest,pqc,,Unknown,high,customer_kyc,high,write,0,11,12.21,1,0,1
2025-09-23 14:13:30,user_1521,admin,classical,,EU,high,catalog,high,update,0,15,6.25,0,0,0
2025-09-23 14:13:40,user_1522,admin,classical,,Unknown,medium,backend_sync,medium,update,0,21,9.6,0,1,0
2025-09-23 14:13:50,user_1523,guest,classical,,EU,low,catalog,medium,delete,0,19,9.4,0,1,0
2025-09-23 14:14:00,user_1524,auditor,pqc,,USA,low,transaction,low,write,44546,21,13.7,1,0,0
2025-09-23 14:14:10,user_1525,third_party,pqc,40.0,Unknown,low,logs,low,read,0,16,10.64,2,1,1
2025-09-23 14:14:20,user_1526,service,pqc,,EU,high,logs,medium,update,0,12,6.91,1,1,0
2025-09-23 14:14:30,user_1527,employee,classical,,Unknown,medium,customer_kyc,low,read,0,26,14.49,1,0,0
2025-09-23 14:14:40,user_1528,third_party,pqc,92.0,EU,high,payroll,medium,update,0,26,15.47,0,1,0
2025-09-23 14:14:50,user_1529,auditor,classical,,USA,high,backend_sync,medium,delete,0,18,5.97,1,1,0
2025-09-23 14:15:00,user_1530,admin,pqc,,USA,low,transaction,low,read,189227,16,5.84,1,1,1
2025-09-23 14:15:10,user_1531,third_party,classical,92.0,Unknown,low,backend_sync,low,read,0,19,7.23,2,1,0
2025-09-23 14:15:20,user_1532,admin,classical,,EU,high,transaction,medium,read,15692,13,2.62,1,0,0
2025-09-23 14:15:30,user_1533,auditor,classical,,USA,high,backend_sync,low,read,0,20,19.03,0,1,0
2025-09-23 14:15:40,user_1534,service,pqc,,EU,low,backend_sync,medium,read,0,13,11.15,0,1,0
2025-09-23 14:15:50,user_1535,third_party,classical,92.0,India,high,payroll,high,update,0,16,5.81,2,0,0
2025-09-23 14:16:00,user_1536,third_party,classical,92.0,USA,low,customer_kyc,low,delete,0,18,8.0,1,0,0
2025-09-23 14:16:10,user_1537,auditor,pqc,,USA,high,logs,medium,read,0,27,9.97,2,1,0
2025-09-23 14:16:20,user_1538,admin,classical,,India,high,backend_sync,high,write,0,19,5.7,1,1,0
2025-09-23 14:16:30,user_1539,guest,classical,,EU,high,customer_kyc,low,update,0,30,5.55,1,1,1
2025-09-23 14:16:40,user_1540,admin,classical,,USA,low,backend_sync,high,write,0,24,15.34,1,1,1
2025-09-23 14:16:50,user_1541,admin,pqc,,USA,high,logs,high,update,0,20,3.57,0,1,0
2025-09-23 14:17:00,user_1542,employee,classical,,USA,high,customer_kyc,medium,update,0,11,7.52,1,1,0
2025-09-23 14:17:10,user_1543,auditor,classical,,Unknown,medium,payroll,medium,update,0,20,18.57,1,1,0
2025-09-23 14:17:20,user_1544,service,classical,,India,low,catalog,high,write,0,17,8.57,1,1,1
2025-09-23 14:17:30,user_1545,auditor,pqc,,EU,medium,backend_sync,low,update,0,14,15.75,1,0,0
2025-09-23 14:17:40,user_1546,guest,classical,,USA,high,catalog,medium,read,0,18,13.39,0,0,0
2025-09-23 14:17:50,user_1547,guest,classical,,Unknown,high,catalog,low,update,0,21,18.23,0,1,0
2025-09-23 14:18:00,user_1548,guest,pqc,,India,medium,backend_sync,high,update,0,17,4.91,0,0,0
2025-09-23 14:18:10,user_1549,employee,pqc,,Unknown,medium,logs,low,read,0,18,1.97,2,0,0
2025-09-23 14:18:20,user_1550,auditor,pqc,,EU,medium,payroll,high,read,0,21,10.48,1,1,0
2025-09-23 14:18:30,user_1551,guest,pqc,,Unknown,low,catalog,medium,write,0,26,7.03,3,1,0
2025-09-23 14:18:40,user_1552,service,pqc,,USA,medium,backend_sync,medium,update,0,20,9.06,0,0,0
2025-09-23 14:18:50,user_1553,employee,classical,,Unknown,medium,logs,low,delete,0,16,19.77,1,0,0
2025-09-23 14:19:00,user_1554,employee,classical,,USA,low,backend_sync,low,write,0,20,11.6,0,0,0
2025-09-23 14:19:10,user_1555,employee,pqc,,India,high,logs,high,update,0,23,15.01,1,1,0
2025-09-23 14:19:20,user_1556,third_party,classical,92.0,Unknown,high,backend_sync,high,write,0,18,11.96,0,1,0
2025-09-23 14:19:30,user_1557,auditor,classical,,EU,high,customer_kyc,medium,read,0,28,5.82,0,0,0
2025-09-23 14:19:40,user_1558,employee,pqc,,India,medium,customer_kyc,medium,read,0,18,12.05,1,1,0
2025-09-23 14:19:50,user_1559,guest,pqc,,EU,medium,backend_sync,medium,delete,0,17,3.11,2,0,0
2025-09-23 14:20:00,user_1560,admin,pqc,,EU,medium,customer_kyc,medium,update,0,17,13.85,2,1,0
2025-09-23 14:20:10,user_1561,service,pqc,,Unknown,low,transaction,medium,delete,0,14,7.36,1,0,0
2025-09-23 14:20:20,user_1562,guest,classical,,EU,medium,logs,medium,read,0,29,10.26,2,1,0
2025-09-23 14:20:30,user_1563,admin,classical,,EU,medium,customer_kyc,high,write,0,22,10.39,3,1,0
2025-09-23 14:20:40,user_1564,third_party,classical,92.0,USA,medium,backend_sync,high,delete,0,26,9.82,2,1,0
2025-09-23 14:20:50,user_1565,auditor,pqc,,Unknown,high,logs,medium,write,0,21,5.73,0,0,0
2025-09-23 14:21:00,user_1566,third_party,classical,40.0,Unknown,high,logs,low,read,0,21,11.55,1,1,1
2025-09-23 14:21:10,user_1567,admin,classical,,USA,high,payroll,low,delete,0,18,4.36,0,1,0
2025-09-23 14:21:20,user_1568,admin,pqc,,Unknown,medium,transaction,medium,delete,0,22,6.51,1,1,0
2025-09-23 14:21:30,user_1569,guest,pqc,,Unknown,low,logs,low,update,0,17,11.21,1,0,0
2025-09-23 14:21:40,user_1570,employee,pqc,,Unknown,low,transaction,high,read,89372,28,11.76,1,0,1
2025-09-23 14:21:50,user_1571,guest,pqc,,Unknown,high,catalog,medium,read,0,21,12.28,1,0,0
2025-09-23 14:22:00,user_1572,third_party,pqc,65.0,USA,high,payroll,low,update,0,21,15.59,3,1,0
2025-09-23 14:22:10,user_1573,auditor,pqc,,India,low,logs,high,update,0,20,3.16,0,1,1
2025-09-23 14:22:20,user_1574,third_party,classical,40.0,Unknown,medium,logs,low,read,0,21,17.68,1,0,1
2025-09-23 14:22:30,user_1575,auditor,classical,,Unknown,high,customer_kyc,high,read,0,14,12.99,0,0,0
2025-09-23 14:22:40,user_1576,service,classical,,Unknown,medium,logs,medium,delete,0,12,0.36,2,0,0
2025-09-23 14:22:50,user_1577,service,pqc,,India,high,logs,medium,read,0,24,13.06,1,0,0
2025-09-23 14:23:00,user_1578,guest,classical,,Unknown,low,backend_sync,high,update,0,25,6.1,0,1,1
2025-09-23 14:23:10,user_1579,third_party,pqc,65.0,India,high,backend_sync,medium,read,0,20,6.74,1,0,0
2025-09-23 14:23:20,user_1580,employee,pqc,,USA,low,payroll,low,write,0,36,18.85,1,0,0
2025-09-23 14:23:30,user_1581,auditor,pqc,,EU,medium,logs,low,write,0,18,11.0,1,1,0
2025-09-23 14:23:40,user_1582,guest,classical,,Unknown,high,backend_sync,medium,update,0,21,6.5,0,0,0
2025-09-23 14:23:50,user_1583,third_party,classical,65.0,India,medium,backend_sync,high,update,0,16,8.88,0,1,0
2025-09-23 14:24:00,user_1584,guest,pqc,,India,high,customer_kyc,high,update,0,25,3.71,2,0,1
2025-09-23 14:24:10,user_1585,admin,pqc,,Unknown,low,catalog,low,update,0,20,14.4,1,1,0
2025-09-23 14:24:20,user_1586,third_party,classical,92.0,USA,medium,logs,medium,delete,0,18,15.31,1,1,0
2025-09-23 14:24:30,user_1587,service,pqc,,EU,low,backend_sync,high,delete,0,23,7.83,0,1,1
2025-09-23 14:24:40,user_1588,third_party,classical,92.0,India,low,catalog,low,update,0,16,9.58,2,0,0
2025-09-23 14:24:50,user_1589,service,pqc,,USA,medium,logs,medium,delete,0,25,8.08,0,0,0
2025-09-23 14:25:00,user_1590,employee,classical,,USA,low,catalog,medium,read,0,17,6.42,0,1,0
2025-09-23 14:25:10,user_1591,guest,pqc,,EU,medium,payroll,high,delete,0,24,6.53,1,0,0
2025-09-23 14:25:20,user_1592,admin,pqc,,EU,high,transaction,low,update,0,16,11.55,1,1,0
2025-09-23 14:25:30,user_1593,guest,pqc,,USA,high,catalog,low,update,0,18,12.38,3,1,0
2025-09-23 14:25:40,user_1594,auditor,classical,,USA,low,payroll,low,delete,0,18,15.84,0,0,0
2025-09-23 14:25:50,user_1595,third_party,pqc,65.0,Unknown,medium,catalog,high,write,0,14,6.12,1,1,0
2025-09-23 14:26:00,user_1596,admin,pqc,,Unknown,low,customer_kyc,low,read,0,21,9.89,1,1,0
2025-09-23 14:26:10,user_1597,guest,pqc,,Unknown,medium,customer_kyc,low,read,0,26,6.09,0,0,1
2025-09-23 14:26:20,user_1598,employee,classical,,Unknown,high,logs,low,write,0,29,16.87,0,0,0
2025-09-23 14:26:30,user_1599,guest,pqc,,India,medium,transaction,low,delete,0,23,11.8,0,0,1
2025-09-23 14:26:40,user_1600,third_party,pqc,65.0,EU,high,catalog,low,write,0,16,10.22,1,0,0
2025-09-23 14:26:50,user_1601,auditor,classical,,India,high,payroll,medium,delete,0,18,13.43,5,0,0
2025-09-23 14:27:00,user_1602,service,pqc,,EU,high,catalog,low,read,0,19,10.7,0,1,0
2025-09-23 14:27:10,user_1603,employee,classical,,Unknown,low,transaction,high,read,179788,23,10.33,0,1,1
2025-09-23 14:27:20,user_1604,third_party,classical,40.0,Unknown,medium,backend_sync,low,read,0,24,3.65,1,0,1
2025-09-23 14:27:30,user_1605,third_party,pqc,65.0,India,medium,catalog,low,read,0,19,15.77,2,1,0
2025-09-23 14:27:40,user_1606,service,pqc,,Unknown,high,transaction,high,update,0,19,1.88,1,0,0
2025-09-23 14:27:50,user_1607,auditor,pqc,,USA,high,customer_kyc,medium,write,0,20,1.7,1,1,0
2025-09-23 14:28:00,user_1608,admin,pqc,,India,medium,backend_sync,medium,write,0,21,14.04,2,1,0
2025-09-23 14:28:10,user_1609,auditor,pqc,,Unknown,medium,catalog,low,update,0,25,9.03,0,1,0
2025-09-23 14:28:20,user_1610,guest,classical,,EU,high,payroll,medium,read,0,17,9.06,0,0,0
2025-09-23 14:28:30,user_1611,auditor,pqc,,USA,medium,backend_sync,high,update,0,16,8.24,1,1,0
2025-09-23 14:28:40,user_1612,service,pqc,,USA,high,backend_sync,low,write,0,19,11.68,3,0,0
2025-09-23 14:28:50,user_1613,guest,pqc,,Unknown,medium,backend_sync,high,read,0,30,6.31,1,0,0
2025-09-23 14:29:00,user_1614,guest,pqc,,EU,low,transaction,medium,update,190042,28,13.6,2,1,1
2025-09-23 14:29:10,user_1615,guest,classical,,USA,low,customer_kyc,low,update,0,20,19.1,0,1,1
2025-09-23 14:29:20,user_1616,third_party,pqc,65.0,EU,low,catalog,high,delete,0,20,11.93,2,0,1
2025-09-23 14:29:30,user_1617,service,classical,,USA,high,logs,high,write,0,19,16.8,0,0,0
2025-09-23 14:29:40,user_1618,auditor,classical,,EU,medium,catalog,medium,read,0,20,10.91,1,0,0
2025-09-23 14:29:50,user_1619,service,classical,,USA,low,transaction,medium,read,0,19,5.83,1,1,0
2025-09-23 14:30:00,user_1620,guest,classical,,India,medium,payroll,low,write,0,20,9.59,1,0,0
2025-09-23 14:30:10,user_1621,auditor,classical,,EU,high,backend_sync,low,delete,0,20,13.85,0,0,0
2025-09-23 14:30:20,user_1622,admin,pqc,,USA,high,backend_sync,high,read,0,23,9.65,2,0,0
2025-09-23 14:30:30,user_1623,guest,pqc,,India,high,customer_kyc,high,delete,0,16,19.46,0,1,1
2025-09-23 14:30:40,user_1624,admin,classical,,USA,low,transaction,high,delete,31515,22,15.14,0,0,1
2025-09-23 14:30:50,user_1625,third_party,classical,65.0,India,low,payroll,high,delete,0,16,6.28,1,0,1
2025-09-23 14:31:00,user_1626,guest,pqc,,India,low,catalog,low,write,0,19,15.11,1,1,0
2025-09-23 14:31:10,user_1627,admin,pqc,,Unknown,low,logs,medium,write,0,17,17.18,0,1,0
2025-09-23 14:31:20,user_1628,guest,pqc,,USA,low,logs,medium,write,0,17,20.43,1,1,0
2025-09-23 14:31:30,user_1629,auditor,pqc,,Unknown,high,customer_kyc,medium,read,0,18,11.39,1,1,0
2025-09-23 14:31:40,user_1630,guest,pqc,,Unknown,high,customer_kyc,high,delete,0,12,10.44,0,1,1
2025-09-23 14:31:50,user_1631,admin,pqc,,USA,low,backend_sync,low,write,0,25,10.88,2,0,0
2025-09-23 14:32:00,user_1632,admin,classical,,EU,medium,payroll,medium,update,0,16,18.92,4,1,0
2025-09-23 14:32:10,user_1633,admin,pqc,,EU,low,backend_sync,high,update,0,29,21.36,0,0,1
2025-09-23 14:32:20,user_1634,employee,pqc,,EU,high,payroll,low,write,0,20,18.37,0,1,0
2025-09-23 14:32:30,user_1635,guest,pqc,,Unknown,low,logs,high,update,0,16,10.17,0,1,1
2025-09-23 14:32:40,user_1636,auditor,pqc,,EU,medium,logs,low,update,0,18,16.62,0,1,0
2025-09-23 14:32:50,user_1637,third_party,pqc,65.0,Unknown,low,catalog,medium,read,0,21,5.23,1,0,0
2025-09-23 14:33:00,user_1638,third_party,pqc,92.0,EU,medium,logs,high,write,0,22,11.53,1,1,0
2025-09-23 14:33:10,user_1639,auditor,pqc,,India,medium,catalog,medium,update,0,24,8.84,0,0,0
2025-09-23 14:33:20,user_1640,employee,pqc,,USA,high,transaction,high,write,86323,24,6.07,0,1,0
2025-09-23 14:33:30,user_1641,admin,pqc,,Unknown,high,logs,low,delete,0,17,17.49,1,0,0
2025-09-23 14:33:40,user_1642,admin,classical,,USA,medium,payroll,medium,delete,0,25,12.86,2,1,0
2025-09-23 14:33:50,user_1643,admin,pqc,,EU,low,transaction,medium,delete,0,18,11.99,0,1,0
2025-09-23 14:34:00,user_1644,guest,classical,,India,medium,customer_kyc,medium,update,0,25,12.2,2,1,1
2025-09-23 14:34:10,user_1645,service,classical,,EU,high,backend_sync,low,update,0,15,14.17,1,1,0
2025-09-23 14:34:20,user_1646,third_party,classical,65.0,EU,medium,catalog,high,delete,0,24,17.04,0,1,0
2025-09-23 14:34:30,user_1647,employee,pqc,,USA,low,backend_sync,high,write,0,12,12.04,1,0,1
2025-09-23 14:34:40,user_1648,service,pqc,,Unknown,medium,catalog,high,read,0,26,0.62,3,1,0
2025-09-23 14:34:50,user_1649,admin,pqc,,India,low,logs,low,delete,0,19,15.9,2,1,0
2025-09-23 14:35:00,user_1650,guest,pqc,,India,low,transaction,low,read,0,23,5.52,0,0,1
2025-09-23 14:35:10,user_1651,guest,classical,,Unknown,low,backend_sync,high,read,0,23,5.16,1,1,1
2025-09-23 14:35:20,user_1652,auditor,pqc,,Unknown,low,customer_kyc,low,update,0,15,11.01,0,0,0
2025-09-23 14:35:30,user_1653,employee,pqc,,Unknown,low,backend_sync,low,delete,0,20,2.22,2,0,0
2025-09-23 14:35:40,user_1654,third_party,pqc,92.0,India,low,catalog,high,read,0,20,2.43,1,1,1
2025-09-23 14:35:50,user_1655,third_party,classical,40.0,USA,high,payroll,low,update,0,28,13.15,1,1,1
2025-09-23 14:36:00,user_1656,service,classical,,USA,low,payroll,high,write,0,17,16.19,1,0,1
2025-09-23 14:36:10,user_1657,employee,pqc,,EU,high,transaction,low,read,34377,23,8.73,0,0,0
2025-09-23 14:36:20,user_1658,auditor,pqc,,EU,low,customer_kyc,high,update,0,17,5.89,0,0,1
2025-09-23 14:36:30,user_1659,third_party,pqc,65.0,EU,high,logs,high,write,0,16,12.69,1,0,0
2025-09-23 14:36:40,user_1660,third_party,classical,92.0,Unknown,low,backend_sync,high,delete,0,17,20.56,0,1,1
2025-09-23 14:36:50,user_1661,third_party,pqc,92.0,EU,high,catalog,low,read,0,16,5.7,2,0,0
2025-09-23 14:37:00,user_1662,guest,classical,,EU,high,transaction,medium,update,197524,22,9.52,4,1,1
2025-09-23 14:37:10,user_1663,employee,classical,,India,low,logs,medium,update,0,18,18.65,2,0,0
2025-09-23 14:37:20,user_1664,third_party,classical,65.0,India,medium,catalog,medium,read,0,17,8.31,3,1,0
2025-09-23 14:37:30,user_1665,auditor,classical,,Unknown,low,logs,high,read,0,13,6.86,1,1,1
2025-09-23 14:37:40,user_1666,third_party,classical,92.0,USA,low,backend_sync,medium,read,0,18,7.42,1,0,0
2025-09-23 14:37:50,user_1667,employee,classical,,EU,low,customer_kyc,high,delete,0,31,20.62,2,0,1
2025-09-23 14:38:00,user_1668,admin,classical,,USA,medium,payroll,medium,write,0,28,5.65,1,1,0
2025-09-23 14:38:10,user_1669,employee,classical,,EU,low,backend_sync,high,update,0,15,9.62,1,0,1
2025-09-23 14:38:20,user_1670,employee,classical,,Unknown,high,logs,medium,update,0,23,9.33,2,1,0
2025-09-23 14:38:30,user_1671,guest,pqc,,India,high,logs,high,delete,0,17,3.18,2,0,0
2025-09-23 14:38:40,user_1672,service,classical,,Unknown,high,payroll,medium,write,0,19,9.07,1,0,0
2025-09-23 14:38:50,user_1673,admin,classical,,USA,high,transaction,medium,read,30467,19,12.95,1,1,0
2025-09-23 14:39:00,user_1674,third_party,pqc,65.0,EU,low,backend_sync,high,update,0,21,3.57,1,1,1
2025-09-23 14:39:10,user_1675,auditor,classical,,USA,low,payroll,medium,read,0,13,3.49,0,1,0
2025-09-23 14:39:20,user_1676,third_party,classical,92.0,EU,high,payroll,high,write,0,23,15.29,0,0,0
2025-09-23 14:39:30,user_1677,service,classical,,Unknown,medium,payroll,high,write,0,20,12.35,2,0,0
2025-09-23 14:39:40,user_1678,auditor,classical,,USA,medium,backend_sync,medium,update,0,23,2.37,2,0,0
2025-09-23 14:39:50,user_1679,auditor,pqc,,USA,low,customer_kyc,low,read,0,25,4.23,0,1,0
2025-09-23 14:40:00,user_1680,service,classical,,EU,high,transaction,high,read,0,11,2.34,2,1,0
2025-09-23 14:40:10,user_1681,auditor,classical,,Unknown,medium,logs,high,delete,0,16,4.36,1,1,0
2025-09-23 14:40:20,user_1682,employee,pqc,,USA,low,catalog,high,update,0,24,1.33,2,1,1
2025-09-23 14:40:30,user_1683,auditor,classical,,USA,medium,catalog,low,delete,0,23,4.39,0,0,0
2025-09-23 14:40:40,user_1684,service,pqc,,USA,high,logs,medium,read,0,18,3.93,1,0,0
2025-09-23 14:40:50,user_1685,admin,classical,,Unknown,high,transaction,low,update,34108,24,6.31,0,1,0
2025-09-23 14:41:00,user_1686,third_party,pqc,92.0,India,low,customer_kyc,medium,write,0,22,9.86,0,0,0
2025-09-23 14:41:10,user_1687,admin,classical,,USA,low,payroll,high,read,0,23,16.82,0,1,1
2025-09-23 14:41:20,user_1688,guest,classical,,EU,medium,customer_kyc,high,write,0,27,11.98,1,0,1
2025-09-23 14:41:30,user_1689,service,classical,,Unknown,high,logs,high,delete,0,19,10.85,1,1,0
2025-09-23 14:41:40,user_1690,third_party,pqc,92.0,Unknown,medium,logs,high,update,0,18,14.97,0,0,0
2025-09-23 14:41:50,user_1691,auditor,pqc,,EU,low,payroll,low,read,0,18,11.27,1,0,0
2025-09-23 14:42:00,user_1692,third_party,classical,92.0,EU,medium,customer_kyc,high,delete,0,22,9.78,0,1,0
2025-09-23 14:42:10,user_1693,third_party,classical,92.0,EU,medium,transaction,high,update,0,20,8.3,0,0,0
2025-09-23 14:42:20,user_1694,employee,pqc,,EU,low,logs,medium,read,0,14,15.49,1,0,0
2025-09-23 14:42:30,user_1695,guest,pqc,,India,low,payroll,medium,write,0,16,13.35,0,1,0
2025-09-23 14:42:40,user_1696,auditor,classical,,Unknown,high,transaction,low,update,0,16,23.61,1,1,0
2025-09-23 14:42:50,user_1697,auditor,classical,,Unknown,medium,payroll,high,delete,0,22,14.22,1,1,0
2025-09-23 14:43:00,user_1698,employee,classical,,India,low,payroll,low,update,0,17,15.36,0,0,0
2025-09-23 14:43:10,user_1699,service,pqc,,Unknown,medium,transaction,low,read,74453,16,5.73,1,1,0
2025-09-23 14:43:20,user_1700,service,pqc,,Unknown,low,logs,medium,read,0,23,8.32,2,0,0
2025-09-23 14:43:30,user_1701,admin,pqc,,EU,low,catalog,high,delete,0,20,4.39,1,1,1
2025-09-23 14:43:40,user_1702,admin,pqc,,Unknown,low,payroll,low,delete,0,17,0.63,0,0,0
2025-09-23 14:43:50,user_1703,guest,classical,,India,low,transaction,high,write,95555,17,20.22,2,1,1
2025-09-23 14:44:00,user_1704,service,classical,,USA,low,catalog,medium,read,0,18,17.6,0,1,0
2025-09-23 14:44:10,user_1705,service,pqc,,India,high,payroll,high,read,0,23,0.68,2,1,0
2025-09-23 14:44:20,user_1706,admin,pqc,,Unknown,high,backend_sync,medium,update,0,23,4.85,0,1,0
2025-09-23 14:44:30,user_1707,service,pqc,,USA,high,logs,medium,read,0,19,7.58,1,1,0
2025-09-23 14:44:40,user_1708,third_party,pqc,40.0,EU,high,payroll,low,update,0,26,9.46,1,1,1
2025-09-23 14:44:50,user_1709,auditor,classical,,Unknown,high,logs,medium,write,0,17,2.27,2,1,0
2025-09-23 14:45:00,user_1710,auditor,classical,,India,low,catalog,medium,delete,0,23,7.5,0,0,0
2025-09-23 14:45:10,user_1711,third_party,classical,65.0,USA,low,catalog,medium,update,0,14,12.72,1,1,0
2025-09-23 14:45:20,user_1712,employee,classical,,USA,high,transaction,high,update,133676,24,18.04,0,0,1
2025-09-23 14:45:30,user_1713,third_party,classical,65.0,EU,high,transaction,low,delete,39211,17,14.51,0,1,0
2025-09-23 14:45:40,user_1714,third_party,classical,65.0,Unknown,high,backend_sync,medium,read,0,22,15.07,0,0,0
2025-09-23 14:45:50,user_1715,third_party,classical,92.0,EU,low,customer_kyc,low,update,0,18,13.26,2,1,0
2025-09-23 14:46:00,user_1716,employee,classical,,EU,high,catalog,low,write,0,17,13.77,0,0,0
2025-09-23 14:46:10,user_1717,admin,pqc,,EU,high,payroll,medium,delete,0,26,10.67,3,1,0
2025-09-23 14:46:20,user_1718,guest,classical,,Unknown,high,payroll,low,delete,0,24,8.5,2,1,0
2025-09-23 14:46:30,user_1719,service,pqc,,USA,medium,catalog,medium,update,0,21,3.82,1,0,0
2025-09-23 14:46:40,user_1720,auditor,pqc,,India,low,customer_kyc,medium,write,0,29,8.85,0,0,0
2025-09-23 14:46:50,user_1721,admin,pqc,,USA,high,payroll,high,update,0,20,10.75,0,0,0
2025-09-23 14:47:00,user_1722,third_party,pqc,40.0,India,medium,payroll,medium,delete,0,20,10.52,2,1,1
2025-09-23 14:47:10,user_1723,admin,classical,,India,low,catalog,low,read,0,19,1.35,1,1,0
2025-09-23 14:47:20,user_1724,third_party,classical,40.0,India,low,logs,high,update,0,14,17.1,3,1,1
2025-09-23 14:47:30,user_1725,service,classical,,Unknown,medium,backend_sync,high,delete,0,14,11.47,0,0,0
2025-09-23 14:47:40,user_1726,service,pqc,,USA,low,backend_sync,low,update,0,23,0.79,0,1,0
2025-09-23 14:47:50,user_1727,employee,pqc,,EU,low,backend_sync,low,update,0,22,6.85,1,0,0
2025-09-23 14:48:00,user_1728,guest,classical,,USA,low,transaction,high,read,139876,20,22.99,2,0,1
2025-09-23 14:48:10,user_1729,service,classical,,EU,low,customer_kyc,high,read,0,27,1.38,1,1,1
2025-09-23 14:48:20,user_1730,service,classical,,USA,high,transaction,medium,delete,107843,16,11.71,1,1,1
2025-09-23 14:48:30,user_1731,employee,pqc,,EU,high,logs,medium,write,0,23,11.48,1,1,0
2025-09-23 14:48:40,user_1732,auditor,pqc,,India,high,logs,medium,write,0,18,21.09,1,0,0
2025-09-23 14:48:50,user_1733,auditor,classical,,USA,medium,transaction,low,update,0,21,10.29,1,0,0
2025-09-23 14:49:00,user_1734,service,pqc,,India,high,transaction,low,read,2221,21,10.97,3,1,0
2025-09-23 14:49:10,user_1735,auditor,classical,,USA,high,customer_kyc,high,delete,0,15,9.04,1,0,0
2025-09-23 14:49:20,user_1736,guest,classical,,USA,high,backend_sync,high,update,0,16,17.1,1,0,0
2025-09-23 14:49:30,user_1737,third_party,classical,40.0,EU,medium,transaction,low,read,32531,21,5.89,1,1,1
2025-09-23 14:49:40,user_1738,admin,pqc,,EU,low,payroll,high,read,0,22,7.39,0,1,1
2025-09-23 14:49:50,user_1739,employee,classical,,USA,medium,backend_sync,low,delete,0,23,12.51,3,1,0
2025-09-23 14:50:00,user_1740,admin,classical,,USA,high,logs,high,write,0,23,9.71,0,1,0
2025-09-23 14:50:10,user_1741,employee,pqc,,India,medium,transaction,medium,read,0,18,8.9,0,1,0
2025-09-23 14:50:20,user_1742,guest,pqc,,EU,medium,logs,high,delete,0,15,13.21,0,0,0
2025-09-23 14:50:30,user_1743,auditor,pqc,,Unknown,medium,catalog,high,delete,0,21,8.65,1,0,0
2025-09-23 14:50:40,user_1744,third_party,classical,65.0,USA,low,catalog,low,delete,0,16,1.6,2,1,0
2025-09-23 14:50:50,user_1745,auditor,classical,,India,high,transaction,medium,write,169016,20,7.5,3,0,1
2025-09-23 14:51:00,user_1746,guest,classical,,India,medium,catalog,high,update,0,25,6.75,1,0,0
2025-09-23 14:51:10,user_1747,service,pqc,,EU,low,logs,low,read,0,26,8.37,1,0,0
2025-09-23 14:51:20,user_1748,admin,pqc,,EU,high,backend_sync,medium,read,0,17,3.97,1,0,0
2025-09-23 14:51:30,user_1749,third_party,classical,65.0,India,high,catalog,high,read,0,20,5.57,1,0,0
2025-09-23 14:51:40,user_1750,employee,pqc,,EU,medium,customer_kyc,medium,delete,0,15,14.3,1,0,0
2025-09-23 14:51:50,user_1751,employee,classical,,EU,low,backend_sync,medium,delete,0,21,14.05,1,1,0
2025-09-23 14:52:00,user_1752,employee,pqc,,Unknown,low,transaction,medium,delete,99862,20,7.04,1,0,0
2025-09-23 14:52:10,user_1753,third_party,pqc,40.0,India,low,backend_sync,medium,read,0,31,11.64,1,1,1
2025-09-23 14:52:20,user_1754,employee,classical,,India,low,transaction,high,write,0,20,10.71,0,0,1
2025-09-23 14:52:30,user_1755,guest,pqc,,EU,low,logs,low,delete,0,21,12.38,3,1,0
2025-09-23 14:52:40,user_1756,guest,pqc,,USA,low,logs,high,read,0,17,8.96,0,1,1
2025-09-23 14:52:50,user_1757,employee,classical,,Unknown,high,customer_kyc,low,read,0,20,16.61,0,1,0
2025-09-23 14:53:00,user_1758,third_party,classical,92.0,India,high,transaction,medium,write,0,30,7.18,0,0,0
2025-09-23 14:53:10,user_1759,third_party,pqc,40.0,Unknown,low,customer_kyc,medium,read,0,15,3.68,2,0,1
2025-09-23 14:53:20,user_1760,employee,pqc,,India,low,transaction,high,update,0,22,12.23,2,1,1
2025-09-23 14:53:30,user_1761,third_party,classical,40.0,India,medium,catalog,high,update,0,20,11.5,0,0,1
2025-09-23 14:53:40,user_1762,employee,classical,,EU,medium,backend_sync,low,delete,0,16,6.26,0,0,0
2025-09-23 14:53:50,user_1763,third_party,classical,92.0,EU,low,payroll,medium,write,0,27,7.22,1,1,0
2025-09-23 14:54:00,user_1764,admin,classical,,India,medium,payroll,low,read,0,27,16.55,0,0,0
2025-09-23 14:54:10,user_1765,service,pqc,,USA,high,customer_kyc,high,write,0,27,15.86,0,0,0
2025-09-23 14:54:20,user_1766,third_party,classical,40.0,India,medium,payroll,high,write,0,27,5.47,1,0,1
2025-09-23 14:54:30,user_1767,guest,classical,,India,low,catalog,low,delete,0,16,10.71,2,1,0
2025-09-23 14:54:40,user_1768,service,pqc,,Unknown,low,customer_kyc,low,delete,0,19,13.45,1,1,0
2025-09-23 14:54:50,user_1769,auditor,pqc,,Unknown,high,catalog,low,update,0,24,2.48,0,0,0
2025-09-23 14:55:00,user_1770,employee,pqc,,EU,medium,logs,high,update,0,17,2.78,0,0,0
2025-09-23 14:55:10,user_1771,third_party,pqc,65.0,EU,high,catalog,medium,write,0,22,12.22,2,0,0
2025-09-23 14:55:20,user_1772,service,pqc,,EU,medium,catalog,medium,delete,0,22,8.65,0,1,0
2025-09-23 14:55:30,user_1773,third_party,pqc,92.0,Unknown,medium,logs,medium,delete,0,21,3.05,1,0,0
2025-09-23 14:55:40,user_1774,employee,classical,,EU,low,customer_kyc,low,update,0,21,17.46,0,1,0
2025-09-23 14:55:50,user_1775,guest,pqc,,USA,low,logs,high,delete,0,16,7.59,1,0,1
2025-09-23 14:56:00,user_1776,third_party,classical,92.0,Unknown,medium,payroll,medium,read,0,25,17.99,0,0,0
2025-09-23 14:56:10,user_1777,auditor,classical,,Unknown,low,catalog,high,delete,0,18,13.22,0,0,1
2025-09-23 14:56:20,user_1778,service,classical,,Unknown,low,backend_sync,high,update,0,17,5.36,0,0,1
2025-09-23 14:56:30,user_1779,service,pqc,,EU,high,catalog,medium,delete,0,20,7.48,0,0,0
2025-09-23 14:56:40,user_1780,service,classical,,Unknown,medium,payroll,low,read,0,13,11.1,0,0,0
2025-09-23 14:56:50,user_1781,admin,classical,,India,high,transaction,medium,read,83128,23,8.24,2,0,0
2025-09-23 14:57:00,user_1782,service,classical,,EU,medium,transaction,medium,update,153947,21,6.46,0,1,1
2025-09-23 14:57:10,user_1783,auditor,classical,,USA,medium,transaction,low,write,0,22,21.05,1,1,0
2025-09-23 14:57:20,user_1784,admin,pqc,,EU,low,payroll,low,delete,0,20,18.22,2,1,0
2025-09-23 14:57:30,user_1785,service,classical,,India,low,customer_kyc,medium,read,0,26,3.26,1,0,0
2025-09-23 14:57:40,user_1786,employee,pqc,,Unknown,medium,catalog,high,read,0,17,8.11,0,1,0
2025-09-23 14:57:50,user_1787,third_party,classical,65.0,Unknown,high,catalog,low,update,0,25,16.72,1,0,0
2025-09-23 14:58:00,user_1788,auditor,classical,,EU,high,payroll,medium,delete,0,18,8.9,0,0,0
2025-09-23 14:58:10,user_1789,admin,classical,,USA,medium,backend_sync,high,update,0,20,4.96,1,1,0
2025-09-23 14:58:20,user_1790,admin,pqc,,EU,medium,logs,high,update,0,20,7.93,2,0,0
2025-09-23 14:58:30,user_1791,third_party,pqc,65.0,EU,high,backend_sync,high,update,0,20,17.51,1,1,0
2025-09-23 14:58:40,user_1792,third_party,pqc,40.0,India,medium,backend_sync,low,delete,0,20,9.69,0,0,1
2025-09-23 14:58:50,user_1793,auditor,classical,,EU,low,transaction,low,read,80353,22,10.35,0,0,0
2025-09-23 14:59:00,user_1794,third_party,pqc,40.0,Unknown,high,backend_sync,low,update,0,26,10.88,1,1,1
2025-09-23 14:59:10,user_1795,auditor,pqc,,Unknown,medium,backend_sync,medium,write,0,16,11.75,0,1,0
2025-09-23 14:59:20,user_1796,service,pqc,,EU,medium,logs,medium,read,0,17,7.88,1,1,0
2025-09-23 14:59:30,user_1797,service,classical,,USA,low,transaction,high,write,0,14,7.55,3,0,1
2025-09-23 14:59:40,user_1798,employee,pqc,,India,high,payroll,high,read,0,20,15.82,1,0,0
2025-09-23 14:59:50,user_1799,admin,classical,,USA,low,transaction,high,delete,166413,23,14.63,0,0,1
2025-09-23 15:00:00,user_1800,guest,classical,,India,low,customer_kyc,high,read,0,17,14.32,2,0,1
2025-09-23 15:00:10,user_1801,admin,classical,,India,medium,backend_sync,high,write,0,24,7.97,1,0,0
2025-09-23 15:00:20,user_1802,service,classical,,Unknown,medium,backend_sync,low,write,0,21,0.08,0,1,0
2025-09-23 15:00:30,user_1803,employee,pqc,,EU,medium,logs,low,read,0,33,8.66,2,1,0
2025-09-23 15:00:40,user_1804,employee,classical,,India,high,customer_kyc,medium,write,0,23,9.48,1,0,0
2025-09-23 15:00:50,user_1805,service,classical,,India,high,customer_kyc,medium,write,0,21,7.55,1,0,0
2025-09-23 15:01:00,user_1806,third_party,pqc,65.0,Unknown,low,backend_sync,medium,write,0,22,12.18,1,1,0
2025-09-23 15:01:10,user_1807,auditor,classical,,India,low,backend_sync,medium,update,0,20,10.83,0,0,0
2025-09-23 15:01:20,user_1808,admin,classical,,India,medium,logs,low,read,0,19,11.78,0,1,0
2025-09-23 15:01:30,user_1809,admin,pqc,,India,low,backend_sync,high,update,0,28,9.75,2,1,1
2025-09-23 15:01:40,user_1810,service,classical,,USA,low,logs,medium,update,0,19,13.32,1,1,0
2025-09-23 15:01:50,user_1811,auditor,pqc,,USA,medium,logs,low,write,0,13,9.02,0,0,0
2025-09-23 15:02:00,user_1812,guest,classical,,India,low,logs,medium,delete,0,22,8.84,0,1,0
2025-09-23 15:02:10,user_1813,auditor,pqc,,Unknown,medium,catalog,high,write,0,22,10.05,2,1,0
2025-09-23 15:02:20,user_1814,third_party,classical,65.0,EU,medium,catalog,low,write,0,27,14.4,1,1,0
2025-09-23 15:02:30,user_1815,admin,pqc,,EU,high,payroll,high,write,0,27,5.27,1,0,0
2025-09-23 15:02:40,user_1816,admin,pqc,,Unknown,high,logs,medium,write,0,30,11.41,1,0,0
2025-09-23 15:02:50,user_1817,third_party,pqc,92.0,EU,medium,payroll,medium,write,0,23,19.16,1,1,0
2025-09-23 15:03:00,user_1818,guest,pqc,,Unknown,medium,customer_kyc,medium,read,0,31,6.85,1,1,1
2025-09-23 15:03:10,user_1819,admin,classical,,USA,low,catalog,low,update,0,20,6.33,2,0,0
2025-09-23 15:03:20,user_1820,employee,pqc,,EU,medium,catalog,high,update,0,23,6.56,1,0,0
2025-09-23 15:03:30,user_1821,auditor,pqc,,Unknown,low,transaction,low,write,139841,26,13.94,1,1,1
2025-09-23 15:03:40,user_1822,service,pqc,,EU,medium,payroll,medium,read,0,19,10.19,1,0,0
2025-09-23 15:03:50,user_1823,third_party,pqc,65.0,Unknown,high,customer_kyc,medium,write,0,23,13.94,1,1,0
2025-09-23 15:04:00,user_1824,auditor,pqc,,USA,low,customer_kyc,high,update,0,12,5.96,5,0,1
2025-09-23 15:04:10,user_1825,service,classical,,EU,medium,payroll,medium,read,0,18,8.76,0,1,0
2025-09-23 15:04:20,user_1826,guest,classical,,Unknown,high,payroll,medium,read,0,21,13.79,1,1,0
2025-09-23 15:04:30,user_1827,third_party,pqc,40.0,India,medium,catalog,high,update,0,15,8.74,3,0,1
2025-09-23 15:04:40,user_1828,auditor,classical,,Unknown,high,customer_kyc,low,read,0,27,10.54,1,1,0
2025-09-23 15:04:50,user_1829,auditor,pqc,,EU,medium,logs,medium,update,0,20,14.99,1,0,0
2025-09-23 15:05:00,user_1830,service,classical,,India,medium,backend_sync,high,write,0,15,8.01,1,1,0
2025-09-23 15:05:10,user_1831,employee,pqc,,Unknown,low,transaction,medium,update,0,17,7.77,1,1,0
2025-09-23 15:05:20,user_1832,admin,classical,,Unknown,high,logs,medium,write,0,24,6.06,3,1,0
2025-09-23 15:05:30,user_1833,service,pqc,,EU,low,catalog,medium,read,0,19,5.11,0,1,0
2025-09-23 15:05:40,user_1834,third_party,pqc,92.0,EU,low,payroll,medium,update,0,19,15.5,1,0,0
2025-09-23 15:05:50,user_1835,auditor,classical,,India,high,logs,low,delete,0,25,6.62,1,1,0
2025-09-23 15:06:00,user_1836,employee,pqc,,Unknown,low,transaction,low,delete,170431,12,14.48,0,1,1
2025-09-23 15:06:10,user_1837,employee,pqc,,India,low,logs,medium,read,0,17,9.69,1,0,0
2025-09-23 15:06:20,user_1838,service,classical,,Unknown,high,transaction,high,write,0,23,14.57,1,0,0
2025-09-23 15:06:30,user_1839,admin,pqc,,USA,medium,transaction,medium,update,0,25,5.06,0,1,0
2025-09-23 15:06:40,user_1840,third_party,classical,40.0,Unknown,low,catalog,low,write,0,18,13.58,3,0,1
2025-09-23 15:06:50,user_1841,employee,pqc,,EU,high,logs,high,write,0,18,26.99,0,0,0
2025-09-23 15:07:00,user_1842,service,classical,,India,low,backend_sync,high,delete,0,24,15.61,1,0,1
2025-09-23 15:07:10,user_1843,admin,classical,,EU,high,customer_kyc,low,update,0,23,11.15,0,1,0
2025-09-23 15:07:20,user_1844,third_party,pqc,40.0,India,low,logs,medium,read,0,10,3.57,2,1,1
2025-09-23 15:07:30,user_1845,guest,classical,,India,high,payroll,high,write,0,22,6.26,0,0,0
2025-09-23 15:07:40,user_1846,guest,pqc,,India,medium,backend_sync,high,update,0,14,10.54,1,0,0
2025-09-23 15:07:50,user_1847,third_party,classical,65.0,EU,low,transaction,low,update,146820,8,3.69,0,1,1
2025-09-23 15:08:00,user_1848,employee,classical,,USA,medium,customer_kyc,medium,update,0,23,8.42,1,1,0
2025-09-23 15:08:10,user_1849,admin,pqc,,Unknown,high,catalog,low,delete,0,23,16.87,0,0,0
2025-09-23 15:08:20,user_1850,employee,classical,,India,medium,transaction,low,write,53466,21,20.0,1,0,0
2025-09-23 15:08:30,user_1851,guest,pqc,,USA,medium,transaction,low,write,149595,21,6.09,2,0,1
2025-09-23 15:08:40,user_1852,guest,classical,,USA,high,customer_kyc,high,update,0,26,17.27,1,0,1
2025-09-23 15:08:50,user_1853,third_party,pqc,65.0,USA,medium,catalog,low,write,0,27,7.6,3,1,0
2025-09-23 15:09:00,user_1854,guest,pqc,,EU,high,payroll,high,read,0,21,6.79,1,0,0
2025-09-23 15:09:10,user_1855,guest,classical,,India,medium,transaction,medium,delete,0,13,8.67,3,0,1
2025-09-23 15:09:20,user_1856,admin,pqc,,EU,low,customer_kyc,medium,update,0,17,0.05,1,0,0
2025-09-23 15:09:30,user_1857,auditor,pqc,,India,medium,transaction,high,update,38182,23,3.38,0,1,0
2025-09-23 15:09:40,user_1858,employee,classical,,India,medium,customer_kyc,high,read,0,26,13.94,2,0,0
2025-09-23 15:09:50,user_1859,service,classical,,Unknown,low,backend_sync,low,update,0,22,12.31,0,1,0
2025-09-23 15:10:00,user_1860,admin,pqc,,India,low,backend_sync,high,write,0,18,8.31,2,0,1
2025-09-23 15:10:10,user_1861,third_party,pqc,65.0,India,high,catalog,medium,delete,0,20,16.07,0,0,0
2025-09-23 15:10:20,user_1862,admin,classical,,India,medium,backend_sync,medium,delete,0,22,13.06,2,0,0
2025-09-23 15:10:30,user_1863,auditor,classical,,USA,high,customer_kyc,low,delete,0,13,7.91,0,0,0
2025-09-23 15:10:40,user_1864,service,classical,,Unknown,low,backend_sync,medium,write,0,16,9.06,0,0,0
2025-09-23 15:10:50,user_1865,auditor,pqc,,India,low,logs,medium,delete,0,22,14.0,2,0,0
2025-09-23 15:11:00,user_1866,auditor,pqc,,EU,medium,backend_sync,low,update,0,24,4.17,3,1,0
2025-09-23 15:11:10,user_1867,employee,pqc,,USA,medium,logs,medium,write,0,15,2.0,0,1,0
2025-09-23 15:11:20,user_1868,service,pqc,,USA,medium,transaction,low,update,37081,21,10.51,2,1,0
2025-09-23 15:11:30,user_1869,service,pqc,,Unknown,low,backend_sync,high,read,0,20,11.53,1,1,1
2025-09-23 15:11:40,user_1870,guest,classical,,USA,low,backend_sync,low,write,0,18,9.66,2,0,0
2025-09-23 15:11:50,user_1871,employee,pqc,,India,medium,transaction,low,read,0,21,12.76,2,0,0
2025-09-23 15:12:00,user_1872,auditor,classical,,EU,low,backend_sync,medium,delete,0,21,9.45,1,0,0
2025-09-23 15:12:10,user_1873,auditor,pqc,,Unknown,low,backend_sync,medium,write,0,21,13.54,0,1,0
2025-09-23 15:12:20,user_1874,service,pqc,,India,high,backend_sync,low,delete,0,26,4.71,0,0,0
2025-09-23 15:12:30,user_1875,service,classical,,India,low,transaction,medium,write,19928,16,11.3,0,0,0
2025-09-23 15:12:40,user_1876,third_party,pqc,92.0,EU,low,backend_sync,high,write,0,27,7.25,0,0,1
2025-09-23 15:12:50,user_1877,admin,pqc,,India,high,customer_kyc,low,read,0,21,7.45,0,0,0
2025-09-23 15:13:00,user_1878,auditor,pqc,,India,medium,logs,low,delete,0,16,1.1,1,0,0
2025-09-23 15:13:10,user_1879,service,pqc,,USA,medium,logs,high,update,0,24,7.33,1,1,0
2025-09-23 15:13:20,user_1880,guest,pqc,,India,low,catalog,high,delete,0,30,10.79,2,1,1
2025-09-23 15:13:30,user_1881,auditor,classical,,USA,low,catalog,medium,read,0,18,10.97,1,1,0
2025-09-23 15:13:40,user_1882,service,pqc,,Unknown,high,catalog,high,delete,0,21,20.21,0,0,0
2025-09-23 15:13:50,user_1883,third_party,pqc,65.0,India,high,customer_kyc,low,read,0,21,12.4,3,1,0
2025-09-23 15:14:00,user_1884,service,pqc,,EU,low,catalog,high,update,0,17,4.49,2,1,1
2025-09-23 15:14:10,user_1885,guest,pqc,,EU,low,catalog,high,read,0,19,13.66,1,0,1
2025-09-23 15:14:20,user_1886,guest,classical,,Unknown,high,payroll,high,delete,0,22,12.18,1,1,0
2025-09-23 15:14:30,user_1887,service,pqc,,India,medium,payroll,high,delete,0,16,13.0,1,0,0
2025-09-23 15:14:40,user_1888,third_party,pqc,65.0,EU,high,logs,low,update,0,15,6.47,1,0,0
2025-09-23 15:14:50,user_1889,service,classical,,India,high,catalog,medium,write,0,21,13.61,2,0,0
2025-09-23 15:15:00,user_1890,third_party,classical,65.0,Unknown,high,logs,high,write,0,19,19.92,0,1,0
2025-09-23 15:15:10,user_1891,employee,pqc,,India,high,customer_kyc,high,write,0,22,13.79,1,0,0
2025-09-23 15:15:20,user_1892,third_party,pqc,40.0,USA,low,catalog,high,update,0,23,18.16,0,0,1
2025-09-23 15:15:30,user_1893,third_party,pqc,92.0,India,medium,catalog,low,delete,0,24,6.33,1,0,0
2025-09-23 15:15:40,user_1894,admin,pqc,,USA,medium,catalog,low,write,0,20,19.48,1,0,0
2025-09-23 15:15:50,user_1895,admin,classical,,EU,high,payroll,high,write,0,16,8.68,0,1,0
2025-09-23 15:16:00,user_1896,service,pqc,,USA,medium,transaction,low,write,153599,23,14.26,2,0,1
2025-09-23 15:16:10,user_1897,guest,classical,,EU,high,customer_kyc,medium,write,0,16,10.02,1,1,1
2025-09-23 15:16:20,user_1898,admin,pqc,,India,low,transaction,high,update,0,24,8.83,0,1,1
2025-09-23 15:16:30,user_1899,employee,pqc,,EU,medium,customer_kyc,high,delete,0,18,11.01,0,1,0
2025-09-23 15:16:40,user_1900,third_party,classical,92.0,India,high,catalog,low,read,0,24,15.05,0,0,0
2025-09-23 15:16:50,user_1901,guest,classical,,India,medium,payroll,high,write,0,13,7.77,1,0,0
2025-09-23 15:17:00,user_1902,service,pqc,,USA,high,logs,medium,read,0,21,7.63,2,1,0
2025-09-23 15:17:10,user_1903,admin,pqc,,Unknown,high,customer_kyc,low,update,0,26,11.6,0,1,0
2025-09-23 15:17:20,user_1904,third_party,classical,40.0,EU,medium,payroll,low,delete,0,19,11.95,1,0,1
2025-09-23 15:17:30,user_1905,employee,pqc,,Unknown,high,catalog,low,read,0,20,6.33,0,1,0
2025-09-23 15:17:40,user_1906,admin,classical,,EU,low,transaction,medium,update,104092,18,12.63,2,1,1
2025-09-23 15:17:50,user_1907,service,pqc,,USA,low,payroll,medium,update,0,20,10.04,2,1,0
2025-09-23 15:18:00,user_1908,guest,pqc,,Unknown,low,payroll,low,write,0,21,1.77,2,1,0
2025-09-23 15:18:10,user_1909,auditor,classical,,Unknown,medium,payroll,low,read,0,21,10.09,0,1,0
2025-09-23 15:18:20,user_1910,service,pqc,,USA,medium,payroll,low,write,0,25,9.28,0,1,0
2025-09-23 15:18:30,user_1911,auditor,classical,,EU,medium,logs,high,update,0,20,12.03,1,1,0
2025-09-23 15:18:40,user_1912,auditor,pqc,,Unknown,low,backend_sync,high,write,0,24,7.01,1,1,1
2025-09-23 15:18:50,user_1913,employee,pqc,,USA,high,catalog,low,write,0,17,9.1,0,0,0
2025-09-23 15:19:00,user_1914,service,pqc,,EU,high,payroll,low,update,0,19,6.5,1,0,0
2025-09-23 15:19:10,user_1915,service,pqc,,USA,high,catalog,medium,update,0,20,8.95,0,1,0
2025-09-23 15:19:20,user_1916,guest,pqc,,EU,medium,payroll,high,update,0,17,16.36,0,0,0
2025-09-23 15:19:30,user_1917,third_party,pqc,65.0,India,high,customer_kyc,medium,delete,0,11,2.1,0,1,0
2025-09-23 15:19:40,user_1918,guest,pqc,,EU,medium,transaction,medium,delete,0,17,16.76,2,1,1
2025-09-23 15:19:50,user_1919,third_party,pqc,65.0,USA,high,customer_kyc,high,read,0,20,12.07,1,0,0
2025-09-23 15:20:00,user_1920,admin,classical,,USA,high,payroll,low,update,0,16,9.94,1,0,0
2025-09-23 15:20:10,user_1921,admin,pqc,,EU,high,backend_sync,low,read,0,23,5.11,0,0,0
2025-09-23 15:20:20,user_1922,admin,pqc,,USA,medium,catalog,high,write,0,16,18.53,2,0,0
2025-09-23 15:20:30,user_1923,guest,pqc,,USA,high,customer_kyc,high,update,0,16,1.18,1,0,1
2025-09-23 15:20:40,user_1924,employee,pqc,,EU,low,payroll,high,write,0,27,17.58,0,0,1
2025-09-23 15:20:50,user_1925,guest,pqc,,Unknown,high,transaction,high,delete,0,17,15.73,1,1,1
2025-09-23 15:21:00,user_1926,guest,classical,,EU,high,logs,high,read,0,28,6.4,0,0,0
2025-09-23 15:21:10,user_1927,service,pqc,,Unknown,low,payroll,medium,delete,0,19,13.54,2,0,0
2025-09-23 15:21:20,user_1928,employee,classical,,India,medium,backend_sync,medium,delete,0,20,13.97,0,0,0
2025-09-23 15:21:30,user_1929,service,pqc,,Unknown,high,payroll,medium,write,0,14,8.52,1,1,0
2025-09-23 15:21:40,user_1930,third_party,pqc,65.0,USA,high,catalog,low,delete,0,16,8.22,2,0,0
2025-09-23 15:21:50,user_1931,auditor,classical,,India,low,backend_sync,low,delete,0,21,18.24,2,0,0
2025-09-23 15:22:00,user_1932,third_party,classical,92.0,EU,medium,logs,medium,update,0,17,11.92,2,1,0
2025-09-23 15:22:10,user_1933,employee,pqc,,Unknown,high,backend_sync,low,write,0,20,13.99,0,0,0
2025-09-23 15:22:20,user_1934,third_party,classical,92.0,Unknown,low,logs,medium,delete,0,28,12.12,1,1,0
2025-09-23 15:22:30,user_1935,third_party,pqc,92.0,Unknown,high,catalog,medium,update,0,21,1.98,0,1,0
2025-09-23 15:22:40,user_1936,auditor,pqc,,Unknown,high,customer_kyc,high,write,0,30,11.81,0,0,0
2025-09-23 15:22:50,user_1937,third_party,pqc,92.0,India,high,transaction,low,write,0,20,13.89,1,1,0
2025-09-23 15:23:00,user_1938,admin,pqc,,Unknown,high,logs,high,delete,0,19,9.83,1,1,0
2025-09-23 15:23:10,user_1939,employee,classical,,Unknown,medium,customer_kyc,low,read,0,14,14.53,1,0,0
2025-09-23 15:23:20,user_1940,admin,classical,,EU,medium,payroll,medium,delete,0,17,17.96,3,0,0
2025-09-23 15:23:30,user_1941,employee,classical,,EU,low,backend_sync,high,read,0,28,7.06,3,0,1
2025-09-23 15:23:40,user_1942,auditor,classical,,India,medium,payroll,medium,write,0,18,9.44,1,0,0
2025-09-23 15:23:50,user_1943,guest,classical,,EU,high,logs,high,update,0,22,7.74,1,0,0
2025-09-23 15:24:00,user_1944,guest,classical,,Unknown,high,customer_kyc,high,delete,0,15,8.45,2,0,1
2025-09-23 15:24:10,user_1945,employee,classical,,USA,low,logs,medium,write,0,13,10.96,0,1,0
2025-09-23 15:24:20,user_1946,employee,classical,,EU,high,backend_sync,low,read,0,20,12.07,1,0,0
2025-09-23 15:24:30,user_1947,third_party,classical,40.0,India,medium,catalog,low,delete,0,17,8.83,1,1,1
2025-09-23 15:24:40,user_1948,guest,pqc,,Unknown,low,payroll,medium,delete,0,18,6.24,2,1,0
2025-09-23 15:24:50,user_1949,guest,pqc,,EU,low,catalog,high,read,0,24,17.6,0,0,1
2025-09-23 15:25:00,user_1950,admin,pqc,,USA,high,payroll,medium,delete,0,20,14.41,2,1,0
2025-09-23 15:25:10,user_1951,auditor,pqc,,India,medium,catalog,high,read,0,18,12.7,0,0,0
2025-09-23 15:25:20,user_1952,third_party,classical,65.0,Unknown,low,backend_sync,high,update,0,24,14.86,1,0,1
2025-09-23 15:25:30,user_1953,employee,classical,,EU,medium,logs,medium,delete,0,21,3.52,3,1,0
2025-09-23 15:25:40,user_1954,service,pqc,,USA,high,catalog,high,delete,0,23,17.17,0,0,0
2025-09-23 15:25:50,user_1955,employee,classical,,India,medium,logs,high,update,0,19,3.11,2,1,0
2025-09-23 15:26:00,user_1956,third_party,pqc,92.0,India,low,logs,medium,delete,0,18,3.98,0,1,0
2025-09-23 15:26:10,user_1957,admin,pqc,,USA,high,logs,low,write,0,27,11.13,3,0,0
2025-09-23 15:26:20,user_1958,admin,classical,,USA,high,transaction,low,write,166327,24,8.18,0,0,1
2025-09-23 15:26:30,user_1959,third_party,pqc,65.0,USA,low,catalog,medium,update,0,18,20.13,1,1,0
2025-09-23 15:26:40,user_1960,admin,classical,,Unknown,medium,catalog,low,read,0,29,16.28,0,0,0
2025-09-23 15:26:50,user_1961,employee,pqc,,USA,low,backend_sync,medium,update,0,18,15.94,1,0,0
2025-09-23 15:27:00,user_1962,employee,classical,,India,low,catalog,medium,delete,0,20,9.64,0,0,0
2025-09-23 15:27:10,user_1963,admin,classical,,USA,high,customer_kyc,high,delete,0,25,2.67,3,0,0
2025-09-23 15:27:20,user_1964,third_party,classical,92.0,Unknown,low,payroll,medium,write,0,22,12.42,2,0,0
2025-09-23 15:27:30,user_1965,employee,classical,,USA,low,catalog,high,write,0,22,11.34,2,1,1
2025-09-23 15:27:40,user_1966,employee,pqc,,India,high,backend_sync,medium,update,0,16,8.09,1,1,0
2025-09-23 15:27:50,user_1967,third_party,pqc,40.0,USA,low,backend_sync,medium,write,0,20,6.97,0,1,1
2025-09-23 15:28:00,user_1968,guest,classical,,EU,high,catalog,medium,update,0,18,11.87,2,1,0
2025-09-23 15:28:10,user_1969,guest,pqc,,Unknown,low,catalog,high,update,0,14,11.19,1,1,1
2025-09-23 15:28:20,user_1970,admin,classical,,EU,high,customer_kyc,medium,write,0,25,19.35,1,0,0
2025-09-23 15:28:30,user_1971,service,pqc,,Unknown,low,catalog,medium,update,0,11,6.23,2,1,0
2025-09-23 15:28:40,user_1972,admin,classical,,EU,low,catalog,low,read,0,19,16.96,1,1,0
2025-09-23 15:28:50,user_1973,admin,pqc,,Unknown,medium,customer_kyc,medium,delete,0,22,8.59,1,0,0
2025-09-23 15:29:00,user_1974,auditor,pqc,,India,medium,customer_kyc,medium,delete,0,26,5.34,1,1,0
2025-09-23 15:29:10,user_1975,guest,classical,,Unknown,medium,customer_kyc,medium,write,0,19,6.18,1,0,1
2025-09-23 15:29:20,user_1976,auditor,classical,,USA,low,catalog,high,read,0,18,10.88,3,0,1
2025-09-23 15:29:30,user_1977,admin,classical,,EU,low,catalog,medium,read,0,30,15.75,1,0,0
2025-09-23 15:29:40,user_1978,admin,classical,,Unknown,high,transaction,high,update,97145,17,14.39,1,0,0
2025-09-23 15:29:50,user_1979,admin,classical,,USA,medium,transaction,high,read,0,27,2.28,0,0,0
2025-09-23 15:30:00,user_1980,employee,pqc,,Unknown,high,logs,low,update,0,28,5.12,0,0,0
2025-09-23 15:30:10,user_1981,guest,pqc,,EU,high,catalog,low,update,0,17,10.8,3,0,0
2025-09-23 15:30:20,user_1982,service,classical,,Unknown,low,customer_kyc,low,update,0,16,6.31,2,0,0
2025-09-23 15:30:30,user_1983,third_party,pqc,40.0,EU,low,catalog,medium,update,0,21,0.25,0,1,1
2025-09-23 15:30:40,user_1984,auditor,pqc,,Unknown,high,logs,low,update,0,14,8.33,0,0,0
2025-09-23 15:30:50,user_1985,employee,pqc,,EU,low,customer_kyc,high,read,0,21,2.9,0,0,1
2025-09-23 15:31:00,user_1986,guest,classical,,EU,high,catalog,high,write,0,14,5.71,4,0,0
2025-09-23 15:31:10,user_1987,auditor,pqc,,USA,low,customer_kyc,low,delete,0,18,13.97,1,1,0
2025-09-23 15:31:20,user_1988,third_party,classical,65.0,USA,low,customer_kyc,medium,read,0,16,9.27,1,0,0
2025-09-23 15:31:30,user_1989,third_party,classical,65.0,USA,high,transaction,high,update,49906,25,11.74,1,1,0
2025-09-23 15:31:40,user_1990,service,pqc,,USA,medium,customer_kyc,medium,delete,0,26,11.19,0,1,0
2025-09-23 15:31:50,user_1991,guest,classical,,India,high,logs,medium,read,0,19,3.95,0,1,0
2025-09-23 15:32:00,user_1992,auditor,classical,,India,high,customer_kyc,low,delete,0,18,12.3,1,1,0
2025-09-23 15:32:10,user_1993,employee,classical,,Unknown,high,transaction,low,update,187480,18,9.3,0,1,1
2025-09-23 15:32:20,user_1994,auditor,classical,,India,medium,payroll,high,write,0,21,10.68,2,0,0
2025-09-23 15:32:30,user_1995,auditor,pqc,,Unknown,low,payroll,low,write,0,24,11.15,0,1,0
2025-09-23 15:32:40,user_1996,service,classical,,Unknown,low,payroll,low,update,0,23,13.68,2,1,0
2025-09-23 15:32:50,user_1997,admin,pqc,,USA,high,catalog,low,read,0,23,6.81,0,1,0
2025-09-23 15:33:00,user_1998,third_party,pqc,65.0,EU,medium,payroll,high,delete,0,16,12.93,1,1,0
2025-09-23 15:33:10,user_1999,service,classical,,EU,low,payroll,medium,delete,0,20,17.12,2,1,0
2025-09-23 15:33:20,user_2000,admin,classical,,India,high,catalog,high,delete,0,22,6.58,2,0,0
2025-09-23 15:33:30,user_2001,third_party,classical,92.0,India,medium,payroll,low,delete,0,21,14.01,2,1,0
2025-09-23 15:33:40,user_2002,guest,classical,,Unknown,low,customer_kyc,low,update,0,25,11.71,1,0,1
2025-09-23 15:33:50,user_2003,employee,pqc,,USA,high,payroll,low,write,0,14,3.51,0,0,0
2025-09-23 15:34:00,user_2004,service,pqc,,India,medium,backend_sync,high,delete,0,13,12.34,1,0,0
2025-09-23 15:34:10,user_2005,admin,classical,,USA,high,backend_sync,medium,update,0,20,8.93,0,1,0
2025-09-23 15:34:20,user_2006,employee,pqc,,EU,low,customer_kyc,medium,read,0,29,7.82,0,1,0
2025-09-23 15:34:30,user_2007,auditor,classical,,India,high,transaction,high,write,18296,22,15.36,1,0,0
2025-09-23 15:34:40,user_2008,admin,pqc,,USA,high,payroll,low,delete,0,19,0.53,3,0,0
2025-09-23 15:34:50,user_2009,third_party,pqc,65.0,India,medium,transaction,medium,write,50623,21,27.72,1,0,0
2025-09-23 15:35:00,user_2010,guest,classical,,India,high,customer_kyc,medium,write,0,19,8.91,1,0,1
2025-09-23 15:35:10,user_2011,third_party,pqc,40.0,India,medium,catalog,medium,read,0,13,11.22,0,1,1
2025-09-23 15:35:20,user_2012,employee,classical,,EU,low,backend_sync,medium,read,0,16,2.59,1,0,0
2025-09-23 15:35:30,user_2013,service,pqc,,Unknown,medium,logs,low,update,0,14,15.76,0,0,0
2025-09-23 15:35:40,user_2014,admin,classical,,Unknown,high,transaction,low,update,5488,26,18.76,0,1,0
2025-09-23 15:35:50,user_2015,third_party,classical,40.0,USA,medium,transaction,high,read,0,21,7.11,0,0,1
2025-09-23 15:36:00,user_2016,third_party,pqc,92.0,USA,high,payroll,high,update,0,25,15.43,1,1,0
2025-09-23 15:36:10,user_2017,guest,pqc,,USA,high,transaction,high,update,0,19,0.45,1,1,1
2025-09-23 15:36:20,user_2018,third_party,classical,92.0,USA,medium,catalog,high,update,0,20,6.6,2,1,0
2025-09-23 15:36:30,user_2019,auditor,pqc,,Unknown,high,transaction,medium,update,0,10,1.68,0,0,0
2025-09-23 15:36:40,user_2020,guest,classical,,USA,high,transaction,medium,update,0,26,12.78,2,0,1
2025-09-23 15:36:50,user_2021,guest,classical,,India,high,transaction,medium,update,0,18,0.16,0,1,1
2025-09-23 15:37:00,user_2022,guest,pqc,,India,medium,transaction,medium,delete,25370,21,17.09,1,1,1
2025-09-23 15:37:10,user_2023,service,classical,,EU,high,transaction,low,read,29004,14,6.5,2,0,0
2025-09-23 15:37:20,user_2024,third_party,pqc,40.0,Unknown,low,transaction,medium,write,0,16,17.66,0,0,1
2025-09-23 15:37:30,user_2025,auditor,classical,,EU,low,payroll,low,read,0,25,12.1,2,0,0
2025-09-23 15:37:40,user_2026,third_party,classical,65.0,EU,high,backend_sync,low,write,0,27,15.31,2,0,0
2025-09-23 15:37:50,user_2027,service,pqc,,EU,medium,payroll,high,read,0,14,8.38,1,1,0
2025-09-23 15:38:00,user_2028,employee,pqc,,EU,low,logs,medium,write,0,19,10.36,1,1,0
2025-09-23 15:38:10,user_2029,guest,pqc,,USA,medium,customer_kyc,low,read,0,23,13.31,2,1,1
2025-09-23 15:38:20,user_2030,auditor,pqc,,India,high,catalog,low,write,0,14,2.38,2,1,0
2025-09-23 15:38:30,user_2031,service,classical,,EU,low,payroll,high,write,0,17,7.34,1,0,1
2025-09-23 15:38:40,user_2032,service,classical,,EU,high,backend_sync,high,read,0,24,5.77,0,1,0
2025-09-23 15:38:50,user_2033,employee,classical,,USA,high,payroll,high,write,0,24,9.42,3,0,0
2025-09-23 15:39:00,user_2034,service,classical,,Unknown,high,logs,high,delete,0,13,11.56,2,0,0
2025-09-23 15:39:10,user_2035,employee,classical,,USA,medium,catalog,medium,update,0,22,12.87,1,1,0
2025-09-23 15:39:20,user_2036,service,classical,,EU,high,catalog,medium,write,0,17,10.36,0,0,0
2025-09-23 15:39:30,user_2037,third_party,pqc,65.0,USA,medium,transaction,medium,read,0,16,17.2,1,0,0
2025-09-23 15:39:40,user_2038,admin,pqc,,USA,high,catalog,high,update,0,18,4.87,0,0,0
2025-09-23 15:39:50,user_2039,auditor,pqc,,EU,medium,transaction,medium,read,154743,18,7.71,0,1,1
2025-09-23 15:40:00,user_2040,auditor,classical,,Unknown,high,backend_sync,medium,delete,0,17,1.45,0,1,0
2025-09-23 15:40:10,user_2041,auditor,classical,,Unknown,high,catalog,high,read,0,10,11.96,0,0,0
2025-09-23 15:40:20,user_2042,service,pqc,,Unknown,high,payroll,low,write,0,24,5.3,4,0,0
2025-09-23 15:40:30,user_2043,auditor,pqc,,USA,low,transaction,medium,update,196665,18,0.96,1,0,1
2025-09-23 15:40:40,user_2044,admin,classical,,EU,medium,logs,high,write,0,25,5.31,0,1,0
2025-09-23 15:40:50,user_2045,guest,classical,,EU,high,logs,low,delete,0,18,14.63,0,1,0
2025-09-23 15:41:00,user_2046,admin,pqc,,EU,high,transaction,low,update,189974,25,6.29,0,1,1
2025-09-23 15:41:10,user_2047,service,pqc,,EU,low,catalog,low,update,0,26,10.7,2,0,0
2025-09-23 15:41:20,user_2048,third_party,pqc,65.0,EU,high,logs,high,update,0,17,13.11,0,1,0
2025-09-23 15:41:30,user_2049,employee,pqc,,Unknown,high,catalog,low,read,0,21,13.26,1,0,0
2025-09-23 15:41:40,user_2050,admin,classical,,EU,medium,transaction,high,delete,0,18,11.43,0,0,0
2025-09-23 15:41:50,user_2051,service,pqc,,EU,high,backend_sync,high,write,0,16,9.06,1,1,0
2025-09-23 15:42:00,user_2052,admin,classical,,USA,high,payroll,medium,read,0,16,10.08,0,1,0
2025-09-23 15:42:10,user_2053,service,pqc,,EU,high,logs,high,read,0,30,1.99,0,0,0
2025-09-23 15:42:20,user_2054,auditor,classical,,India,medium,backend_sync,medium,write,0,23,3.53,3,0,0
2025-09-23 15:42:30,user_2055,third_party,classical,40.0,Unknown,medium,transaction,high,write,0,18,14.51,2,1,1
2025-09-23 15:42:40,user_2056,service,pqc,,USA,medium,payroll,low,write,0,14,8.5,0,0,0
2025-09-23 15:42:50,user_2057,service,classical,,India,low,logs,high,write,0,21,6.18,0,0,1
2025-09-23 15:43:00,user_2058,employee,classical,,EU,high,customer_kyc,high,write,0,23,7.82,0,1,0
2025-09-23 15:43:10,user_2059,third_party,classical,92.0,Unknown,high,payroll,high,read,0,23,3.43,0,0,0
2025-09-23 15:43:20,user_2060,auditor,pqc,,Unknown,high,backend_sync,high,write,0,14,23.84,1,1,0
2025-09-23 15:43:30,user_2061,third_party,classical,40.0,EU,medium,transaction,low,write,0,15,8.74,0,0,1
2025-09-23 15:43:40,user_2062,employee,classical,,India,high,catalog,high,delete,0,13,6.69,1,0,0
2025-09-23 15:43:50,user_2063,service,classical,,USA,low,payroll,low,update,0,23,5.01,2,1,0
2025-09-23 15:44:00,user_2064,employee,classical,,Unknown,medium,customer_kyc,low,delete,0,17,7.88,0,1,0
2025-09-23 15:44:10,user_2065,auditor,pqc,,EU,low,transaction,high,delete,78472,9,11.99,0,1,1
2025-09-23 15:44:20,user_2066,admin,classical,,EU,high,customer_kyc,low,read,0,20,5.78,1,1,0
2025-09-23 15:44:30,user_2067,third_party,classical,92.0,India,low,customer_kyc,low,write,0,27,13.51,1,0,0
2025-09-23 15:44:40,user_2068,admin,classical,,EU,low,payroll,high,update,0,21,19.77,0,0,1
2025-09-23 15:44:50,user_2069,auditor,pqc,,USA,low,customer_kyc,high,read,0,10,5.03,0,1,1
2025-09-23 15:45:00,user_2070,third_party,classical,40.0,EU,high,backend_sync,low,read,0,16,10.65,2,0,1
2025-09-23 15:45:10,user_2071,guest,pqc,,India,medium,backend_sync,low,read,0,21,4.68,3,1,0
2025-09-23 15:45:20,user_2072,third_party,classical,92.0,USA,medium,transaction,high,read,0,21,15.49,0,0,0
2025-09-23 15:45:30,user_2073,admin,pqc,,EU,low,backend_sync,low,read,0,20,12.44,0,0,0
2025-09-23 15:45:40,user_2074,service,classical,,Unknown,high,catalog,low,update,0,20,4.08,0,0,0
2025-09-23 15:45:50,user_2075,service,classical,,EU,medium,logs,medium,read,0,23,8.08,0,1,0
2025-09-23 15:46:00,user_2076,auditor,pqc,,EU,high,payroll,high,delete,0,29,7.57,1,1,0
2025-09-23 15:46:10,user_2077,third_party,classical,65.0,EU,high,logs,low,read,0,16,6.83,0,1,0
2025-09-23 15:46:20,user_2078,third_party,classical,92.0,Unknown,medium,transaction,high,read,174549,28,17.05,1,0,1
2025-09-23 15:46:30,user_2079,third_party,pqc,40.0,USA,high,logs,low,update,0,18,8.45,0,0,1
2025-09-23 15:46:40,user_2080,third_party,pqc,40.0,India,high,catalog,high,update,0,24,10.33,0,0,1
2025-09-23 15:46:50,user_2081,auditor,pqc,,India,medium,logs,high,delete,0,21,14.14,0,0,0
2025-09-23 15:47:00,user_2082,guest,classical,,Unknown,high,catalog,high,write,0,15,14.64,2,1,0
2025-09-23 15:47:10,user_2083,guest,pqc,,USA,high,payroll,low,write,0,17,11.12,3,0,0
2025-09-23 15:47:20,user_2084,admin,classical,,USA,high,transaction,medium,update,0,20,13.3,1,0,0
2025-09-23 15:47:30,user_2085,auditor,pqc,,EU,low,catalog,medium,write,0,24,13.74,0,0,0
2025-09-23 15:47:40,user_2086,third_party,classical,40.0,India,medium,logs,high,write,0,19,15.61,2,0,1
2025-09-23 15:47:50,user_2087,employee,pqc,,USA,low,customer_kyc,low,update,0,22,12.14,1,1,0
2025-09-23 15:48:00,user_2088,auditor,classical,,India,high,catalog,low,write,0,15,7.05,0,1,0
2025-09-23 15:48:10,user_2089,service,pqc,,EU,high,logs,medium,read,0,17,11.66,1,1,0
2025-09-23 15:48:20,user_2090,admin,pqc,,USA,low,catalog,high,update,0,11,0.59,0,1,1
2025-09-23 15:48:30,user_2091,auditor,classical,,EU,medium,customer_kyc,low,update,0,23,9.95,0,1,0
2025-09-23 15:48:40,user_2092,guest,classical,,USA,high,backend_sync,high,read,0,19,13.87,1,1,0
2025-09-23 15:48:50,user_2093,third_party,pqc,92.0,Unknown,medium,logs,low,read,0,21,13.54,5,0,0
2025-09-23 15:49:00,user_2094,auditor,classical,,EU,medium,logs,low,write,0,16,9.86,0,1,0
2025-09-23 15:49:10,user_2095,guest,classical,,USA,high,logs,low,read,0,23,7.99,0,1,0
2025-09-23 15:49:20,user_2096,employee,classical,,EU,high,logs,high,update,0,15,12.66,1,1,0
2025-09-23 15:49:30,user_2097,service,classical,,Unknown,low,customer_kyc,high,read,0,20,7.14,0,0,1
2025-09-23 15:49:40,user_2098,admin,pqc,,Unknown,low,transaction,low,read,0,18,18.67,1,0,0
2025-09-23 15:49:50,user_2099,guest,classical,,EU,medium,customer_kyc,high,delete,0,20,11.92,2,1,1
2025-09-23 15:50:00,user_2100,employee,classical,,Unknown,high,backend_sync,high,read,0,15,15.18,0,1,0
2025-09-23 15:50:10,user_2101,auditor,pqc,,India,medium,payroll,medium,read,0,17,9.36,0,0,0
2025-09-23 15:50:20,user_2102,employee,classical,,India,high,payroll,high,update,0,17,4.68,2,1,0
2025-09-23 15:50:30,user_2103,admin,classical,,India,high,backend_sync,medium,update,0,20,11.91,0,1,0
2025-09-23 15:50:40,user_2104,service,pqc,,USA,low,logs,low,read,0,13,2.07,0,1,0
2025-09-23 15:50:50,user_2105,admin,classical,,Unknown,medium,payroll,medium,write,0,13,13.16,1,0,0
2025-09-23 15:51:00,user_2106,admin,pqc,,India,high,payroll,low,update,0,36,8.09,1,0,0
2025-09-23 15:51:10,user_2107,guest,pqc,,EU,high,catalog,low,delete,0,22,13.7,0,1,0
2025-09-23 15:51:20,user_2108,admin,classical,,Unknown,high,customer_kyc,low,write,0,24,9.38,3,0,0
2025-09-23 15:51:30,user_2109,guest,classical,,India,high,catalog,medium,update,0,18,13.72,1,1,0
2025-09-23 15:51:40,user_2110,third_party,classical,92.0,India,medium,transaction,low,update,137231,22,8.22,0,0,1
2025-09-23 15:51:50,user_2111,auditor,classical,,USA,high,catalog,medium,delete,0,19,11.84,2,1,0
2025-09-23 15:52:00,user_2112,service,classical,,India,high,backend_sync,high,delete,0,21,10.12,0,0,0
2025-09-23 15:52:10,user_2113,admin,classical,,India,low,customer_kyc,medium,delete,0,24,0.18,2,1,0
2025-09-23 15:52:20,user_2114,guest,classical,,India,medium,customer_kyc,low,delete,0,25,12.61,0,0,1
2025-09-23 15:52:30,user_2115,auditor,classical,,India,high,customer_kyc,medium,update,0,25,3.8,1,1,0
2025-09-23 15:52:40,user_2116,admin,pqc,,EU,medium,payroll,high,delete,0,24,5.37,3,1,0
2025-09-23 15:52:50,user_2117,third_party,classical,92.0,EU,low,logs,medium,read,0,25,3.95,0,0,0
2025-09-23 15:53:00,user_2118,auditor,classical,,Unknown,high,logs,medium,write,0,24,12.91,1,1,0
2025-09-23 15:53:10,user_2119,service,classical,,Unknown,high,customer_kyc,high,update,0,17,10.99,1,0,0
2025-09-23 15:53:20,user_2120,admin,classical,,USA,medium,backend_sync,low,read,0,31,8.97,1,0,0
2025-09-23 15:53:30,user_2121,guest,pqc,,India,medium,logs,low,write,0,24,11.24,1,0,0
2025-09-23 15:53:40,user_2122,service,pqc,,USA,low,customer_kyc,medium,delete,0,16,14.35,1,1,0
2025-09-23 15:53:50,user_2123,service,pqc,,Unknown,high,payroll,medium,write,0,21,2.8,0,1,0
2025-09-23 15:54:00,user_2124,guest,pqc,,EU,high,logs,low,read,0,22,10.88,2,1,0
2025-09-23 15:54:10,user_2125,admin,pqc,,EU,high,customer_kyc,high,write,0,24,9.24,2,0,0
2025-09-23 15:54:20,user_2126,auditor,classical,,Unknown,medium,payroll,low,read,0,19,11.64,0,1,0
2025-09-23 15:54:30,user_2127,guest,classical,,Unknown,high,catalog,low,read,0,12,7.13,3,1,0
2025-09-23 15:54:40,user_2128,third_party,classical,40.0,Unknown,high,backend_sync,high,update,0,19,9.08,2,0,1
2025-09-23 15:54:50,user_2129,guest,classical,,USA,low,backend_sync,low,update,0,21,11.69,0,0,0
2025-09-23 15:55:00,user_2130,guest,classical,,India,medium,transaction,medium,delete,0,14,16.11,1,0,1
2025-09-23 15:55:10,user_2131,service,pqc,,USA,high,payroll,high,delete,0,25,6.46,2,1,0
2025-09-23 15:55:20,user_2132,guest,classical,,Unknown,low,logs,high,delete,0,20,8.12,1,1,1
2025-09-23 15:55:30,user_2133,auditor,pqc,,India,high,transaction,low,delete,0,14,7.19,1,0,0
2025-09-23 15:55:40,user_2134,employee,pqc,,USA,high,logs,high,update,0,18,17.33,1,1,0
2025-09-23 15:55:50,user_2135,guest,classical,,EU,low,logs,low,update,0,18,2.95,2,0,0
2025-09-23 15:56:00,user_2136,admin,classical,,Unknown,high,transaction,high,delete,158389,18,9.19,1,1,1
2025-09-23 15:56:10,user_2137,admin,classical,,India,medium,payroll,high,read,0,13,10.32,2,0,0
2025-09-23 15:56:20,user_2138,service,classical,,USA,high,transaction,high,delete,0,12,14.29,1,1,0
2025-09-23 15:56:30,user_2139,admin,pqc,,India,low,logs,high,delete,0,21,17.62,2,1,1
2025-09-23 15:56:40,user_2140,employee,classical,,Unknown,low,catalog,low,write,0,19,7.49,1,0,0
2025-09-23 15:56:50,user_2141,service,pqc,,EU,low,logs,medium,read,0,24,5.9,1,1,0
2025-09-23 15:57:00,user_2142,third_party,pqc,92.0,USA,medium,customer_kyc,high,delete,0,21,12.94,3,1,0
2025-09-23 15:57:10,user_2143,third_party,classical,40.0,EU,medium,transaction,low,read,129999,19,3.28,1,1,1
2025-09-23 15:57:20,user_2144,admin,classical,,India,medium,transaction,medium,update,0,18,17.48,1,0,0
2025-09-23 15:57:30,user_2145,employee,pqc,,EU,high,customer_kyc,medium,update,0,12,9.61,0,0,0
2025-09-23 15:57:40,user_2146,employee,pqc,,Unknown,high,catalog,low,read,0,13,12.51,2,1,0
2025-09-23 15:57:50,user_2147,admin,classical,,EU,low,transaction,high,write,1121,28,9.86,0,0,1
2025-09-23 15:58:00,user_2148,employee,pqc,,EU,low,backend_sync,medium,write,0,22,10.96,2,1,0
2025-09-23 15:58:10,user_2149,third_party,pqc,92.0,Unknown,high,customer_kyc,high,delete,0,21,17.59,2,1,0
2025-09-23 15:58:20,user_2150,auditor,pqc,,India,low,customer_kyc,low,update,0,24,7.04,0,0,0
2025-09-23 15:58:30,user_2151,employee,pqc,,USA,low,transaction,high,delete,73192,18,16.37,0,0,1
2025-09-23 15:58:40,user_2152,employee,pqc,,EU,low,logs,high,delete,0,28,10.94,0,1,1
2025-09-23 15:58:50,user_2153,guest,classical,,EU,medium,backend_sync,medium,write,0,18,11.94,2,0,0
2025-09-23 15:59:00,user_2154,admin,classical,,EU,low,transaction,medium,write,0,16,14.94,1,1,0
2025-09-23 15:59:10,user_2155,guest,pqc,,EU,low,payroll,medium,delete,0,12,6.12,1,1,0
2025-09-23 15:59:20,user_2156,employee,pqc,,EU,low,customer_kyc,high,write,0,20,8.85,2,1,1
2025-09-23 15:59:30,user_2157,third_party,classical,65.0,USA,high,payroll,medium,read,0,17,6.02,1,1,0
2025-09-23 15:59:40,user_2158,third_party,classical,65.0,Unknown,medium,backend_sync,high,delete,0,23,4.43,0,0,0
2025-09-23 15:59:50,user_2159,third_party,classical,92.0,India,medium,transaction,medium,write,0,22,16.73,1,0,0
2025-09-23 16:00:00,user_2160,employee,pqc,,USA,low,customer_kyc,high,delete,0,14,12.97,1,1,1
2025-09-23 16:00:10,user_2161,admin,pqc,,Unknown,high,backend_sync,medium,delete,0,27,6.93,4,0,0
2025-09-23 16:00:20,user_2162,service,classical,,EU,high,payroll,high,update,0,13,17.31,0,1,0
2025-09-23 16:00:30,user_2163,third_party,classical,40.0,USA,high,catalog,low,update,0,22,10.01,0,0,1
2025-09-23 16:00:40,user_2164,employee,classical,,India,medium,transaction,low,write,174621,22,7.99,1,1,1
2025-09-23 16:00:50,user_2165,guest,pqc,,EU,medium,payroll,medium,read,0,15,11.82,1,0,0
2025-09-23 16:01:00,user_2166,auditor,pqc,,Unknown,low,payroll,low,delete,0,18,12.97,1,0,0
2025-09-23 16:01:10,user_2167,service,pqc,,India,medium,customer_kyc,high,delete,0,19,7.25,0,1,0
2025-09-23 16:01:20,user_2168,third_party,pqc,40.0,EU,low,backend_sync,high,read,0,22,4.62,1,1,1
2025-09-23 16:01:30,user_2169,auditor,pqc,,India,low,transaction,low,delete,130734,17,11.68,0,1,1
2025-09-23 16:01:40,user_2170,guest,classical,,Unknown,low,catalog,low,write,0,19,12.4,1,0,0
2025-09-23 16:01:50,user_2171,auditor,classical,,Unknown,low,transaction,low,update,0,23,8.74,1,1,0
2025-09-23 16:02:00,user_2172,service,classical,,EU,medium,transaction,low,update,8837,21,5.09,0,1,0
2025-09-23 16:02:10,user_2173,third_party,pqc,92.0,Unknown,low,transaction,high,read,0,24,6.41,1,1,1
2025-09-23 16:02:20,user_2174,auditor,pqc,,USA,high,payroll,medium,delete,0,22,7.71,1,1,0
2025-09-23 16:02:30,user_2175,employee,classical,,USA,low,logs,high,write,0,20,15.36,2,0,1
2025-09-23 16:02:40,user_2176,service,pqc,,Unknown,high,customer_kyc,low,read,0,12,8.66,1,1,0
2025-09-23 16:02:50,user_2177,third_party,classical,92.0,USA,high,backend_sync,low,update,0,13,11.78,2,1,0
2025-09-23 16:03:00,user_2178,service,pqc,,EU,medium,catalog,high,write,0,15,14.67,1,1,0
2025-09-23 16:03:10,user_2179,guest,classical,,EU,medium,payroll,low,update,0,17,12.52,1,0,0
2025-09-23 16:03:20,user_2180,employee,classical,,Unknown,medium,logs,high,delete,0,26,0.36,0,1,0
2025-09-23 16:03:30,user_2181,third_party,pqc,65.0,India,low,logs,medium,update,0,16,8.98,2,0,0
2025-09-23 16:03:40,user_2182,admin,classical,,USA,low,payroll,high,read,0,14,10.57,1,0,1
2025-09-23 16:03:50,user_2183,third_party,pqc,40.0,EU,high,customer_kyc,low,update,0,17,10.01,0,0,1
2025-09-23 16:04:00,user_2184,auditor,classical,,India,medium,customer_kyc,medium,update,0,20,5.81,3,0,0
2025-09-23 16:04:10,user_2185,auditor,pqc,,Unknown,high,logs,medium,write,0,16,7.3,0,0,0
2025-09-23 16:04:20,user_2186,employee,classical,,USA,low,customer_kyc,medium,delete,0,21,15.12,0,0,0
2025-09-23 16:04:30,user_2187,employee,pqc,,Unknown,medium,transaction,high,update,0,18,15.84,0,1,0
2025-09-23 16:04:40,user_2188,admin,classical,,USA,high,catalog,medium,read,0,16,7.85,2,1,0
2025-09-23 16:04:50,user_2189,guest,classical,,EU,medium,transaction,medium,update,0,16,8.81,0,1,1
2025-09-23 16:05:00,user_2190,third_party,classical,92.0,EU,medium,payroll,medium,delete,0,16,7.15,0,1,0
2025-09-23 16:05:10,user_2191,guest,pqc,,Unknown,low,catalog,medium,update,0,14,12.96,2,0,0
2025-09-23 16:05:20,user_2192,employee,pqc,,USA,low,logs,low,update,0,24,12.65,2,1,0
2025-09-23 16:05:30,user_2193,service,pqc,,USA,medium,backend_sync,low,update,0,31,4.63,1,0,0
2025-09-23 16:05:40,user_2194,guest,classical,,USA,low,transaction,high,delete,0,20,4.09,2,0,1
2025-09-23 16:05:50,user_2195,admin,classical,,India,high,logs,medium,write,0,22,2.47,0,0,0
2025-09-23 16:06:00,user_2196,admin,classical,,EU,low,transaction,medium,update,0,21,7.43,1,0,0
2025-09-23 16:06:10,user_2197,auditor,pqc,,Unknown,high,payroll,high,delete,0,17,7.41,2,0,0
2025-09-23 16:06:20,user_2198,service,classical,,USA,medium,logs,low,delete,0,16,9.32,1,1,0
2025-09-23 16:06:30,user_2199,guest,pqc,,EU,medium,backend_sync,high,delete,0,16,6.11,2,1,0
2025-09-23 16:06:40,user_2200,service,pqc,,USA,low,catalog,high,read,0,26,7.94,2,0,1
2025-09-23 16:06:50,user_2201,auditor,classical,,USA,medium,customer_kyc,high,write,0,22,6.43,3,0,0
2025-09-23 16:07:00,user_2202,service,classical,,EU,high,transaction,high,write,0,18,9.06,1,0,0
2025-09-23 16:07:10,user_2203,service,pqc,,India,high,catalog,low,read,0,13,10.48,1,0,0
2025-09-23 16:07:20,user_2204,guest,classical,,Unknown,medium,catalog,high,write,0,18,13.44,0,1,0
2025-09-23 16:07:30,user_2205,auditor,classical,,EU,medium,catalog,low,read,0,17,12.74,4,1,0
2025-09-23 16:07:40,user_2206,employee,classical,,USA,medium,catalog,medium,update,0,18,7.16,1,1,0
2025-09-23 16:07:50,user_2207,guest,pqc,,Unknown,high,catalog,high,read,0,17,19.01,1,1,0
2025-09-23 16:08:00,user_2208,employee,classical,,Unknown,medium,backend_sync,low,write,0,25,14.34,2,0,0
2025-09-23 16:08:10,user_2209,third_party,classical,92.0,EU,low,catalog,high,delete,0,17,11.14,1,0,1
2025-09-23 16:08:20,user_2210,third_party,classical,40.0,EU,medium,backend_sync,low,write,0,14,16.88,2,0,1
2025-09-23 16:08:30,user_2211,admin,pqc,,EU,high,customer_kyc,low,write,0,17,13.81,0,1,0
2025-09-23 16:08:40,user_2212,employee,classical,,Unknown,medium,backend_sync,low,read,0,27,9.64,0,1,0
2025-09-23 16:08:50,user_2213,employee,classical,,EU,high,logs,low,update,0,11,18.6,1,0,0
2025-09-23 16:09:00,user_2214,guest,classical,,USA,low,logs,medium,delete,0,23,17.58,1,0,0
2025-09-23 16:09:10,user_2215,third_party,pqc,92.0,Unknown,high,customer_kyc,medium,update,0,18,7.29,0,0,0
2025-09-23 16:09:20,user_2216,guest,pqc,,USA,medium,payroll,medium,read,0,16,9.05,0,0,0
2025-09-23 16:09:30,user_2217,third_party,pqc,92.0,India,high,payroll,high,delete,0,17,13.76,0,0,0
2025-09-23 16:09:40,user_2218,admin,pqc,,EU,low,payroll,medium,delete,0,16,10.09,1,0,0
2025-09-23 16:09:50,user_2219,employee,pqc,,USA,high,payroll,low,write,0,21,8.88,1,0,0
2025-09-23 16:10:00,user_2220,employee,classical,,India,high,logs,medium,read,0,18,6.12,0,0,0
2025-09-23 16:10:10,user_2221,employee,classical,,India,medium,payroll,medium,delete,0,12,15.61,1,1,0
2025-09-23 16:10:20,user_2222,auditor,classical,,USA,low,payroll,medium,write,0,18,15.0,1,0,0
2025-09-23 16:10:30,user_2223,service,pqc,,India,high,customer_kyc,high,update,0,23,6.09,1,1,0
2025-09-23 16:10:40,user_2224,employee,pqc,,India,low,payroll,medium,read,0,20,4.63,1,1,0
2025-09-23 16:10:50,user_2225,admin,pqc,,EU,high,backend_sync,low,read,0,21,12.29,2,0,0
2025-09-23 16:11:00,user_2226,employee,classical,,USA,low,transaction,high,update,53124,21,9.82,0,1,1
2025-09-23 16:11:10,user_2227,service,classical,,India,low,customer_kyc,high,delete,0,24,4.35,0,1,1
2025-09-23 16:11:20,user_2228,admin,classical,,Unknown,high,payroll,high,write,0,26,8.98,0,1,0
2025-09-23 16:11:30,user_2229,admin,classical,,EU,high,customer_kyc,high,read,0,15,17.07,1,1,0
2025-09-23 16:11:40,user_2230,third_party,pqc,92.0,EU,high,transaction,low,read,30546,14,10.62,1,1,0
2025-09-23 16:11:50,user_2231,admin,classical,,EU,high,transaction,low,read,0,21,8.92,5,1,0
2025-09-23 16:12:00,user_2232,service,pqc,,EU,high,payroll,low,write,0,21,6.64,1,0,0
2025-09-23 16:12:10,user_2233,auditor,classical,,Unknown,medium,logs,high,read,0,17,4.52,0,0,0
2025-09-23 16:12:20,user_2234,third_party,pqc,92.0,India,high,logs,high,read,0,21,14.0,1,1,0
2025-09-23 16:12:30,user_2235,admin,pqc,,EU,medium,transaction,low,update,0,16,15.96,1,1,0
2025-09-23 16:12:40,user_2236,third_party,classical,65.0,India,low,customer_kyc,low,update,0,18,8.97,0,1,0
2025-09-23 16:12:50,user_2237,admin,classical,,EU,low,backend_sync,low,update,0,22,8.86,1,0,0
2025-09-23 16:13:00,user_2238,service,pqc,,India,high,customer_kyc,medium,read,0,16,11.79,1,0,0
2025-09-23 16:13:10,user_2239,auditor,classical,,Unknown,medium,payroll,medium,update,0,24,4.8,2,1,0
2025-09-23 16:13:20,user_2240,auditor,classical,,EU,high,logs,high,write,0,18,4.14,1,0,0
2025-09-23 16:13:30,user_2241,employee,pqc,,India,medium,transaction,medium,write,0,19,12.03,2,1,0
2025-09-23 16:13:40,user_2242,auditor,classical,,EU,low,payroll,high,delete,0,22,8.0,2,0,1
2025-09-23 16:13:50,user_2243,third_party,pqc,65.0,India,medium,customer_kyc,high,write,0,18,7.08,0,0,0
2025-09-23 16:14:00,user_2244,auditor,pqc,,USA,high,backend_sync,low,read,0,19,9.62,1,0,0
2025-09-23 16:14:10,user_2245,service,pqc,,India,high,transaction,high,read,162516,21,16.57,1,1,1
2025-09-23 16:14:20,user_2246,third_party,pqc,65.0,USA,medium,logs,low,read,0,16,22.52,0,1,0
2025-09-23 16:14:30,user_2247,guest,pqc,,USA,medium,catalog,high,write,0,21,7.58,0,1,0
2025-09-23 16:14:40,user_2248,third_party,classical,92.0,EU,medium,catalog,medium,read,0,19,10.83,0,0,0
2025-09-23 16:14:50,user_2249,guest,classical,,India,low,transaction,high,write,7984,21,4.25,0,0,1
2025-09-23 16:15:00,user_2250,admin,pqc,,Unknown,medium,transaction,medium,write,0,24,5.72,0,0,0
2025-09-23 16:15:10,user_2251,guest,classical,,USA,medium,transaction,high,read,0,15,8.63,1,1,1
2025-09-23 16:15:20,user_2252,service,classical,,Unknown,high,customer_kyc,low,read,0,19,13.46,1,1,0
2025-09-23 16:15:30,user_2253,third_party,classical,65.0,EU,high,catalog,low,write,0,14,7.76,0,0,0
2025-09-23 16:15:40,user_2254,admin,pqc,,USA,low,logs,medium,update,0,12,7.72,2,0,0
2025-09-23 16:15:50,user_2255,third_party,classical,40.0,India,low,customer_kyc,high,read,0,16,2.96,1,1,1
2025-09-23 16:16:00,user_2256,employee,pqc,,USA,medium,catalog,low,delete,0,16,10.13,1,1,0
2025-09-23 16:16:10,user_2257,third_party,classical,92.0,EU,high,payroll,high,update,0,24,12.87,0,0,0
2025-09-23 16:16:20,user_2258,guest,pqc,,EU,medium,logs,medium,delete,0,21,13.2,1,1,0
2025-09-23 16:16:30,user_2259,employee,classical,,USA,low,transaction,low,write,37234,31,11.78,2,0,0
2025-09-23 16:16:40,user_2260,admin,classical,,USA,medium,catalog,medium,read,0,16,11.19,1,1,0
2025-09-23 16:16:50,user_2261,auditor,classical,,India,high,transaction,medium,delete,175728,12,16.85,0,0,1
2025-09-23 16:17:00,user_2262,auditor,classical,,India,low,backend_sync,medium,write,0,30,11.17,0,0,0
2025-09-23 16:17:10,user_2263,service,pqc,,India,medium,customer_kyc,low,read,0,13,20.58,2,1,0
2025-09-23 16:17:20,user_2264,employee,classical,,USA,low,payroll,low,read,0,26,11.36,2,1,0
2025-09-23 16:17:30,user_2265,service,pqc,,Unknown,low,payroll,medium,write,0,26,15.15,2,0,0
2025-09-23 16:17:40,user_2266,employee,pqc,,Unknown,low,transaction,medium,delete,159069,25,17.58,0,0,1
2025-09-23 16:17:50,user_2267,third_party,pqc,92.0,India,high,customer_kyc,medium,update,0,20,2.46,0,1,0
2025-09-23 16:18:00,user_2268,third_party,pqc,92.0,EU,high,customer_kyc,medium,delete,0,19,0.43,1,0,0
2025-09-23 16:18:10,user_2269,service,pqc,,India,low,catalog,high,read,0,22,5.17,2,1,1
2025-09-23 16:18:20,user_2270,employee,pqc,,EU,high,customer_kyc,medium,read,0,18,12.3,0,1,0
2025-09-23 16:18:30,user_2271,guest,classical,,India,high,catalog,high,write,0,15,18.63,0,0,0
2025-09-23 16:18:40,user_2272,service,pqc,,India,low,transaction,high,update,180397,22,5.91,0,0,1
2025-09-23 16:18:50,user_2273,admin,classical,,Unknown,high,backend_sync,low,update,0,20,14.45,1,0,0
2025-09-23 16:19:00,user_2274,admin,pqc,,USA,medium,payroll,high,write,0,19,2.47,1,0,0
2025-09-23 16:19:10,user_2275,third_party,pqc,65.0,EU,low,catalog,low,update,0,25,14.2,0,0,0
2025-09-23 16:19:20,user_2276,guest,classical,,India,high,logs,low,read,0,16,13.82,0,1,0
2025-09-23 16:19:30,user_2277,third_party,pqc,65.0,Unknown,low,transaction,high,write,0,20,17.08,1,1,1
2025-09-23 16:19:40,user_2278,guest,pqc,,India,low,backend_sync,high,write,0,11,12.64,0,1,1
2025-09-23 16:19:50,user_2279,service,pqc,,EU,low,backend_sync,medium,write,0,20,6.16,1,1,0
2025-09-23 16:20:00,user_2280,service,pqc,,Unknown,low,backend_sync,high,update,0,20,8.7,3,0,1
2025-09-23 16:20:10,user_2281,guest,pqc,,EU,low,transaction,medium,read,153299,18,5.65,3,0,1
2025-09-23 16:20:20,user_2282,auditor,pqc,,India,medium,payroll,low,write,0,15,16.69,0,0,0
2025-09-23 16:20:30,user_2283,third_party,pqc,92.0,EU,medium,backend_sync,medium,update,0,31,13.83,2,1,0
2025-09-23 16:20:40,user_2284,guest,pqc,,EU,medium,backend_sync,high,delete,0,22,7.27,0,1,0
2025-09-23 16:20:50,user_2285,guest,pqc,,Unknown,low,customer_kyc,low,update,0,17,7.4,1,1,1
2025-09-23 16:21:00,user_2286,admin,pqc,,Unknown,low,logs,high,read,0,20,15.43,1,1,1
2025-09-23 16:21:10,user_2287,admin,classical,,USA,high,catalog,high,write,0,19,12.23,0,1,0
2025-09-23 16:21:20,user_2288,guest,classical,,Unknown,medium,payroll,low,write,0,20,7.33,1,0,0
2025-09-23 16:21:30,user_2289,guest,classical,,USA,low,catalog,low,write,0,17,10.46,0,0,0
2025-09-23 16:21:40,user_2290,third_party,classical,40.0,USA,medium,catalog,high,delete,0,18,15.66,2,0,1
2025-09-23 16:21:50,user_2291,third_party,classical,92.0,India,high,logs,high,write,0,26,20.3,2,0,0
2025-09-23 16:22:00,user_2292,auditor,classical,,EU,low,catalog,high,write,0,25,6.13,1,0,1
2025-09-23 16:22:10,user_2293,third_party,pqc,65.0,India,medium,customer_kyc,high,read,0,16,7.34,0,1,0
2025-09-23 16:22:20,user_2294,guest,classical,,Unknown,medium,backend_sync,high,write,0,19,4.75,0,1,0
2025-09-23 16:22:30,user_2295,auditor,pqc,,Unknown,high,logs,high,read,0,15,7.71,0,1,0
2025-09-23 16:22:40,user_2296,auditor,classical,,EU,low,logs,medium,read,0,19,5.21,2,1,0
2025-09-23 16:22:50,user_2297,third_party,classical,40.0,Unknown,low,catalog,low,read,0,18,6.82,1,0,1
2025-09-23 16:23:00,user_2298,service,pqc,,India,low,payroll,low,read,0,16,9.33,1,1,0
2025-09-23 16:23:10,user_2299,third_party,classical,65.0,India,medium,transaction,medium,update,0,18,5.7,1,0,0
2025-09-23 16:23:20,user_2300,auditor,classical,,Unknown,low,catalog,medium,delete,0,22,10.44,0,0,0
2025-09-23 16:23:30,user_2301,service,pqc,,Unknown,medium,payroll,medium,update,0,21,6.35,0,0,0
2025-09-23 16:23:40,user_2302,auditor,pqc,,USA,medium,backend_sync,high,read,0,22,3.15,3,0,0
2025-09-23 16:23:50,user_2303,guest,classical,,EU,high,backend_sync,medium,update,0,26,18.82,1,0,0
2025-09-23 16:24:00,user_2304,service,pqc,,India,medium,transaction,high,delete,21606,18,11.65,3,0,0
2025-09-23 16:24:10,user_2305,employee,pqc,,EU,medium,logs,high,delete,0,17,7.17,0,0,0
2025-09-23 16:24:20,user_2306,admin,pqc,,USA,medium,payroll,high,delete,0,18,10.59,1,1,0
2025-09-23 16:24:30,user_2307,admin,classical,,India,low,backend_sync,low,update,0,13,4.34,0,0,0
2025-09-23 16:24:40,user_2308,auditor,pqc,,EU,high,logs,medium,delete,0,19,19.06,1,1,0
2025-09-23 16:24:50,user_2309,service,pqc,,Unknown,medium,catalog,high,update,0,18,12.9,0,1,0
2025-09-23 16:25:00,user_2310,auditor,classical,,India,medium,logs,medium,update,0,23,1.54,1,1,0
2025-09-23 16:25:10,user_2311,third_party,pqc,92.0,India,low,catalog,medium,update,0,10,6.63,0,0,0
2025-09-23 16:25:20,user_2312,guest,classical,,Unknown,high,customer_kyc,medium,update,0,20,7.89,0,1,1
2025-09-23 16:25:30,user_2313,third_party,classical,92.0,EU,medium,logs,low,update,0,21,15.23,3,0,0
2025-09-23 16:25:40,user_2314,third_party,pqc,92.0,USA,high,transaction,high,delete,0,15,24.59,3,0,0
2025-09-23 16:25:50,user_2315,employee,pqc,,EU,medium,catalog,medium,delete,0,25,12.39,2,1,0
2025-09-23 16:26:00,user_2316,third_party,classical,92.0,USA,low,transaction,medium,read,0,17,7.89,2,1,0
2025-09-23 16:26:10,user_2317,service,classical,,India,medium,payroll,medium,delete,0,27,15.14,0,0,0
2025-09-23 16:26:20,user_2318,admin,classical,,India,medium,payroll,low,delete,0,19,8.41,0,1,0
2025-09-23 16:26:30,user_2319,service,pqc,,EU,high,transaction,high,update,0,19,7.29,0,1,0
2025-09-23 16:26:40,user_2320,third_party,classical,92.0,Unknown,medium,customer_kyc,low,delete,0,16,8.3,0,0,0
2025-09-23 16:26:50,user_2321,service,classical,,EU,high,customer_kyc,low,update,0,23,8.87,1,0,0
2025-09-23 16:27:00,user_2322,service,pqc,,USA,high,catalog,medium,delete,0,15,18.8,1,0,0
2025-09-23 16:27:10,user_2323,third_party,pqc,65.0,EU,medium,logs,low,write,0,17,9.37,0,0,0
2025-09-23 16:27:20,user_2324,admin,classical,,USA,medium,logs,medium,read,0,13,5.9,2,0,0
2025-09-23 16:27:30,user_2325,service,pqc,,USA,medium,backend_sync,medium,update,0,31,15.79,3,1,0
2025-09-23 16:27:40,user_2326,auditor,classical,,EU,high,transaction,high,write,41413,18,17.84,0,1,0
2025-09-23 16:27:50,user_2327,guest,pqc,,India,medium,catalog,medium,write,0,20,13.74,1,0,0
2025-09-23 16:28:00,user_2328,service,pqc,,EU,medium,customer_kyc,high,write,0,24,3.31,3,1,0
2025-09-23 16:28:10,user_2329,service,classical,,India,medium,logs,low,read,0,17,13.06,1,0,0
2025-09-23 16:28:20,user_2330,admin,pqc,,EU,high,logs,medium,write,0,21,4.56,2,0,0
2025-09-23 16:28:30,user_2331,third_party,classical,65.0,USA,low,payroll,low,write,0,13,6.58,0,0,0
2025-09-23 16:28:40,user_2332,auditor,classical,,USA,high,transaction,low,read,0,20,17.71,3,1,0
2025-09-23 16:28:50,user_2333,third_party,pqc,92.0,USA,low,transaction,medium,update,74099,17,16.67,0,1,0
2025-09-23 16:29:00,user_2334,service,pqc,,USA,medium,catalog,high,write,0,22,9.7,2,1,0
2025-09-23 16:29:10,user_2335,service,classical,,Unknown,low,payroll,high,delete,0,22,9.61,1,0,1
2025-09-23 16:29:20,user_2336,admin,pqc,,EU,low,payroll,high,write,0,22,0.54,0,1,1
2025-09-23 16:29:30,user_2337,guest,pqc,,Unknown,low,payroll,low,delete,0,31,9.69,0,0,0
2025-09-23 16:29:40,user_2338,service,classical,,USA,medium,catalog,low,write,0,20,17.7,1,1,0
2025-09-23 16:29:50,user_2339,admin,pqc,,Unknown,low,customer_kyc,medium,delete,0,18,7.37,1,0,0
2025-09-23 16:30:00,user_2340,admin,classical,,Unknown,low,logs,high,update,0,17,0.9,1,0,1
2025-09-23 16:30:10,user_2341,employee,classical,,Unknown,high,payroll,high,write,0,19,19.34,1,0,0
2025-09-23 16:30:20,user_2342,employee,classical,,Unknown,high,catalog,high,write,0,26,8.06,0,0,0
2025-09-23 16:30:30,user_2343,guest,classical,,EU,high,customer_kyc,high,read,0,18,13.56,1,0,1
2025-09-23 16:30:40,user_2344,admin,classical,,EU,high,transaction,high,read,182315,22,11.77,2,1,1
2025-09-23 16:30:50,user_2345,third_party,pqc,40.0,India,high,transaction,low,delete,0,19,11.97,4,0,1
2025-09-23 16:31:00,user_2346,guest,classical,,USA,high,logs,medium,read,0,15,1.83,0,1,0
2025-09-23 16:31:10,user_2347,admin,classical,,USA,medium,backend_sync,high,read,0,21,0.38,1,0,0
2025-09-23 16:31:20,user_2348,third_party,pqc,65.0,Unknown,low,backend_sync,high,write,0,11,11.94,0,1,1
2025-09-23 16:31:30,user_2349,third_party,pqc,65.0,India,high,transaction,high,read,198026,15,8.66,1,0,1
2025-09-23 16:31:40,user_2350,admin,pqc,,USA,medium,backend_sync,low,delete,0,22,1.39,0,1,0
2025-09-23 16:31:50,user_2351,admin,pqc,,India,low,transaction,medium,delete,176228,14,8.91,0,1,1
2025-09-23 16:32:00,user_2352,auditor,classical,,India,high,backend_sync,medium,update,0,19,12.81,3,1,0
2025-09-23 16:32:10,user_2353,admin,classical,,EU,medium,transaction,medium,update,27364,24,7.66,0,1,0
2025-09-23 16:32:20,user_2354,guest,pqc,,India,low,payroll,high,update,0,17,12.31,0,0,1
2025-09-23 16:32:30,user_2355,third_party,pqc,40.0,EU,medium,payroll,high,delete,0,19,9.45,3,1,1
2025-09-23 16:32:40,user_2356,employee,pqc,,Unknown,high,payroll,high,delete,0,26,16.05,0,0,0
2025-09-23 16:32:50,user_2357,third_party,pqc,92.0,India,medium,transaction,medium,delete,96163,24,11.39,1,0,0
2025-09-23 16:33:00,user_2358,guest,pqc,,Unknown,high,backend_sync,low,write,0,19,16.5,2,0,0
2025-09-23 16:33:10,user_2359,admin,classical,,EU,medium,backend_sync,medium,delete,0,25,6.43,1,0,0
2025-09-23 16:33:20,user_2360,third_party,classical,92.0,USA,high,payroll,high,update,0,21,8.22,0,0,0
2025-09-23 16:33:30,user_2361,third_party,pqc,65.0,USA,low,logs,high,delete,0,13,0.27,2,1,1
2025-09-23 16:33:40,user_2362,auditor,classical,,EU,medium,logs,medium,write,0,13,10.08,1,0,0
2025-09-23 16:33:50,user_2363,admin,classical,,USA,high,payroll,low,delete,0,19,11.23,0,0,0
2025-09-23 16:34:00,user_2364,third_party,pqc,65.0,EU,high,customer_kyc,low,delete,0,17,5.75,1,0,0
2025-09-23 16:34:10,user_2365,third_party,classical,92.0,USA,low,backend_sync,medium,update,0,18,17.27,0,0,0
2025-09-23 16:34:20,user_2366,guest,pqc,,USA,medium,catalog,high,update,0,22,10.45,1,1,0
2025-09-23 16:34:30,user_2367,guest,classical,,India,low,customer_kyc,high,update,0,21,13.76,3,1,1
2025-09-23 16:34:40,user_2368,admin,classical,,India,high,backend_sync,medium,write,0,21,9.37,0,1,0
2025-09-23 16:34:50,user_2369,third_party,pqc,65.0,India,medium,customer_kyc,high,write,0,19,11.11,0,1,0
2025-09-23 16:35:00,user_2370,employee,classical,,USA,low,logs,high,read,0,26,10.95,0,0,1
2025-09-23 16:35:10,user_2371,third_party,classical,92.0,EU,low,logs,low,delete,0,21,11.04,2,0,0
2025-09-23 16:35:20,user_2372,employee,pqc,,India,medium,payroll,medium,read,0,17,6.55,2,1,0
2025-09-23 16:35:30,user_2373,admin,classical,,USA,low,backend_sync,low,read,0,20,3.16,0,0,0
2025-09-23 16:35:40,user_2374,admin,pqc,,India,low,customer_kyc,medium,read,0,26,14.05,2,0,0
2025-09-23 16:35:50,user_2375,auditor,classical,,Unknown,high,backend_sync,high,update,0,18,18.77,1,0,0
2025-09-23 16:36:00,user_2376,third_party,classical,92.0,EU,high,transaction,high,delete,113771,24,12.94,0,0,1
2025-09-23 16:36:10,user_2377,admin,pqc,,USA,low,backend_sync,high,update,0,20,6.47,0,1,1
2025-09-23 16:36:20,user_2378,service,pqc,,EU,low,customer_kyc,low,delete,0,21,2.84,0,1,0
2025-09-23 16:36:30,user_2379,guest,classical,,Unknown,medium,customer_kyc,low,update,0,25,0.38,0,1,1
2025-09-23 16:36:40,user_2380,third_party,classical,65.0,Unknown,low,transaction,low,write,54001,28,17.47,0,0,0
2025-09-23 16:36:50,user_2381,employee,classical,,India,medium,logs,high,write,0,22,11.01,0,1,0
2025-09-23 16:37:00,user_2382,guest,pqc,,EU,low,customer_kyc,high,delete,0,16,7.82,3,1,1
2025-09-23 16:37:10,user_2383,employee,pqc,,Unknown,medium,payroll,high,update,0,21,2.61,0,0,0
2025-09-23 16:37:20,user_2384,third_party,classical,40.0,Unknown,medium,payroll,medium,read,0,29,9.36,1,1,1
2025-09-23 16:37:30,user_2385,third_party,classical,40.0,EU,low,logs,medium,write,0,14,2.95,1,1,1
2025-09-23 16:37:40,user_2386,employee,pqc,,EU,medium,backend_sync,medium,delete,0,19,8.36,0,0,0
2025-09-23 16:37:50,user_2387,guest,classical,,USA,medium,transaction,medium,delete,0,20,13.66,0,1,1
2025-09-23 16:38:00,user_2388,auditor,pqc,,USA,medium,transaction,medium,delete,0,19,9.9,0,0,0
2025-09-23 16:38:10,user_2389,service,classical,,India,low,logs,medium,read,0,25,7.38,1,0,0
2025-09-23 16:38:20,user_2390,third_party,pqc,92.0,India,low,payroll,high,write,0,20,9.27,0,0,1
2025-09-23 16:38:30,user_2391,admin,pqc,,Unknown,high,payroll,low,read,0,22,9.39,2,0,0
2025-09-23 16:38:40,user_2392,auditor,pqc,,Unknown,low,catalog,high,write,0,21,5.09,1,0,1
2025-09-23 16:38:50,user_2393,service,classical,,Unknown,low,payroll,medium,write,0,22,17.89,2,1,0
2025-09-23 16:39:00,user_2394,auditor,classical,,EU,high,transaction,low,write,48773,22,20.3,1,1,0
2025-09-23 16:39:10,user_2395,guest,pqc,,India,high,customer_kyc,medium,read,0,19,16.82,0,0,1
2025-09-23 16:39:20,user_2396,auditor,classical,,USA,high,backend_sync,high,update,0,24,17.9,2,1,0
2025-09-23 16:39:30,user_2397,third_party,pqc,92.0,India,medium,logs,high,delete,0,17,14.58,1,1,0
2025-09-23 16:39:40,user_2398,service,classical,,EU,medium,payroll,low,read,0,21,9.41,0,1,0
2025-09-23 16:39:50,user_2399,service,pqc,,India,high,backend_sync,high,read,0,25,14.91,1,0,0
2025-09-23 16:40:00,user_2400,third_party,pqc,40.0,EU,medium,backend_sync,high,write,0,17,7.12,1,0,1
2025-09-23 16:40:10,user_2401,admin,pqc,,USA,high,transaction,high,delete,12955,22,9.94,1,0,0
2025-09-23 16:40:20,user_2402,admin,pqc,,India,high,backend_sync,medium,write,0,16,10.48,2,1,0
2025-09-23 16:40:30,user_2403,auditor,classical,,USA,low,payroll,medium,write,0,13,11.01,0,0,0
2025-09-23 16:40:40,user_2404,auditor,pqc,,India,high,transaction,medium,delete,0,19,8.14,0,0,0
2025-09-23 16:40:50,user_2405,third_party,pqc,65.0,India,high,payroll,medium,delete,0,16,11.4,1,1,0
2025-09-23 16:41:00,user_2406,admin,classical,,Unknown,low,logs,low,write,0,12,5.96,0,0,0
2025-09-23 16:41:10,user_2407,service,classical,,USA,medium,payroll,low,update,0,15,13.6,0,0,0
2025-09-23 16:41:20,user_2408,admin,classical,,Unknown,medium,catalog,medium,write,0,24,8.21,1,1,0
2025-09-23 16:41:30,user_2409,auditor,classical,,EU,high,backend_sync,medium,read,0,12,11.74,1,0,0
2025-09-23 16:41:40,user_2410,third_party,classical,92.0,Unknown,medium,logs,high,delete,0,22,5.28,0,1,0
2025-09-23 16:41:50,user_2411,admin,pqc,,USA,high,payroll,high,write,0,15,5.81,0,0,0
2025-09-23 16:42:00,user_2412,employee,classical,,USA,medium,transaction,high,read,0,25,8.42,1,0,0
2025-09-23 16:42:10,user_2413,service,pqc,,India,medium,customer_kyc,high,delete,0,20,9.89,2,1,0
2025-09-23 16:42:20,user_2414,employee,classical,,EU,high,transaction,medium,delete,0,21,13.44,2,0,0
2025-09-23 16:42:30,user_2415,guest,classical,,USA,low,logs,medium,update,0,21,13.05,2,1,0
2025-09-23 16:42:40,user_2416,auditor,classical,,India,high,payroll,low,delete,0,18,5.75,1,1,0
2025-09-23 16:42:50,user_2417,employee,pqc,,India,high,customer_kyc,medium,write,0,23,6.36,0,0,0
2025-09-23 16:43:00,user_2418,service,classical,,Unknown,medium,logs,low,write,0,16,12.41,4,0,0
2025-09-23 16:43:10,user_2419,auditor,pqc,,Unknown,high,backend_sync,low,write,0,27,11.68,2,0,0
2025-09-23 16:43:20,user_2420,third_party,classical,92.0,India,medium,customer_kyc,high,read,0,14,5.33,0,0,0
2025-09-23 16:43:30,user_2421,third_party,classical,92.0,India,low,payroll,low,write,0,24,4.88,0,1,0
2025-09-23 16:43:40,user_2422,guest,classical,,Unknown,low,transaction,low,update,0,15,5.72,1,1,1
2025-09-23 16:43:50,user_2423,admin,classical,,Unknown,high,payroll,medium,update,0,14,5.64,0,0,0
2025-09-23 16:44:00,user_2424,service,pqc,,Unknown,low,catalog,high,read,0,21,6.0,0,1,1
2025-09-23 16:44:10,user_2425,guest,classical,,India,medium,customer_kyc,medium,write,0,20,9.91,0,0,1
2025-09-23 16:44:20,user_2426,guest,pqc,,EU,low,payroll,medium,write,0,19,18.46,0,1,0
2025-09-23 16:44:30,user_2427,auditor,pqc,,India,low,transaction,low,write,45072,20,8.7,0,0,0
2025-09-23 16:44:40,user_2428,admin,classical,,EU,low,customer_kyc,low,update,0,19,7.96,1,0,0
2025-09-23 16:44:50,user_2429,service,classical,,EU,low,customer_kyc,high,update,0,14,19.25,1,0,1
2025-09-23 16:45:00,user_2430,auditor,pqc,,Unknown,medium,backend_sync,high,write,0,17,2.46,0,0,0
2025-09-23 16:45:10,user_2431,admin,pqc,,USA,low,payroll,low,write,0,17,13.3,3,0,0
2025-09-23 16:45:20,user_2432,service,classical,,India,high,transaction,low,write,14292,16,17.42,0,0,0
2025-09-23 16:45:30,user_2433,employee,classical,,EU,low,catalog,medium,update,0,19,8.95,1,0,0
2025-09-23 16:45:40,user_2434,service,classical,,EU,medium,backend_sync,high,read,0,20,6.26,0,0,0
2025-09-23 16:45:50,user_2435,guest,classical,,Unknown,medium,transaction,medium,update,0,28,11.46,0,0,1
2025-09-23 16:46:00,user_2436,service,classical,,USA,low,payroll,high,delete,0,16,13.05,0,1,1
2025-09-23 16:46:10,user_2437,third_party,pqc,92.0,Unknown,low,transaction,low,write,0,28,12.37,2,0,0
2025-09-23 16:46:20,user_2438,guest,classical,,Unknown,low,backend_sync,low,read,0,32,13.76,2,1,0
2025-09-23 16:46:30,user_2439,auditor,pqc,,India,high,payroll,low,write,0,18,7.06,0,0,0
2025-09-23 16:46:40,user_2440,admin,pqc,,EU,low,payroll,medium,read,0,26,14.72,1,1,0
2025-09-23 16:46:50,user_2441,third_party,classical,65.0,EU,low,transaction,high,read,0,24,10.98,2,0,1
2025-09-23 16:47:00,user_2442,auditor,pqc,,USA,medium,catalog,medium,read,0,10,10.91,0,1,0
2025-09-23 16:47:10,user_2443,employee,pqc,,EU,high,payroll,low,delete,0,8,4.38,2,1,0
2025-09-23 16:47:20,user_2444,auditor,classical,,USA,low,logs,medium,update,0,27,10.25,0,0,0
2025-09-23 16:47:30,user_2445,third_party,pqc,40.0,Unknown,high,backend_sync,medium,write,0,22,11.05,2,0,1
2025-09-23 16:47:40,user_2446,guest,pqc,,USA,high,logs,low,delete,0,17,6.65,1,0,0
2025-09-23 16:47:50,user_2447,third_party,classical,92.0,EU,high,catalog,high,delete,0,19,6.3,6,0,0
2025-09-23 16:48:00,user_2448,auditor,classical,,USA,high,catalog,low,write,0,12,3.34,0,1,0
2025-09-23 16:48:10,user_2449,service,pqc,,USA,low,customer_kyc,high,read,0,28,16.54,1,1,1
2025-09-23 16:48:20,user_2450,guest,classical,,Unknown,high,backend_sync,high,update,0,21,10.82,0,0,0
2025-09-23 16:48:30,user_2451,service,pqc,,USA,high,customer_kyc,low,update,0,21,11.12,0,0,0
2025-09-23 16:48:40,user_2452,employee,pqc,,Unknown,high,logs,low,read,0,16,7.58,0,1,0
2025-09-23 16:48:50,user_2453,guest,classical,,EU,high,logs,high,read,0,31,13.43,0,0,0
2025-09-23 16:49:00,user_2454,admin,classical,,USA,low,payroll,medium,delete,0,17,3.7,0,0,0
2025-09-23 16:49:10,user_2455,auditor,pqc,,USA,medium,backend_sync,medium,update,0,26,11.89,2,1,0
2025-09-23 16:49:20,user_2456,auditor,pqc,,Unknown,low,backend_sync,low,update,0,23,11.27,2,1,0
2025-09-23 16:49:30,user_2457,employee,pqc,,EU,medium,logs,low,delete,0,18,6.58,4,1,0
2025-09-23 16:49:40,user_2458,third_party,pqc,92.0,Unknown,high,catalog,high,update,0,24,11.54,0,0,0
2025-09-23 16:49:50,user_2459,employee,pqc,,USA,medium,transaction,low,read,151126,18,8.31,1,1,1
2025-09-23 16:50:00,user_2460,guest,classical,,USA,high,catalog,low,write,0,22,16.36,1,1,0
2025-09-23 16:50:10,user_2461,auditor,pqc,,Unknown,medium,catalog,high,read,0,21,8.36,0,0,0
2025-09-23 16:50:20,user_2462,admin,pqc,,USA,high,customer_kyc,medium,read,0,19,11.89,0,1,0
2025-09-23 16:50:30,user_2463,employee,pqc,,India,medium,transaction,low,update,0,15,4.84,0,0,0
2025-09-23 16:50:40,user_2464,employee,pqc,,India,medium,logs,medium,write,0,18,2.98,2,0,0
2025-09-23 16:50:50,user_2465,third_party,pqc,40.0,EU,low,catalog,high,read,0,20,12.25,3,0,1
2025-09-23 16:51:00,user_2466,admin,classical,,Unknown,low,logs,high,write,0,24,3.46,0,0,1
2025-09-23 16:51:10,user_2467,admin,pqc,,Unknown,high,payroll,medium,update,0,28,10.93,2,0,0
2025-09-23 16:51:20,user_2468,employee,pqc,,USA,low,customer_kyc,medium,delete,0,18,12.61,1,1,0
2025-09-23 16:51:30,user_2469,auditor,pqc,,India,high,catalog,high,write,0,15,7.28,1,0,0
2025-09-23 16:51:40,user_2470,service,pqc,,USA,low,customer_kyc,high,delete,0,31,12.2,2,1,1
2025-09-23 16:51:50,user_2471,third_party,classical,92.0,Unknown,medium,backend_sync,medium,delete,0,27,9.62,1,0,0
2025-09-23 16:52:00,user_2472,third_party,classical,40.0,India,medium,transaction,low,read,184570,17,12.73,0,0,1
2025-09-23 16:52:10,user_2473,third_party,classical,92.0,India,medium,logs,low,read,0,25,1.17,2,0,0
2025-09-23 16:52:20,user_2474,employee,pqc,,EU,low,customer_kyc,high,update,0,20,4.34,0,0,1
2025-09-23 16:52:30,user_2475,auditor,pqc,,EU,high,catalog,high,update,0,22,3.27,1,0,0
2025-09-23 16:52:40,user_2476,guest,classical,,EU,medium,payroll,low,read,0,22,6.53,1,1,0
2025-09-23 16:52:50,user_2477,employee,classical,,EU,high,customer_kyc,medium,update,0,19,11.71,1,1,0
2025-09-23 16:53:00,user_2478,service,classical,,Unknown,high,backend_sync,high,write,0,17,13.28,0,1,0
2025-09-23 16:53:10,user_2479,employee,pqc,,EU,low,logs,low,update,0,23,19.03,1,0,0
2025-09-23 16:53:20,user_2480,employee,classical,,EU,high,backend_sync,low,delete,0,22,6.32,0,0,0
2025-09-23 16:53:30,user_2481,service,classical,,EU,high,logs,medium,delete,0,19,7.84,3,0,0
2025-09-23 16:53:40,user_2482,auditor,classical,,EU,high,catalog,medium,read,0,26,8.19,1,1,0
2025-09-23 16:53:50,user_2483,admin,pqc,,Unknown,high,transaction,low,delete,0,17,10.89,0,1,0
2025-09-23 16:54:00,user_2484,guest,pqc,,India,low,customer_kyc,high,delete,0,18,8.16,1,0,1
2025-09-23 16:54:10,user_2485,admin,classical,,Unknown,high,customer_kyc,medium,read,0,17,13.83,0,1,0
2025-09-23 16:54:20,user_2486,service,classical,,EU,low,transaction,medium,delete,186454,26,0.44,2,1,1
2025-09-23 16:54:30,user_2487,third_party,pqc,92.0,EU,medium,catalog,medium,write,0,22,18.89,0,0,0
2025-09-23 16:54:40,user_2488,employee,classical,,EU,high,backend_sync,low,read,0,20,12.25,2,0,0
2025-09-23 16:54:50,user_2489,guest,pqc,,USA,high,logs,low,write,0,26,7.05,3,0,0
2025-09-23 16:55:00,user_2490,employee,pqc,,Unknown,high,catalog,high,update,0,31,8.57,0,0,0
2025-09-23 16:55:10,user_2491,auditor,classical,,Unknown,high,backend_sync,low,delete,0,12,14.79,0,0,0
2025-09-23 16:55:20,user_2492,admin,classical,,India,medium,catalog,low,delete,0,20,9.83,1,1,0
2025-09-23 16:55:30,user_2493,admin,classical,,India,medium,backend_sync,medium,write,0,20,11.42,0,1,0
2025-09-23 16:55:40,user_2494,admin,pqc,,EU,high,backend_sync,high,write,0,13,10.96,3,1,0
2025-09-23 16:55:50,user_2495,employee,pqc,,India,low,logs,low,delete,0,20,9.28,3,0,0
2025-09-23 16:56:00,user_2496,guest,pqc,,USA,medium,transaction,medium,update,0,24,16.49,2,1,1
2025-09-23 16:56:10,user_2497,auditor,pqc,,India,high,backend_sync,low,read,0,30,9.6,0,1,0
2025-09-23 16:56:20,user_2498,admin,pqc,,USA,high,transaction,low,update,87493,19,16.42,1,1,0
2025-09-23 16:56:30,user_2499,admin,classical,,Unknown,low,customer_kyc,low,update,0,30,9.48,1,1,0
2025-09-23 16:56:40,user_2500,guest,pqc,,USA,high,transaction,medium,read,0,20,7.7,0,1,1
2025-09-23 16:56:50,user_2501,employee,pqc,,EU,low,transaction,high,delete,0,16,4.68,2,0,1
2025-09-23 16:57:00,user_2502,employee,pqc,,India,high,payroll,high,delete,0,27,15.47,1,1,0
2025-09-23 16:57:10,user_2503,third_party,pqc,92.0,Unknown,high,payroll,low,delete,0,12,16.18,1,0,0
2025-09-23 16:57:20,user_2504,employee,pqc,,Unknown,medium,customer_kyc,high,write,0,24,13.54,1,0,0
2025-09-23 16:57:30,user_2505,third_party,pqc,40.0,India,medium,logs,low,delete,0,20,13.88,0,1,1
2025-09-23 16:57:40,user_2506,auditor,classical,,EU,low,backend_sync,low,update,0,22,9.49,1,0,0
2025-09-23 16:57:50,user_2507,admin,classical,,Unknown,medium,logs,high,read,0,15,3.33,0,1,0
2025-09-23 16:58:00,user_2508,employee,classical,,India,high,transaction,high,read,0,16,6.07,2,1,0
2025-09-23 16:58:10,user_2509,admin,pqc,,Unknown,medium,logs,medium,delete,0,12,19.74,0,1,0
2025-09-23 16:58:20,user_2510,third_party,classical,65.0,India,high,customer_kyc,medium,delete,0,22,1.14,0,1,0
2025-09-23 16:58:30,user_2511,auditor,pqc,,Unknown,medium,logs,low,delete,0,15,3.85,0,1,0
2025-09-23 16:58:40,user_2512,auditor,classical,,Unknown,high,catalog,medium,delete,0,14,11.1,1,0,0
2025-09-23 16:58:50,user_2513,auditor,pqc,,India,high,catalog,high,update,0,18,10.18,0,1,0
2025-09-23 16:59:00,user_2514,service,classical,,Unknown,high,transaction,low,delete,72407,9,3.57,0,0,0
2025-09-23 16:59:10,user_2515,third_party,pqc,92.0,India,high,backend_sync,low,update,0,14,8.43,0,1,0
2025-09-23 16:59:20,user_2516,employee,pqc,,EU,high,backend_sync,medium,delete,0,18,11.5,0,0,0
2025-09-23 16:59:30,user_2517,employee,pqc,,USA,high,customer_kyc,low,write,0,30,9.78,2,1,0
2025-09-23 16:59:40,user_2518,third_party,classical,40.0,Unknown,medium,customer_kyc,high,update,0,23,14.03,3,1,1
2025-09-23 16:59:50,user_2519,guest,pqc,,Unknown,medium,logs,medium,delete,0,21,10.22,0,0,0
2025-09-23 17:00:00,user_2520,auditor,pqc,,USA,medium,backend_sync,high,update,0,25,2.88,0,1,0
2025-09-23 17:00:10,user_2521,admin,pqc,,India,medium,payroll,low,write,0,25,5.13,1,0,0
2025-09-23 17:00:20,user_2522,service,pqc,,USA,low,catalog,medium,write,0,20,6.55,2,1,0
2025-09-23 17:00:30,user_2523,third_party,pqc,92.0,India,low,backend_sync,low,write,0,24,9.45,2,0,0
2025-09-23 17:00:40,user_2524,admin,pqc,,Unknown,high,payroll,low,delete,0,16,16.95,2,0,0
2025-09-23 17:00:50,user_2525,guest,pqc,,India,high,customer_kyc,high,read,0,30,13.81,1,1,1
2025-09-23 17:01:00,user_2526,employee,classical,,EU,high,catalog,high,delete,0,18,5.69,2,1,0
2025-09-23 17:01:10,user_2527,auditor,pqc,,EU,medium,backend_sync,low,delete,0,18,10.49,1,1,0
2025-09-23 17:01:20,user_2528,auditor,pqc,,EU,high,transaction,high,read,12248,18,4.45,1,1,0
2025-09-23 17:01:30,user_2529,guest,pqc,,USA,medium,transaction,high,write,0,19,8.82,1,0,1
2025-09-23 17:01:40,user_2530,employee,pqc,,India,high,transaction,high,delete,88377,15,9.6,1,1,0
2025-09-23 17:01:50,user_2531,guest,pqc,,EU,medium,payroll,medium,delete,0,14,11.49,3,0,0
2025-09-23 17:02:00,user_2532,guest,pqc,,India,low,payroll,high,read,0,18,10.89,0,1,1
2025-09-23 17:02:10,user_2533,service,pqc,,USA,high,logs,low,update,0,13,14.23,1,1,0
2025-09-23 17:02:20,user_2534,third_party,classical,92.0,India,high,customer_kyc,low,update,0,17,10.59,0,0,0
2025-09-23 17:02:30,user_2535,auditor,classical,,EU,medium,customer_kyc,low,write,0,19,5.98,1,0,0
2025-09-23 17:02:40,user_2536,employee,classical,,USA,medium,logs,high,update,0,25,14.09,1,1,0
2025-09-23 17:02:50,user_2537,employee,classical,,India,medium,customer_kyc,low,delete,0,12,8.1,1,1,0
2025-09-23 17:03:00,user_2538,guest,pqc,,India,high,payroll,low,update,0,19,18.09,1,0,0
2025-09-23 17:03:10,user_2539,guest,pqc,,Unknown,low,transaction,high,read,170511,20,8.41,2,1,1
2025-09-23 17:03:20,user_2540,auditor,classical,,Unknown,medium,customer_kyc,high,update,0,28,8.84,1,0,0
2025-09-23 17:03:30,user_2541,auditor,classical,,EU,high,payroll,medium,read,0,20,8.29,2,0,0
2025-09-23 17:03:40,user_2542,employee,pqc,,Unknown,medium,logs,high,delete,0,16,4.48,0,1,0
2025-09-23 17:03:50,user_2543,service,classical,,EU,high,customer_kyc,low,write,0,25,1.61,2,0,0
2025-09-23 17:04:00,user_2544,admin,classical,,India,high,logs,medium,read,0,20,11.7,0,0,0
2025-09-23 17:04:10,user_2545,employee,classical,,EU,high,customer_kyc,high,update,0,26,4.69,0,1,0
2025-09-23 17:04:20,user_2546,third_party,pqc,65.0,India,low,backend_sync,high,delete,0,21,6.82,0,1,1
2025-09-23 17:04:30,user_2547,admin,pqc,,Unknown,high,catalog,low,update,0,20,1.8,2,1,0
2025-09-23 17:04:40,user_2548,employee,classical,,EU,medium,backend_sync,medium,write,0,14,7.73,1,0,0
2025-09-23 17:04:50,user_2549,admin,classical,,EU,low,payroll,low,update,0,20,13.27,0,1,0
2025-09-23 17:05:00,user_2550,employee,classical,,India,high,logs,low,write,0,23,16.43,1,0,0
2025-09-23 17:05:10,user_2551,employee,pqc,,Unknown,high,payroll,low,read,0,24,9.38,0,0,0
2025-09-23 17:05:20,user_2552,third_party,classical,65.0,EU,low,customer_kyc,medium,read,0,29,7.92,0,0,0
2025-09-23 17:05:30,user_2553,third_party,pqc,65.0,USA,low,payroll,medium,read,0,14,14.64,1,1,0
2025-09-23 17:05:40,user_2554,auditor,pqc,,Unknown,high,payroll,low,write,0,19,6.86,1,1,0
2025-09-23 17:05:50,user_2555,admin,pqc,,USA,low,payroll,high,delete,0,21,16.04,3,0,1
2025-09-23 17:06:00,user_2556,service,pqc,,EU,medium,payroll,high,write,0,20,7.62,0,0,0
2025-09-23 17:06:10,user_2557,auditor,classical,,USA,medium,catalog,low,update,0,17,6.68,3,1,0
2025-09-23 17:06:20,user_2558,guest,classical,,EU,medium,customer_kyc,low,write,0,23,12.36,2,1,1
2025-09-23 17:06:30,user_2559,guest,classical,,EU,high,customer_kyc,high,read,0,16,14.55,2,0,1
2025-09-23 17:06:40,user_2560,admin,pqc,,India,high,backend_sync,medium,delete,0,18,9.55,1,0,0
2025-09-23 17:06:50,user_2561,service,classical,,Unknown,high,catalog,medium,read,0,17,14.95,0,0,0
2025-09-23 17:07:00,user_2562,guest,classical,,USA,high,payroll,low,update,0,26,12.98,1,1,0
2025-09-23 17:07:10,user_2563,employee,pqc,,India,medium,transaction,high,write,38251,17,5.25,2,1,0
2025-09-23 17:07:20,user_2564,service,pqc,,EU,high,payroll,medium,write,0,22,13.94,2,0,0
2025-09-23 17:07:30,user_2565,admin,pqc,,USA,high,customer_kyc,high,delete,0,16,8.29,1,0,0
2025-09-23 17:07:40,user_2566,third_party,pqc,92.0,USA,low,backend_sync,medium,write,0,20,15.88,0,0,0
2025-09-23 17:07:50,user_2567,service,classical,,EU,medium,logs,medium,delete,0,24,15.67,1,0,0
2025-09-23 17:08:00,user_2568,auditor,pqc,,USA,high,logs,medium,read,0,20,20.11,1,0,0
2025-09-23 17:08:10,user_2569,admin,pqc,,Unknown,low,backend_sync,medium,read,0,26,13.61,1,1,0
2025-09-23 17:08:20,user_2570,employee,pqc,,Unknown,medium,payroll,low,write,0,8,7.45,2,1,0
2025-09-23 17:08:30,user_2571,third_party,classical,92.0,EU,low,backend_sync,medium,delete,0,23,17.14,1,1,0
2025-09-23 17:08:40,user_2572,employee,pqc,,Unknown,medium,logs,high,write,0,18,9.35,1,1,0
2025-09-23 17:08:50,user_2573,guest,classical,,India,medium,transaction,medium,update,0,24,12.31,0,0,1
2025-09-23 17:09:00,user_2574,guest,classical,,India,low,logs,low,write,0,17,3.76,2,0,0
2025-09-23 17:09:10,user_2575,guest,pqc,,India,high,logs,medium,write,0,20,7.53,2,0,0
2025-09-23 17:09:20,user_2576,employee,pqc,,USA,low,backend_sync,low,delete,0,20,9.37,0,0,0
2025-09-23 17:09:30,user_2577,third_party,classical,92.0,Unknown,low,backend_sync,high,delete,0,21,6.93,1,1,1
2025-09-23 17:09:40,user_2578,service,classical,,India,medium,catalog,high,update,0,28,7.28,1,1,0
2025-09-23 17:09:50,user_2579,guest,classical,,USA,high,customer_kyc,high,read,0,18,4.61,3,0,1
2025-09-23 17:10:00,user_2580,service,classical,,India,medium,payroll,low,write,0,33,12.39,1,0,0
2025-09-23 17:10:10,user_2581,admin,classical,,EU,high,transaction,high,read,98547,26,5.41,3,0,0
2025-09-23 17:10:20,user_2582,service,pqc,,EU,medium,payroll,medium,delete,0,14,20.89,0,1,0
2025-09-23 17:10:30,user_2583,auditor,classical,,India,low,transaction,low,update,0,15,0.88,1,1,0
2025-09-23 17:10:40,user_2584,auditor,pqc,,EU,low,transaction,high,delete,47572,24,17.49,0,1,1
2025-09-23 17:10:50,user_2585,service,pqc,,EU,medium,payroll,medium,delete,0,21,13.67,0,1,0
2025-09-23 17:11:00,user_2586,auditor,pqc,,USA,low,transaction,low,delete,0,19,7.05,1,0,0
2025-09-23 17:11:10,user_2587,auditor,classical,,India,low,customer_kyc,low,delete,0,26,0.49,2,0,0
2025-09-23 17:11:20,user_2588,employee,classical,,EU,high,transaction,medium,read,12920,17,15.73,4,0,0
2025-09-23 17:11:30,user_2589,guest,pqc,,EU,high,logs,low,delete,0,24,9.68,1,0,0
2025-09-23 17:11:40,user_2590,admin,pqc,,Unknown,high,catalog,low,update,0,28,16.8,1,0,0
2025-09-23 17:11:50,user_2591,service,classical,,EU,high,backend_sync,low,read,0,25,2.83,0,0,0
2025-09-23 17:12:00,user_2592,employee,pqc,,Unknown,medium,transaction,low,write,0,19,10.51,0,0,0
2025-09-23 17:12:10,user_2593,admin,pqc,,EU,low,customer_kyc,low,update,0,25,6.23,1,0,0
2025-09-23 17:12:20,user_2594,guest,pqc,,EU,high,transaction,medium,read,0,20,12.52,1,1,1
2025-09-23 17:12:30,user_2595,employee,classical,,India,medium,payroll,low,write,0,18,2.71,1,1,0
2025-09-23 17:12:40,user_2596,guest,classical,,India,high,catalog,medium,delete,0,17,10.12,2,0,0
2025-09-23 17:12:50,user_2597,third_party,pqc,40.0,EU,high,customer_kyc,low,write,0,19,4.47,1,1,1
2025-09-23 17:13:00,user_2598,service,classical,,EU,medium,catalog,low,read,0,23,17.42,0,1,0
2025-09-23 17:13:10,user_2599,service,classical,,Unknown,high,catalog,medium,read,0,18,7.65,0,0,0
2025-09-23 17:13:20,user_2600,third_party,pqc,40.0,India,high,transaction,high,write,0,16,13.02,0,0,1
2025-09-23 17:13:30,user_2601,employee,classical,,India,low,payroll,low,write,0,19,13.14,2,1,0
2025-09-23 17:13:40,user_2602,employee,pqc,,India,low,catalog,medium,read,0,20,20.01,2,1,0
2025-09-23 17:13:50,user_2603,third_party,pqc,40.0,Unknown,high,backend_sync,high,delete,0,21,10.22,2,1,1
2025-09-23 17:14:00,user_2604,guest,classical,,India,low,payroll,low,read,0,22,8.93,0,1,0
2025-09-23 17:14:10,user_2605,employee,classical,,EU,medium,payroll,medium,delete,0,19,4.98,2,0,0
2025-09-23 17:14:20,user_2606,third_party,classical,40.0,USA,low,catalog,low,write,0,23,7.5,1,1,1
2025-09-23 17:14:30,user_2607,auditor,pqc,,EU,low,backend_sync,high,write,0,19,12.66,1,1,1
2025-09-23 17:14:40,user_2608,third_party,pqc,40.0,Unknown,low,catalog,high,update,0,22,3.87,0,0,1
2025-09-23 17:14:50,user_2609,employee,pqc,,Unknown,high,logs,low,write,0,19,10.67,0,1,0
2025-09-23 17:15:00,user_2610,auditor,classical,,USA,low,catalog,low,read,0,12,14.37,1,1,0
2025-09-23 17:15:10,user_2611,service,pqc,,EU,low,payroll,high,delete,0,7,13.04,0,1,1
2025-09-23 17:15:20,user_2612,service,pqc,,EU,low,catalog,medium,update,0,21,2.15,0,0,0
2025-09-23 17:15:30,user_2613,third_party,pqc,65.0,Unknown,high,payroll,high,delete,0,24,17.64,2,1,0
2025-09-23 17:15:40,user_2614,auditor,pqc,,USA,medium,logs,high,write,0,20,10.9,1,1,0
2025-09-23 17:15:50,user_2615,admin,pqc,,Unknown,high,logs,medium,update,0,19,9.52,1,0,0
2025-09-23 17:16:00,user_2616,third_party,classical,65.0,Unknown,medium,payroll,low,read,0,18,7.94,2,1,0
2025-09-23 17:16:10,user_2617,auditor,classical,,EU,low,backend_sync,low,delete,0,14,15.24,0,0,0
2025-09-23 17:16:20,user_2618,auditor,classical,,India,high,customer_kyc,medium,write,0,19,13.12,0,1,0
2025-09-23 17:16:30,user_2619,admin,pqc,,Unknown,medium,payroll,low,read,0,24,1.27,3,0,0
2025-09-23 17:16:40,user_2620,guest,classical,,USA,low,logs,medium,read,0,21,17.88,1,0,0
2025-09-23 17:16:50,user_2621,admin,classical,,India,medium,catalog,medium,write,0,18,10.09,1,1,0
2025-09-23 17:17:00,user_2622,auditor,classical,,USA,medium,customer_kyc,high,write,0,19,10.0,0,1,0
2025-09-23 17:17:10,user_2623,auditor,classical,,India,high,customer_kyc,high,update,0,15,10.17,1,1,0
2025-09-23 17:17:20,user_2624,service,pqc,,India,low,payroll,medium,write,0,16,5.62,0,0,0
2025-09-23 17:17:30,user_2625,auditor,pqc,,USA,high,payroll,medium,write,0,24,14.38,3,1,0
2025-09-23 17:17:40,user_2626,guest,pqc,,Unknown,medium,payroll,high,delete,0,29,7.27,2,0,0
2025-09-23 17:17:50,user_2627,service,classical,,Unknown,high,catalog,low,read,0,16,2.93,2,0,0
2025-09-23 17:18:00,user_2628,admin,classical,,Unknown,medium,backend_sync,high,read,0,15,12.17,1,0,0
2025-09-23 17:18:10,user_2629,auditor,pqc,,USA,medium,customer_kyc,low,read,0,11,1.98,3,1,0
2025-09-23 17:18:20,user_2630,third_party,pqc,92.0,USA,medium,payroll,medium,update,0,20,12.99,0,1,0
2025-09-23 17:18:30,user_2631,admin,pqc,,EU,high,transaction,medium,update,161243,25,5.12,1,1,1
2025-09-23 17:18:40,user_2632,employee,pqc,,Unknown,high,customer_kyc,high,read,0,26,9.13,0,0,0
2025-09-23 17:18:50,user_2633,auditor,classical,,EU,low,backend_sync,low,update,0,21,20.79,1,1,0
2025-09-23 17:19:00,user_2634,admin,pqc,,Unknown,medium,catalog,medium,update,0,26,8.04,0,1,0
2025-09-23 17:19:10,user_2635,service,pqc,,USA,low,customer_kyc,low,delete,0,22,10.14,1,1,0
2025-09-23 17:19:20,user_2636,employee,classical,,EU,low,customer_kyc,medium,read,0,19,15.48,1,1,0
2025-09-23 17:19:30,user_2637,admin,classical,,USA,medium,backend_sync,medium,write,0,26,9.94,1,0,0
2025-09-23 17:19:40,user_2638,employee,classical,,India,low,customer_kyc,medium,write,0,22,8.39,0,0,0
2025-09-23 17:19:50,user_2639,admin,classical,,Unknown,high,backend_sync,high,delete,0,13,9.8,0,1,0
2025-09-23 17:20:00,user_2640,employee,pqc,,USA,low,backend_sync,low,write,0,23,4.98,2,1,0
2025-09-23 17:20:10,user_2641,guest,pqc,,USA,low,logs,high,write,0,21,11.65,2,1,1
2025-09-23 17:20:20,user_2642,employee,pqc,,EU,low,logs,high,delete,0,18,18.08,1,0,1
2025-09-23 17:20:30,user_2643,guest,pqc,,Unknown,medium,payroll,high,delete,0,14,4.91,0,0,0
2025-09-23 17:20:40,user_2644,admin,pqc,,India,low,backend_sync,high,update,0,24,1.45,0,1,1
2025-09-23 17:20:50,user_2645,guest,classical,,USA,medium,catalog,medium,update,0,22,15.19,1,1,0
2025-09-23 17:21:00,user_2646,employee,pqc,,EU,medium,customer_kyc,medium,delete,0,20,19.56,0,1,0
2025-09-23 17:21:10,user_2647,admin,pqc,,India,medium,payroll,medium,delete,0,19,13.33,0,0,0
2025-09-23 17:21:20,user_2648,auditor,pqc,,EU,high,logs,high,delete,0,21,18.66,0,0,0
2025-09-23 17:21:30,user_2649,employee,classical,,India,low,customer_kyc,medium,read,0,27,1.56,0,0,0
2025-09-23 17:21:40,user_2650,service,classical,,EU,low,payroll,low,write,0,25,16.95,0,1,0
2025-09-23 17:21:50,user_2651,admin,pqc,,EU,low,transaction,medium,write,126807,20,19.76,0,0,1
2025-09-23 17:22:00,user_2652,admin,pqc,,Unknown,high,logs,low,read,0,17,15.72,0,1,0
2025-09-23 17:22:10,user_2653,employee,classical,,Unknown,low,logs,medium,update,0,27,9.49,1,0,0
2025-09-23 17:22:20,user_2654,auditor,classical,,Unknown,low,transaction,high,read,94386,17,6.79,4,1,1
2025-09-23 17:22:30,user_2655,employee,pqc,,USA,medium,catalog,high,delete,0,14,18.29,2,1,0
2025-09-23 17:22:40,user_2656,service,pqc,,EU,low,catalog,low,read,0,20,12.89,0,1,0
2025-09-23 17:22:50,user_2657,employee,classical,,Unknown,high,payroll,low,update,0,18,2.75,1,1,0
2025-09-23 17:23:00,user_2658,service,pqc,,USA,medium,transaction,low,read,0,20,11.77,1,0,0
2025-09-23 17:23:10,user_2659,admin,pqc,,Unknown,high,payroll,high,write,0,23,3.43,0,1,0
2025-09-23 17:23:20,user_2660,employee,classical,,India,low,payroll,medium,update,0,20,10.39,0,1,0
2025-09-23 17:23:30,user_2661,employee,pqc,,Unknown,medium,backend_sync,low,update,0,22,17.72,1,1,0
2025-09-23 17:23:40,user_2662,guest,pqc,,Unknown,high,payroll,medium,delete,0,12,5.98,1,1,0
2025-09-23 17:23:50,user_2663,service,pqc,,EU,low,backend_sync,high,read,0,27,5.9,1,0,1
2025-09-23 17:24:00,user_2664,employee,classical,,Unknown,low,payroll,medium,read,0,20,9.73,1,0,0
2025-09-23 17:24:10,user_2665,auditor,classical,,Unknown,high,catalog,high,update,0,24,3.05,0,1,0
2025-09-23 17:24:20,user_2666,auditor,pqc,,India,medium,customer_kyc,medium,delete,0,27,22.73,1,0,0
2025-09-23 17:24:30,user_2667,guest,pqc,,India,high,customer_kyc,low,write,0,16,18.56,4,0,1
2025-09-23 17:24:40,user_2668,employee,pqc,,Unknown,low,transaction,high,write,160843,10,15.15,1,0,1
2025-09-23 17:24:50,user_2669,auditor,pqc,,India,high,backend_sync,low,write,0,19,7.64,1,0,0
2025-09-23 17:25:00,user_2670,third_party,pqc,65.0,India,medium,logs,high,delete,0,21,2.17,1,0,0
2025-09-23 17:25:10,user_2671,employee,pqc,,India,low,backend_sync,medium,read,0,17,22.93,0,1,0
2025-09-23 17:25:20,user_2672,service,classical,,USA,high,customer_kyc,low,delete,0,15,13.19,1,0,0
2025-09-23 17:25:30,user_2673,service,classical,,India,low,customer_kyc,low,read,0,24,11.06,2,0,0
2025-09-23 17:25:40,user_2674,employee,classical,,Unknown,medium,customer_kyc,low,update,0,19,5.5,1,1,0
2025-09-23 17:25:50,user_2675,admin,classical,,Unknown,high,payroll,high,update,0,12,7.14,1,0,0
2025-09-23 17:26:00,user_2676,guest,classical,,India,medium,logs,high,write,0,24,2.79,1,1,0
2025-09-23 17:26:10,user_2677,employee,pqc,,EU,medium,transaction,medium,delete,54907,19,8.07,3,1,0
2025-09-23 17:26:20,user_2678,employee,pqc,,India,high,backend_sync,medium,delete,0,25,4.54,2,0,0
2025-09-23 17:26:30,user_2679,employee,pqc,,EU,low,transaction,low,read,165267,22,16.0,2,1,1
2025-09-23 17:26:40,user_2680,third_party,classical,92.0,USA,low,logs,medium,write,0,18,10.88,2,1,0
2025-09-23 17:26:50,user_2681,third_party,pqc,65.0,EU,low,catalog,low,write,0,15,6.42,0,1,0
2025-09-23 17:27:00,user_2682,admin,classical,,Unknown,medium,customer_kyc,medium,read,0,25,13.8,2,0,0
2025-09-23 17:27:10,user_2683,guest,classical,,Unknown,medium,customer_kyc,medium,read,0,16,6.06,1,0,1
2025-09-23 17:27:20,user_2684,guest,pqc,,Unknown,medium,transaction,medium,write,0,21,16.29,0,0,1
2025-09-23 17:27:30,user_2685,third_party,pqc,92.0,USA,high,backend_sync,low,delete,0,17,10.47,0,0,0
2025-09-23 17:27:40,user_2686,admin,pqc,,USA,low,customer_kyc,medium,update,0,23,13.95,1,1,0
2025-09-23 17:27:50,user_2687,auditor,classical,,USA,high,transaction,high,read,36486,16,12.6,0,0,0
2025-09-23 17:28:00,user_2688,admin,pqc,,EU,medium,catalog,high,delete,0,20,8.98,3,0,0
2025-09-23 17:28:10,user_2689,guest,classical,,USA,low,logs,low,update,0,17,13.6,0,1,0
2025-09-23 17:28:20,user_2690,admin,classical,,USA,high,transaction,low,delete,0,14,9.25,0,1,0
2025-09-23 17:28:30,user_2691,third_party,pqc,40.0,USA,low,backend_sync,low,read,0,19,15.56,2,0,1
2025-09-23 17:28:40,user_2692,employee,pqc,,Unknown,medium,logs,medium,read,0,25,7.72,1,0,0
2025-09-23 17:28:50,user_2693,auditor,pqc,,EU,medium,transaction,medium,update,0,29,12.51,0,1,0
2025-09-23 17:29:00,user_2694,guest,classical,,India,medium,logs,low,read,0,16,7.27,2,0,0
2025-09-23 17:29:10,user_2695,auditor,classical,,India,low,catalog,high,delete,0,18,14.26,1,1,1
2025-09-23 17:29:20,user_2696,service,pqc,,EU,low,customer_kyc,high,delete,0,22,8.09,1,1,1
2025-09-23 17:29:30,user_2697,third_party,pqc,40.0,India,medium,transaction,high,read,0,23,12.17,0,1,1
2025-09-23 17:29:40,user_2698,employee,pqc,,India,high,payroll,high,delete,0,17,15.0,0,0,0
2025-09-23 17:29:50,user_2699,auditor,pqc,,EU,high,logs,high,write,0,23,10.74,0,0,0
2025-09-23 17:30:00,user_2700,admin,classical,,USA,medium,catalog,high,read,0,19,3.14,1,1,0
2025-09-23 17:30:10,user_2701,auditor,classical,,India,high,backend_sync,low,delete,0,21,4.43,0,1,0
2025-09-23 17:30:20,user_2702,admin,classical,,EU,medium,logs,high,read,0,26,11.18,2,0,0
2025-09-23 17:30:30,user_2703,guest,pqc,,USA,high,backend_sync,high,write,0,15,10.28,1,1,0
2025-09-23 17:30:40,user_2704,guest,pqc,,India,low,backend_sync,low,delete,0,18,7.0,0,0,0
2025-09-23 17:30:50,user_2705,service,pqc,,USA,low,catalog,high,write,0,21,0.87,2,0,1
2025-09-23 17:31:00,user_2706,auditor,classical,,Unknown,medium,customer_kyc,high,update,0,20,3.71,1,0,0
2025-09-23 17:31:10,user_2707,auditor,classical,,EU,medium,transaction,high,read,0,17,10.91,2,1,0
2025-09-23 17:31:20,user_2708,third_party,pqc,65.0,India,low,catalog,high,read,0,23,6.71,1,0,1
2025-09-23 17:31:30,user_2709,employee,pqc,,Unknown,low,backend_sync,high,read,0,23,10.87,1,0,1
2025-09-23 17:31:40,user_2710,admin,classical,,USA,high,catalog,medium,write,0,21,17.41,3,0,0
2025-09-23 17:31:50,user_2711,guest,pqc,,EU,medium,payroll,low,read,0,18,13.79,1,0,0
2025-09-23 17:32:00,user_2712,auditor,pqc,,Unknown,low,logs,high,read,0,21,16.1,1,0,1
2025-09-23 17:32:10,user_2713,third_party,classical,65.0,EU,medium,payroll,high,read,0,31,7.83,0,0,0
2025-09-23 17:32:20,user_2714,guest,pqc,,India,high,transaction,low,delete,0,29,12.28,1,0,1
2025-09-23 17:32:30,user_2715,admin,classical,,Unknown,low,transaction,low,delete,20810,15,12.95,3,1,0
2025-09-23 17:32:40,user_2716,employee,classical,,India,high,logs,medium,update,0,13,6.8,1,1,0
2025-09-23 17:32:50,user_2717,admin,pqc,,India,low,customer_kyc,low,read,0,25,1.13,0,1,0
2025-09-23 17:33:00,user_2718,admin,pqc,,USA,medium,customer_kyc,medium,read,0,24,17.81,0,0,0
2025-09-23 17:33:10,user_2719,employee,pqc,,USA,high,customer_kyc,medium,write,0,13,24.73,1,0,0
2025-09-23 17:33:20,user_2720,service,pqc,,India,high,logs,high,write,0,22,2.32,0,1,0
2025-09-23 17:33:30,user_2721,admin,classical,,India,low,logs,medium,delete,0,23,18.79,1,1,0
2025-09-23 17:33:40,user_2722,employee,pqc,,India,high,backend_sync,high,delete,0,20,15.56,4,1,0
2025-09-23 17:33:50,user_2723,auditor,classical,,EU,high,catalog,medium,read,0,16,7.24,0,1,0
2025-09-23 17:34:00,user_2724,guest,pqc,,India,low,customer_kyc,medium,update,0,17,0.11,0,1,1
2025-09-23 17:34:10,user_2725,guest,pqc,,India,medium,transaction,high,read,0,19,10.85,2,1,1
2025-09-23 17:34:20,user_2726,guest,classical,,EU,medium,payroll,medium,update,0,15,20.28,3,1,0
2025-09-23 17:34:30,user_2727,auditor,pqc,,Unknown,low,backend_sync,medium,write,0,16,7.65,0,0,0
2025-09-23 17:34:40,user_2728,third_party,pqc,65.0,India,high,payroll,low,update,0,17,5.49,0,1,0
2025-09-23 17:34:50,user_2729,auditor,classical,,EU,medium,backend_sync,low,read,0,22,8.8,2,0,0
2025-09-23 17:35:00,user_2730,guest,classical,,Unknown,medium,payroll,low,write,0,17,12.4,0,0,0
2025-09-23 17:35:10,user_2731,third_party,pqc,65.0,India,high,catalog,low,write,0,18,13.33,2,0,0
2025-09-23 17:35:20,user_2732,employee,pqc,,EU,medium,payroll,medium,delete,0,16,15.65,1,1,0
2025-09-23 17:35:30,user_2733,third_party,classical,65.0,EU,high,customer_kyc,low,delete,0,23,15.8,0,1,0
2025-09-23 17:35:40,user_2734,third_party,classical,92.0,EU,low,transaction,high,read,53245,26,19.13,2,0,1
2025-09-23 17:35:50,user_2735,admin,pqc,,USA,high,customer_kyc,high,read,0,23,12.09,0,0,0
2025-09-23 17:36:00,user_2736,admin,classical,,Unknown,high,logs,low,delete,0,21,4.02,2,1,0
2025-09-23 17:36:10,user_2737,employee,classical,,India,high,payroll,low,read,0,13,2.15,1,0,0
2025-09-23 17:36:20,user_2738,auditor,classical,,Unknown,high,transaction,low,read,0,19,5.04,3,0,0
2025-09-23 17:36:30,user_2739,employee,pqc,,EU,medium,backend_sync,low,delete,0,14,5.82,0,0,0
2025-09-23 17:36:40,user_2740,third_party,classical,65.0,USA,medium,payroll,high,delete,0,24,5.4,2,1,0
2025-09-23 17:36:50,user_2741,third_party,classical,40.0,India,high,transaction,low,update,0,18,14.25,0,1,1
2025-09-23 17:37:00,user_2742,admin,classical,,EU,medium,transaction,high,read,0,20,14.62,1,1,0
2025-09-23 17:37:10,user_2743,service,pqc,,USA,low,customer_kyc,low,update,0,22,12.84,2,0,0
2025-09-23 17:37:20,user_2744,admin,classical,,USA,low,transaction,high,update,54334,25,13.98,0,0,1
2025-09-23 17:37:30,user_2745,auditor,pqc,,Unknown,high,catalog,medium,delete,0,25,10.83,0,1,0
2025-09-23 17:37:40,user_2746,auditor,pqc,,Unknown,medium,catalog,high,read,0,14,11.65,0,0,0
2025-09-23 17:37:50,user_2747,admin,classical,,USA,low,backend_sync,high,write,0,17,19.84,3,0,1
2025-09-23 17:38:00,user_2748,service,classical,,EU,low,customer_kyc,low,delete,0,17,8.02,0,1,0
2025-09-23 17:38:10,user_2749,admin,classical,,Unknown,high,transaction,low,update,0,19,9.62,0,1,0
2025-09-23 17:38:20,user_2750,auditor,pqc,,EU,medium,customer_kyc,medium,write,0,21,16.68,1,1,0
2025-09-23 17:38:30,user_2751,auditor,classical,,EU,medium,catalog,high,read,0,24,6.12,1,1,0
2025-09-23 17:38:40,user_2752,admin,classical,,India,low,customer_kyc,low,update,0,20,3.36,3,0,0
2025-09-23 17:38:50,user_2753,guest,classical,,Unknown,high,backend_sync,high,update,0,20,7.49,0,1,0
2025-09-23 17:39:00,user_2754,guest,classical,,USA,low,catalog,high,read,0,23,0.43,3,0,1
2025-09-23 17:39:10,user_2755,third_party,classical,92.0,EU,high,logs,medium,delete,0,24,2.86,0,0,0
2025-09-23 17:39:20,user_2756,admin,classical,,EU,low,customer_kyc,medium,read,0,13,16.42,0,0,0
2025-09-23 17:39:30,user_2757,admin,classical,,EU,high,payroll,low,delete,0,18,9.15,2,0,0
2025-09-23 17:39:40,user_2758,auditor,classical,,EU,high,backend_sync,medium,update,0,14,8.4,1,0,0
2025-09-23 17:39:50,user_2759,third_party,pqc,65.0,Unknown,medium,customer_kyc,low,update,0,14,6.96,2,1,0
2025-09-23 17:40:00,user_2760,service,classical,,USA,low,customer_kyc,high,delete,0,16,9.1,4,1,1
2025-09-23 17:40:10,user_2761,employee,pqc,,Unknown,high,transaction,low,read,0,13,8.67,0,0,0
2025-09-23 17:40:20,user_2762,auditor,pqc,,EU,low,logs,medium,write,0,18,2.1,0,1,0
2025-09-23 17:40:30,user_2763,employee,pqc,,Unknown,high,catalog,medium,write,0,18,7.99,1,0,0
2025-09-23 17:40:40,user_2764,auditor,classical,,EU,medium,backend_sync,high,delete,0,16,7.88,0,1,0
2025-09-23 17:40:50,user_2765,admin,pqc,,Unknown,low,catalog,medium,delete,0,26,7.49,0,0,0
2025-09-23 17:41:00,user_2766,employee,pqc,,India,low,catalog,medium,delete,0,20,2.31,1,1,0
2025-09-23 17:41:10,user_2767,guest,pqc,,Unknown,medium,transaction,low,write,0,26,20.92,0,0,1
2025-09-23 17:41:20,user_2768,auditor,classical,,India,medium,transaction,low,update,132228,23,15.84,1,1,1
2025-09-23 17:41:30,user_2769,employee,classical,,EU,medium,logs,high,update,0,15,14.93,3,0,0
2025-09-23 17:41:40,user_2770,auditor,pqc,,Unknown,low,customer_kyc,high,write,0,17,1.91,0,0,1
2025-09-23 17:41:50,user_2771,auditor,pqc,,USA,low,backend_sync,medium,write,0,23,12.03,1,1,0
2025-09-23 17:42:00,user_2772,auditor,classical,,India,medium,backend_sync,low,update,0,24,9.95,4,1,0
2025-09-23 17:42:10,user_2773,service,classical,,India,high,backend_sync,low,delete,0,18,14.68,2,0,0
2025-09-23 17:42:20,user_2774,guest,classical,,EU,medium,customer_kyc,high,delete,0,14,12.55,0,0,1
2025-09-23 17:42:30,user_2775,auditor,classical,,USA,low,payroll,medium,write,0,27,4.91,0,0,0
2025-09-23 17:42:40,user_2776,guest,pqc,,Unknown,low,transaction,medium,delete,0,25,9.97,0,1,1
2025-09-23 17:42:50,user_2777,admin,classical,,India,high,transaction,high,update,0,16,7.78,0,1,0
2025-09-23 17:43:00,user_2778,admin,classical,,EU,high,transaction,low,delete,14358,26,9.21,1,1,0
2025-09-23 17:43:10,user_2779,admin,classical,,Unknown,high,transaction,low,delete,0,19,9.71,0,0,0
2025-09-23 17:43:20,user_2780,employee,classical,,EU,high,payroll,medium,read,0,16,0.06,0,0,0
2025-09-23 17:43:30,user_2781,admin,pqc,,India,high,customer_kyc,medium,delete,0,23,10.15,1,0,0
2025-09-23 17:43:40,user_2782,employee,classical,,Unknown,low,transaction,low,delete,171978,20,10.0,2,0,1
2025-09-23 17:43:50,user_2783,service,classical,,Unknown,high,logs,low,read,0,19,7.21,1,1,0
2025-09-23 17:44:00,user_2784,admin,pqc,,Unknown,low,logs,medium,read,0,12,6.15,0,0,0
2025-09-23 17:44:10,user_2785,admin,classical,,Unknown,medium,customer_kyc,medium,write,0,15,5.62,1,0,0
2025-09-23 17:44:20,user_2786,admin,pqc,,EU,low,payroll,low,delete,0,16,8.86,1,0,0
2025-09-23 17:44:30,user_2787,third_party,classical,65.0,Unknown,low,transaction,low,write,30347,17,10.84,4,0,0
2025-09-23 17:44:40,user_2788,third_party,classical,92.0,India,low,catalog,high,write,0,19,7.98,1,1,1
2025-09-23 17:44:50,user_2789,auditor,pqc,,Unknown,high,payroll,high,delete,0,18,14.28,0,1,0
2025-09-23 17:45:00,user_2790,employee,classical,,Unknown,medium,payroll,high,read,0,19,4.49,0,0,0
2025-09-23 17:45:10,user_2791,auditor,classical,,USA,medium,catalog,low,read,0,26,7.83,0,0,0
2025-09-23 17:45:20,user_2792,employee,pqc,,USA,high,customer_kyc,high,delete,0,21,11.59,0,0,0
2025-09-23 17:45:30,user_2793,employee,classical,,Unknown,low,transaction,medium,delete,145568,22,1.71,2,1,1
2025-09-23 17:45:40,user_2794,auditor,pqc,,Unknown,high,catalog,medium,update,0,18,11.74,2,0,0
2025-09-23 17:45:50,user_2795,third_party,classical,92.0,EU,low,logs,low,write,0,11,8.04,2,1,0
2025-09-23 17:46:00,user_2796,admin,classical,,Unknown,medium,customer_kyc,medium,read,0,22,5.89,1,0,0
2025-09-23 17:46:10,user_2797,third_party,classical,92.0,EU,high,logs,high,update,0,26,24.85,2,1,0
2025-09-23 17:46:20,user_2798,employee,classical,,EU,low,customer_kyc,medium,update,0,25,8.13,0,0,0
2025-09-23 17:46:30,user_2799,employee,classical,,India,medium,transaction,low,delete,0,22,11.94,2,0,0
2025-09-23 17:46:40,user_2800,auditor,classical,,India,high,transaction,medium,read,99843,17,21.69,2,1,0
2025-09-23 17:46:50,user_2801,service,pqc,,USA,medium,backend_sync,high,write,0,29,13.45,2,1,0
2025-09-23 17:47:00,user_2802,employee,pqc,,India,high,transaction,medium,read,32061,27,9.25,0,1,0
2025-09-23 17:47:10,user_2803,third_party,pqc,92.0,EU,medium,payroll,low,delete,0,20,2.41,0,1,0
2025-09-23 17:47:20,user_2804,third_party,classical,40.0,USA,medium,backend_sync,high,write,0,18,11.46,4,0,1
2025-09-23 17:47:30,user_2805,third_party,pqc,40.0,USA,high,customer_kyc,high,update,0,13,10.13,2,1,1
2025-09-23 17:47:40,user_2806,guest,classical,,USA,medium,logs,high,delete,0,23,9.44,0,0,0
2025-09-23 17:47:50,user_2807,service,pqc,,EU,high,backend_sync,medium,read,0,26,15.26,2,0,0
2025-09-23 17:48:00,user_2808,auditor,pqc,,Unknown,low,logs,medium,delete,0,25,5.59,1,1,0
2025-09-23 17:48:10,user_2809,third_party,classical,92.0,India,medium,transaction,medium,read,0,26,8.76,2,0,0
2025-09-23 17:48:20,user_2810,guest,pqc,,India,medium,catalog,medium,delete,0,21,10.8,3,0,0
2025-09-23 17:48:30,user_2811,third_party,classical,92.0,EU,high,catalog,medium,update,0,19,18.07,0,0,0
2025-09-23 17:48:40,user_2812,employee,pqc,,USA,high,logs,low,update,0,14,9.33,1,1,0
2025-09-23 17:48:50,user_2813,service,classical,,Unknown,high,customer_kyc,low,write,0,16,9.67,0,1,0
2025-09-23 17:49:00,user_2814,auditor,pqc,,Unknown,high,catalog,high,update,0,17,9.43,0,0,0
2025-09-23 17:49:10,user_2815,third_party,pqc,40.0,Unknown,medium,customer_kyc,high,delete,0,12,10.66,0,1,1
2025-09-23 17:49:20,user_2816,service,classical,,EU,medium,transaction,low,write,0,21,12.39,0,1,0
2025-09-23 17:49:30,user_2817,third_party,pqc,40.0,EU,medium,payroll,high,write,0,21,10.78,1,1,1
2025-09-23 17:49:40,user_2818,service,pqc,,India,medium,backend_sync,low,read,0,18,11.98,0,1,0
2025-09-23 17:49:50,user_2819,guest,pqc,,EU,high,transaction,low,update,0,20,14.81,1,1,1
2025-09-23 17:50:00,user_2820,admin,pqc,,India,low,payroll,low,write,0,20,3.07,0,1,0
2025-09-23 17:50:10,user_2821,employee,pqc,,India,medium,payroll,medium,delete,0,18,7.38,0,1,0
2025-09-23 17:50:20,user_2822,admin,pqc,,EU,low,backend_sync,low,update,0,25,6.89,1,1,0
2025-09-23 17:50:30,user_2823,third_party,classical,40.0,Unknown,low,payroll,medium,delete,0,26,3.33,2,1,1
2025-09-23 17:50:40,user_2824,auditor,pqc,,EU,medium,transaction,low,read,64239,28,3.18,2,0,0
2025-09-23 17:50:50,user_2825,employee,pqc,,EU,medium,backend_sync,high,delete,0,19,5.55,3,0,0
2025-09-23 17:51:00,user_2826,employee,classical,,EU,high,backend_sync,high,delete,0,24,14.07,2,0,0
2025-09-23 17:51:10,user_2827,admin,classical,,Unknown,medium,backend_sync,medium,delete,0,17,8.47,1,0,0
2025-09-23 17:51:20,user_2828,third_party,classical,40.0,Unknown,high,transaction,medium,write,143395,11,10.97,1,0,1
2025-09-23 17:51:30,user_2829,auditor,pqc,,Unknown,low,payroll,high,read,0,18,3.04,3,1,1
2025-09-23 17:51:40,user_2830,employee,classical,,Unknown,low,transaction,high,write,0,22,14.72,2,0,1
2025-09-23 17:51:50,user_2831,service,pqc,,India,high,logs,high,delete,0,21,12.06,1,1,0
2025-09-23 17:52:00,user_2832,third_party,classical,65.0,India,medium,payroll,high,read,0,19,12.11,0,1,0
2025-09-23 17:52:10,user_2833,admin,classical,,India,medium,customer_kyc,medium,read,0,27,5.88,1,1,0
2025-09-23 17:52:20,user_2834,service,classical,,India,medium,payroll,high,write,0,20,10.79,3,0,0
2025-09-23 17:52:30,user_2835,third_party,pqc,92.0,EU,medium,logs,medium,write,0,17,7.34,0,1,0
2025-09-23 17:52:40,user_2836,employee,pqc,,Unknown,medium,customer_kyc,low,read,0,33,3.91,0,0,0
2025-09-23 17:52:50,user_2837,guest,classical,,Unknown,medium,logs,high,write,0,22,9.56,4,1,0
2025-09-23 17:53:00,user_2838,guest,pqc,,India,low,payroll,high,write,0,18,5.12,2,0,1
2025-09-23 17:53:10,user_2839,third_party,classical,40.0,Unknown,high,payroll,high,write,0,28,14.88,2,0,1
2025-09-23 17:53:20,user_2840,third_party,classical,92.0,USA,low,transaction,medium,delete,33882,17,1.28,1,1,0
2025-09-23 17:53:30,user_2841,third_party,pqc,65.0,USA,high,catalog,high,update,0,23,18.04,0,0,0
2025-09-23 17:53:40,user_2842,guest,pqc,,USA,low,backend_sync,low,update,0,19,7.63,3,0,0
2025-09-23 17:53:50,user_2843,third_party,classical,65.0,Unknown,medium,transaction,medium,delete,198535,21,18.55,0,0,1
2025-09-23 17:54:00,user_2844,employee,classical,,India,low,backend_sync,high,write,0,18,10.97,1,0,1
2025-09-23 17:54:10,user_2845,employee,classical,,India,medium,logs,high,read,0,16,13.21,0,1,0
2025-09-23 17:54:20,user_2846,auditor,classical,,EU,high,customer_kyc,medium,write,0,22,12.95,1,0,0
2025-09-23 17:54:30,user_2847,employee,classical,,India,high,customer_kyc,medium,read,0,22,12.79,0,0,0
2025-09-23 17:54:40,user_2848,employee,pqc,,USA,medium,transaction,high,write,89511,17,11.97,0,1,0
2025-09-23 17:54:50,user_2849,service,classical,,EU,medium,payroll,low,update,0,18,11.79,2,0,0
2025-09-23 17:55:00,user_2850,guest,classical,,EU,high,customer_kyc,medium,write,0,19,2.13,2,1,1
2025-09-23 17:55:10,user_2851,employee,pqc,,EU,high,payroll,high,update,0,14,4.4,1,0,0
2025-09-23 17:55:20,user_2852,admin,classical,,USA,medium,transaction,high,read,117478,27,6.37,1,1,1
2025-09-23 17:55:30,user_2853,auditor,classical,,India,high,customer_kyc,high,delete,0,23,6.96,4,1,0
2025-09-23 17:55:40,user_2854,employee,classical,,Unknown,medium,logs,low,update,0,27,11.64,0,1,0
2025-09-23 17:55:50,user_2855,employee,classical,,India,medium,customer_kyc,low,update,0,22,10.77,3,0,0
2025-09-23 17:56:00,user_2856,guest,classical,,Unknown,medium,payroll,high,write,0,18,14.53,1,0,0
2025-09-23 17:56:10,user_2857,third_party,pqc,65.0,India,low,customer_kyc,high,delete,0,20,14.17,0,0,1
2025-09-23 17:56:20,user_2858,service,pqc,,EU,medium,logs,medium,update,0,21,10.68,0,0,0
2025-09-23 17:56:30,user_2859,service,pqc,,USA,medium,transaction,high,read,163741,31,8.89,1,0,1
2025-09-23 17:56:40,user_2860,third_party,classical,40.0,India,high,payroll,low,write,0,21,7.95,0,1,1
2025-09-23 17:56:50,user_2861,auditor,classical,,USA,high,customer_kyc,high,read,0,26,15.08,0,0,0
2025-09-23 17:57:00,user_2862,auditor,classical,,USA,medium,transaction,medium,read,0,18,7.81,0,0,0
2025-09-23 17:57:10,user_2863,admin,classical,,USA,high,backend_sync,high,delete,0,21,2.09,1,1,0
2025-09-23 17:57:20,user_2864,guest,pqc,,EU,medium,catalog,low,write,0,13,9.68,2,1,0
2025-09-23 17:57:30,user_2865,service,pqc,,EU,high,transaction,low,write,186649,21,3.94,2,1,1
2025-09-23 17:57:40,user_2866,service,classical,,EU,low,transaction,medium,delete,0,18,5.84,1,1,0
2025-09-23 17:57:50,user_2867,third_party,pqc,65.0,EU,high,customer_kyc,high,delete,0,19,4.58,2,0,0
2025-09-23 17:58:00,user_2868,auditor,classical,,EU,medium,catalog,low,update,0,30,8.38,2,1,0
2025-09-23 17:58:10,user_2869,auditor,classical,,USA,low,payroll,medium,write,0,16,16.87,2,0,0
2025-09-23 17:58:20,user_2870,auditor,pqc,,Unknown,high,catalog,high,read,0,22,11.67,2,1,0
2025-09-23 17:58:30,user_2871,third_party,pqc,65.0,EU,low,payroll,high,update,0,23,17.29,1,0,1
2025-09-23 17:58:40,user_2872,service,pqc,,USA,high,payroll,medium,write,0,16,19.92,0,0,0
2025-09-23 17:58:50,user_2873,employee,classical,,USA,high,transaction,low,write,93449,21,11.16,1,0,0
2025-09-23 17:59:00,user_2874,auditor,pqc,,EU,low,catalog,high,update,0,23,5.61,2,0,1
2025-09-23 17:59:10,user_2875,service,classical,,India,high,customer_kyc,high,update,0,22,4.72,1,0,0
2025-09-23 17:59:20,user_2876,auditor,classical,,India,high,payroll,low,delete,0,15,11.32,2,1,0
2025-09-23 17:59:30,user_2877,employee,pqc,,India,high,catalog,medium,read,0,15,11.21,1,1,0
2025-09-23 17:59:40,user_2878,auditor,classical,,USA,medium,customer_kyc,high,read,0,24,8.59,1,1,0
2025-09-23 17:59:50,user_2879,auditor,classical,,India,low,customer_kyc,low,read,0,23,10.54,0,0,0
2025-09-23 18:00:00,user_2880,service,classical,,EU,high,logs,high,write,0,20,5.48,0,0,0
2025-09-23 18:00:10,user_2881,employee,pqc,,Unknown,high,transaction,low,write,0,21,13.95,1,0,0
2025-09-23 18:00:20,user_2882,third_party,classical,65.0,EU,medium,catalog,low,read,0,15,6.01,1,1,0
2025-09-23 18:00:30,user_2883,auditor,pqc,,India,low,backend_sync,medium,read,0,24,0.94,1,1,0
2025-09-23 18:00:40,user_2884,third_party,classical,92.0,Unknown,medium,customer_kyc,low,update,0,17,8.22,0,0,0
2025-09-23 18:00:50,user_2885,guest,pqc,,EU,medium,customer_kyc,high,update,0,13,4.31,0,1,1
2025-09-23 18:01:00,user_2886,admin,pqc,,Unknown,low,customer_kyc,high,read,0,14,8.29,2,0,1
2025-09-23 18:01:10,user_2887,employee,pqc,,India,high,backend_sync,low,update,0,16,13.34,1,1,0
2025-09-23 18:01:20,user_2888,service,classical,,Unknown,medium,customer_kyc,high,read,0,16,9.2,1,1,0
2025-09-23 18:01:30,user_2889,auditor,pqc,,USA,high,backend_sync,high,delete,0,26,15.06,2,0,0
2025-09-23 18:01:40,user_2890,third_party,pqc,92.0,Unknown,low,logs,medium,delete,0,13,12.67,1,1,0
2025-09-23 18:01:50,user_2891,service,classical,,USA,low,logs,high,read,0,22,12.28,1,1,1
2025-09-23 18:02:00,user_2892,third_party,classical,92.0,Unknown,medium,logs,high,delete,0,31,2.74,0,0,0
2025-09-23 18:02:10,user_2893,third_party,classical,92.0,EU,medium,backend_sync,high,read,0,19,15.18,1,1,0
2025-09-23 18:02:20,user_2894,guest,classical,,Unknown,medium,logs,medium,read,0,21,9.77,2,1,0
2025-09-23 18:02:30,user_2895,employee,classical,,USA,medium,catalog,medium,write,0,13,7.81,1,1,0
2025-09-23 18:02:40,user_2896,guest,pqc,,Unknown,low,transaction,high,update,77918,18,16.7,1,0,1
2025-09-23 18:02:50,user_2897,third_party,classical,40.0,Unknown,low,payroll,high,update,0,20,10.72,2,1,1
2025-09-23 18:03:00,user_2898,employee,classical,,Unknown,low,backend_sync,medium,read,0,18,11.41,0,0,0
2025-09-23 18:03:10,user_2899,admin,pqc,,EU,low,logs,low,update,0,25,12.28,1,1,0
2025-09-23 18:03:20,user_2900,service,pqc,,EU,high,catalog,low,update,0,21,7.73,1,0,0
2025-09-23 18:03:30,user_2901,auditor,classical,,India,low,customer_kyc,medium,read,0,17,15.74,0,1,0
2025-09-23 18:03:40,user_2902,service,pqc,,India,medium,catalog,low,delete,0,18,5.99,1,0,0
2025-09-23 18:03:50,user_2903,auditor,classical,,Unknown,low,payroll,medium,update,0,15,19.71,2,0,0
2025-09-23 18:04:00,user_2904,third_party,classical,40.0,Unknown,low,catalog,high,delete,0,23,20.84,1,1,1
2025-09-23 18:04:10,user_2905,third_party,pqc,92.0,Unknown,medium,customer_kyc,low,delete,0,20,15.5,1,1,0
2025-09-23 18:04:20,user_2906,guest,classical,,USA,low,logs,low,read,0,18,8.31,3,1,0
2025-09-23 18:04:30,user_2907,guest,classical,,India,high,catalog,medium,write,0,27,9.34,1,0,0
2025-09-23 18:04:40,user_2908,admin,pqc,,USA,high,backend_sync,medium,delete,0,23,6.53,1,0,0
2025-09-23 18:04:50,user_2909,auditor,classical,,USA,medium,catalog,high,update,0,13,7.76,2,0,0
2025-09-23 18:05:00,user_2910,employee,classical,,Unknown,medium,catalog,low,write,0,18,3.34,2,0,0
2025-09-23 18:05:10,user_2911,admin,pqc,,Unknown,low,catalog,low,write,0,18,14.71,0,0,0
2025-09-23 18:05:20,user_2912,third_party,pqc,65.0,India,low,customer_kyc,high,write,0,7,13.05,2,1,1
2025-09-23 18:05:30,user_2913,third_party,pqc,40.0,India,low,transaction,low,delete,170618,22,9.28,0,1,1
2025-09-23 18:05:40,user_2914,employee,pqc,,India,medium,catalog,high,delete,0,23,1.51,3,0,0
2025-09-23 18:05:50,user_2915,auditor,classical,,Unknown,medium,transaction,low,update,168164,22,13.92,0,0,1
2025-09-23 18:06:00,user_2916,service,pqc,,EU,high,transaction,low,delete,16383,19,6.42,1,1,0
2025-09-23 18:06:10,user_2917,service,classical,,Unknown,low,backend_sync,medium,read,0,16,11.09,1,1,0
2025-09-23 18:06:20,user_2918,third_party,classical,40.0,EU,high,transaction,medium,write,0,20,15.28,0,1,1
2025-09-23 18:06:30,user_2919,employee,classical,,India,low,payroll,low,write,0,24,6.57,1,1,0
2025-09-23 18:06:40,user_2920,admin,classical,,Unknown,low,logs,high,write,0,22,11.23,1,1,1
2025-09-23 18:06:50,user_2921,admin,pqc,,India,low,catalog,medium,update,0,21,4.39,1,0,0
2025-09-23 18:07:00,user_2922,third_party,pqc,92.0,EU,high,customer_kyc,low,write,0,20,5.67,0,0,0
2025-09-23 18:07:10,user_2923,auditor,pqc,,India,high,logs,medium,delete,0,19,6.16,1,1,0
2025-09-23 18:07:20,user_2924,admin,pqc,,EU,high,payroll,medium,delete,0,24,22.26,0,0,0
2025-09-23 18:07:30,user_2925,admin,pqc,,USA,low,payroll,high,update,0,16,15.19,3,0,1
2025-09-23 18:07:40,user_2926,guest,pqc,,EU,high,backend_sync,high,read,0,25,14.57,2,1,0
2025-09-23 18:07:50,user_2927,service,classical,,Unknown,medium,payroll,high,delete,0,20,10.19,0,1,0
2025-09-23 18:08:00,user_2928,service,pqc,,EU,low,transaction,medium,read,27989,24,12.22,0,1,0
2025-09-23 18:08:10,user_2929,guest,classical,,India,medium,transaction,high,delete,0,20,16.11,1,1,1
2025-09-23 18:08:20,user_2930,admin,classical,,Unknown,low,logs,high,delete,0,27,6.36,1,0,1
2025-09-23 18:08:30,user_2931,employee,classical,,India,low,backend_sync,high,delete,0,20,10.05,0,0,1
2025-09-23 18:08:40,user_2932,third_party,classical,40.0,EU,low,catalog,low,write,0,20,11.9,3,1,1
2025-09-23 18:08:50,user_2933,auditor,pqc,,India,low,transaction,medium,write,136355,21,17.68,2,0,1
2025-09-23 18:09:00,user_2934,service,pqc,,USA,high,transaction,medium,read,0,17,6.2,1,1,0
2025-09-23 18:09:10,user_2935,admin,classical,,Unknown,medium,catalog,high,read,0,21,9.42,3,0,0
2025-09-23 18:09:20,user_2936,guest,classical,,India,high,payroll,high,delete,0,23,10.47,5,0,0
2025-09-23 18:09:30,user_2937,service,classical,,Unknown,high,backend_sync,medium,update,0,30,14.59,0,1,0
2025-09-23 18:09:40,user_2938,employee,pqc,,Unknown,low,backend_sync,high,update,0,22,8.8,1,1,1
2025-09-23 18:09:50,user_2939,guest,pqc,,India,high,customer_kyc,high,update,0,18,13.84,2,0,1
2025-09-23 18:10:00,user_2940,auditor,classical,,USA,high,catalog,low,read,0,20,10.15,0,0,0
2025-09-23 18:10:10,user_2941,employee,classical,,Unknown,medium,customer_kyc,high,write,0,21,4.75,0,1,0
2025-09-23 18:10:20,user_2942,guest,pqc,,Unknown,low,transaction,high,delete,171138,21,10.34,2,0,1
2025-09-23 18:10:30,user_2943,employee,pqc,,EU,medium,logs,high,update,0,21,7.84,0,0,0
2025-09-23 18:10:40,user_2944,auditor,pqc,,EU,low,catalog,medium,read,0,25,13.65,2,1,0
2025-09-23 18:10:50,user_2945,auditor,pqc,,India,high,catalog,low,update,0,18,16.71,1,0,0
2025-09-23 18:11:00,user_2946,admin,pqc,,Unknown,medium,customer_kyc,low,update,0,23,7.28,1,1,0
2025-09-23 18:11:10,user_2947,service,pqc,,Unknown,high,customer_kyc,high,write,0,17,14.13,1,1,0
2025-09-23 18:11:20,user_2948,admin,pqc,,Unknown,medium,payroll,low,delete,0,25,13.23,2,1,0
2025-09-23 18:11:30,user_2949,guest,classical,,EU,medium,payroll,medium,delete,0,25,4.46,1,0,0
2025-09-23 18:11:40,user_2950,employee,classical,,USA,high,payroll,low,delete,0,19,10.14,2,0,0
2025-09-23 18:11:50,user_2951,employee,pqc,,EU,high,catalog,medium,delete,0,20,1.57,2,0,0
2025-09-23 18:12:00,user_2952,third_party,pqc,40.0,EU,high,logs,medium,write,0,16,8.8,3,0,1
2025-09-23 18:12:10,user_2953,employee,pqc,,Unknown,medium,payroll,low,delete,0,18,10.06,1,1,0
2025-09-23 18:12:20,user_2954,third_party,classical,92.0,USA,medium,transaction,medium,read,0,15,16.87,1,0,0
2025-09-23 18:12:30,user_2955,guest,pqc,,EU,high,logs,high,write,0,16,4.57,1,0,0
2025-09-23 18:12:40,user_2956,employee,classical,,Unknown,high,transaction,high,read,76915,18,12.56,0,0,0
2025-09-23 18:12:50,user_2957,service,pqc,,Unknown,high,payroll,low,read,0,23,15.11,2,1,0
2025-09-23 18:13:00,user_2958,service,classical,,India,medium,backend_sync,low,read,0,17,12.55,0,0,0
2025-09-23 18:13:10,user_2959,auditor,classical,,India,high,payroll,low,delete,0,15,16.19,0,1,0
2025-09-23 18:13:20,user_2960,employee,pqc,,EU,high,payroll,low,delete,0,19,12.84,2,1,0
2025-09-23 18:13:30,user_2961,service,pqc,,USA,high,backend_sync,low,write,0,18,8.18,0,1,0
2025-09-23 18:13:40,user_2962,admin,pqc,,EU,high,payroll,high,write,0,14,11.79,0,1,0
2025-09-23 18:13:50,user_2963,employee,classical,,Unknown,medium,catalog,low,read,0,15,9.41,4,1,0
2025-09-23 18:14:00,user_2964,guest,pqc,,EU,low,payroll,high,update,0,22,11.78,0,1,1
2025-09-23 18:14:10,user_2965,guest,classical,,India,high,catalog,low,update,0,23,19.71,0,0,0
2025-09-23 18:14:20,user_2966,service,classical,,Unknown,low,catalog,medium,read,0,24,3.75,1,1,0
2025-09-23 18:14:30,user_2967,guest,pqc,,Unknown,high,backend_sync,low,update,0,22,13.65,0,0,0
2025-09-23 18:14:40,user_2968,auditor,classical,,USA,medium,logs,high,write,0,30,4.74,2,1,0
2025-09-23 18:14:50,user_2969,employee,classical,,EU,medium,backend_sync,low,update,0,20,5.11,0,1,0
2025-09-23 18:15:00,user_2970,admin,classical,,India,medium,catalog,medium,write,0,18,20.27,1,0,0
2025-09-23 18:15:10,user_2971,admin,pqc,,USA,high,customer_kyc,medium,read,0,25,12.3,2,0,0
2025-09-23 18:15:20,user_2972,admin,classical,,USA,low,backend_sync,low,read,0,26,13.17,3,0,0
2025-09-23 18:15:30,user_2973,guest,pqc,,EU,high,catalog,high,write,0,14,9.13,1,1,0
2025-09-23 18:15:40,user_2974,service,classical,,USA,medium,logs,medium,update,0,13,5.45,0,0,0
2025-09-23 18:15:50,user_2975,auditor,pqc,,Unknown,high,catalog,low,delete,0,20,14.97,1,0,0
2025-09-23 18:16:00,user_2976,employee,pqc,,India,high,backend_sync,medium,delete,0,25,3.67,1,1,0
2025-09-23 18:16:10,user_2977,admin,classical,,Unknown,low,transaction,low,update,24547,18,15.84,2,0,0
2025-09-23 18:16:20,user_2978,service,classical,,USA,high,logs,medium,delete,0,21,2.54,1,0,0
2025-09-23 18:16:30,user_2979,auditor,classical,,India,low,logs,low,read,0,21,10.61,2,1,0
2025-09-23 18:16:40,user_2980,auditor,classical,,India,medium,catalog,medium,update,0,21,5.7,2,1,0
2025-09-23 18:16:50,user_2981,service,pqc,,EU,low,backend_sync,high,delete,0,12,10.14,2,0,1
2025-09-23 18:17:00,user_2982,service,pqc,,Unknown,high,transaction,medium,read,0,25,12.87,2,0,0
2025-09-23 18:17:10,user_2983,service,pqc,,USA,medium,transaction,low,update,0,21,10.29,0,0,0
2025-09-23 18:17:20,user_2984,employee,classical,,India,low,customer_kyc,low,delete,0,21,8.24,2,1,0
2025-09-23 18:17:30,user_2985,employee,classical,,EU,low,logs,low,delete,0,22,5.02,3,1,0
2025-09-23 18:17:40,user_2986,service,classical,,Unknown,low,payroll,high,write,0,16,10.7,0,1,1
2025-09-23 18:17:50,user_2987,auditor,classical,,USA,high,catalog,medium,delete,0,23,10.28,0,0,0
2025-09-23 18:18:00,user_2988,employee,classical,,USA,low,catalog,high,write,0,25,6.88,3,0,1
2025-09-23 18:18:10,user_2989,employee,pqc,,USA,medium,transaction,low,read,114246,22,8.91,2,0,1
2025-09-23 18:18:20,user_2990,guest,pqc,,India,low,customer_kyc,high,read,0,12,1.32,0,0,1
2025-09-23 18:18:30,user_2991,guest,pqc,,EU,high,transaction,high,write,103183,20,11.69,2,0,1
2025-09-23 18:18:40,user_2992,admin,pqc,,USA,low,logs,low,read,0,14,16.39,1,1,0
2025-09-23 18:18:50,user_2993,employee,pqc,,EU,high,backend_sync,high,read,0,22,8.14,4,1,0
2025-09-23 18:19:00,user_2994,admin,pqc,,Unknown,low,backend_sync,high,write,0,23,10.52,2,0,1
2025-09-23 18:19:10,user_2995,auditor,classical,,Unknown,low,transaction,medium,delete,72470,23,12.49,1,1,0
2025-09-23 18:19:20,user_2996,auditor,pqc,,India,low,backend_sync,low,write,0,20,6.78,2,0,0
2025-09-23 18:19:30,user_2997,admin,pqc,,India,medium,catalog,low,read,0,17,15.56,2,1,0
2025-09-23 18:19:40,user_2998,service,classical,,USA,medium,catalog,medium,delete,0,25,2.47,0,0,0
2025-09-23 18:19:50,user_2999,third_party,classical,92.0,EU,medium,backend_sync,low,delete,0,15,7.91,1,1,0
2025-09-23 18:20:00,user_3000,employee,classical,,EU,low,catalog,high,update,0,17,7.11,0,0,1
2025-09-23 18:20:10,user_3001,employee,pqc,,Unknown,low,catalog,high,write,0,16,20.68,2,1,1
2025-09-23 18:20:20,user_3002,guest,pqc,,India,medium,transaction,medium,write,11886,15,5.49,1,1,1
2025-09-23 18:20:30,user_3003,employee,pqc,,India,medium,transaction,high,read,170601,19,16.64,1,1,1
2025-09-23 18:20:40,user_3004,admin,classical,,India,high,payroll,high,read,0,24,7.06,1,0,0
2025-09-23 18:20:50,user_3005,admin,classical,,India,high,logs,high,read,0,20,18.09,1,1,0
2025-09-23 18:21:00,user_3006,auditor,classical,,EU,medium,logs,low,delete,0,14,11.17,1,1,0
2025-09-23 18:21:10,user_3007,employee,classical,,EU,medium,transaction,high,delete,0,26,7.47,0,1,0
2025-09-23 18:21:20,user_3008,auditor,pqc,,USA,low,logs,medium,update,0,28,16.83,1,0,0
2025-09-23 18:21:30,user_3009,admin,pqc,,USA,low,payroll,low,update,0,21,11.57,3,1,0
2025-09-23 18:21:40,user_3010,auditor,classical,,India,high,payroll,high,read,0,16,10.35,0,1,0
2025-09-23 18:21:50,user_3011,auditor,pqc,,EU,medium,logs,medium,delete,0,16,5.91,1,1,0
2025-09-23 18:22:00,user_3012,employee,classical,,USA,high,transaction,medium,delete,14718,32,2.67,0,1,0
2025-09-23 18:22:10,user_3013,third_party,classical,65.0,EU,medium,transaction,medium,write,143019,21,19.45,0,0,1
2025-09-23 18:22:20,user_3014,third_party,classical,65.0,USA,medium,backend_sync,high,delete,0,18,14.17,0,0,0
2025-09-23 18:22:30,user_3015,employee,classical,,USA,high,logs,low,update,0,17,8.82,0,0,0
2025-09-23 18:22:40,user_3016,admin,pqc,,EU,low,transaction,high,delete,0,19,10.38,0,1,1
2025-09-23 18:22:50,user_3017,third_party,classical,40.0,USA,medium,transaction,medium,delete,17210,16,15.79,2,0,1
2025-09-23 18:23:00,user_3018,employee,pqc,,USA,high,customer_kyc,high,update,0,16,3.75,1,1,0
2025-09-23 18:23:10,user_3019,third_party,pqc,92.0,India,low,catalog,medium,update,0,20,1.94,0,0,0
2025-09-23 18:23:20,user_3020,service,pqc,,Unknown,low,transaction,medium,delete,0,23,16.71,0,1,0
2025-09-23 18:23:30,user_3021,third_party,pqc,65.0,Unknown,low,customer_kyc,medium,update,0,26,8.85,3,0,0
2025-09-23 18:23:40,user_3022,guest,classical,,EU,medium,backend_sync,low,delete,0,24,6.46,0,1,0
2025-09-23 18:23:50,user_3023,service,pqc,,Unknown,low,transaction,medium,delete,0,25,10.38,0,0,0
2025-09-23 18:24:00,user_3024,service,pqc,,Unknown,low,transaction,low,update,0,24,13.15,2,0,0
2025-09-23 18:24:10,user_3025,guest,classical,,EU,high,payroll,medium,delete,0,20,1.85,1,1,0
2025-09-23 18:24:20,user_3026,employee,classical,,EU,high,backend_sync,low,delete,0,27,8.23,2,0,0
2025-09-23 18:24:30,user_3027,service,classical,,EU,low,catalog,medium,update,0,17,10.43,0,0,0
2025-09-23 18:24:40,user_3028,employee,classical,,USA,high,customer_kyc,medium,delete,0,23,14.54,1,1,0
2025-09-23 18:24:50,user_3029,guest,classical,,USA,high,catalog,medium,write,0,19,15.45,1,0,0
2025-09-23 18:25:00,user_3030,employee,pqc,,EU,high,customer_kyc,high,write,0,22,13.58,1,0,0
2025-09-23 18:25:10,user_3031,guest,classical,,USA,low,transaction,high,delete,0,17,14.56,0,0,1
2025-09-23 18:25:20,user_3032,employee,pqc,,USA,high,customer_kyc,medium,delete,0,16,14.66,0,0,0
2025-09-23 18:25:30,user_3033,guest,classical,,India,low,catalog,medium,update,0,28,19.84,4,0,0
2025-09-23 18:25:40,user_3034,auditor,pqc,,USA,high,catalog,high,delete,0,16,4.27,1,1,0
2025-09-23 18:25:50,user_3035,third_party,classical,92.0,EU,low,customer_kyc,high,read,0,16,14.5,1,1,1
2025-09-23 18:26:00,user_3036,auditor,classical,,EU,low,customer_kyc,high,delete,0,20,12.95,2,0,1
2025-09-23 18:26:10,user_3037,employee,pqc,,Unknown,medium,catalog,high,write,0,26,16.55,2,0,0
2025-09-23 18:26:20,user_3038,third_party,classical,92.0,Unknown,medium,logs,low,delete,0,22,13.77,1,1,0
2025-09-23 18:26:30,user_3039,admin,classical,,USA,high,customer_kyc,medium,read,0,20,13.62,1,1,0
2025-09-23 18:26:40,user_3040,guest,pqc,,EU,low,payroll,medium,write,0,18,10.3,1,1,0
2025-09-23 18:26:50,user_3041,admin,classical,,Unknown,low,logs,low,read,0,15,14.14,1,0,0
2025-09-23 18:27:00,user_3042,third_party,pqc,65.0,India,low,backend_sync,medium,delete,0,17,2.62,1,0,0
2025-09-23 18:27:10,user_3043,third_party,pqc,65.0,Unknown,high,logs,low,read,0,28,7.52,2,0,0
2025-09-23 18:27:20,user_3044,admin,classical,,EU,low,catalog,high,update,0,16,10.2,0,1,1
2025-09-23 18:27:30,user_3045,auditor,pqc,,India,medium,payroll,medium,update,0,15,4.29,0,1,0
2025-09-23 18:27:40,user_3046,guest,pqc,,EU,high,payroll,high,delete,0,17,9.31,0,1,0
2025-09-23 18:27:50,user_3047,guest,classical,,USA,low,backend_sync,low,delete,0,18,12.82,0,0,0
2025-09-23 18:28:00,user_3048,guest,pqc,,USA,high,logs,low,write,0,22,21.54,1,0,0
2025-09-23 18:28:10,user_3049,third_party,pqc,40.0,USA,high,customer_kyc,high,write,0,24,6.28,1,1,1
2025-09-23 18:28:20,user_3050,third_party,classical,40.0,EU,high,customer_kyc,low,read,0,18,14.09,1,0,1
2025-09-23 18:28:30,user_3051,auditor,pqc,,USA,high,logs,high,read,0,21,8.53,1,0,0
2025-09-23 18:28:40,user_3052,employee,pqc,,Unknown,low,backend_sync,high,write,0,26,17.42,3,0,1
2025-09-23 18:28:50,user_3053,guest,pqc,,Unknown,medium,customer_kyc,low,write,0,28,3.03,0,1,1
2025-09-23 18:29:00,user_3054,third_party,pqc,92.0,Unknown,high,payroll,low,write,0,20,7.61,1,0,0
2025-09-23 18:29:10,user_3055,third_party,pqc,92.0,India,medium,backend_sync,low,update,0,17,22.2,0,1,0
2025-09-23 18:29:20,user_3056,guest,classical,,Unknown,low,transaction,low,write,183952,21,19.72,0,1,1
2025-09-23 18:29:30,user_3057,third_party,pqc,65.0,Unknown,low,payroll,low,update,0,25,10.28,1,0,0
2025-09-23 18:29:40,user_3058,service,pqc,,Unknown,low,catalog,low,update,0,21,13.73,1,1,0
2025-09-23 18:29:50,user_3059,employee,classical,,India,low,catalog,high,write,0,21,10.35,1,1,1
2025-09-23 18:30:00,user_3060,admin,classical,,India,low,customer_kyc,medium,read,0,21,21.15,1,1,0
2025-09-23 18:30:10,user_3061,third_party,classical,65.0,India,high,catalog,medium,update,0,27,10.68,2,1,0
2025-09-23 18:30:20,user_3062,service,pqc,,USA,medium,catalog,low,delete,0,20,10.72,1,1,0
2025-09-23 18:30:30,user_3063,auditor,pqc,,Unknown,medium,transaction,high,update,124275,24,10.09,2,1,1
2025-09-23 18:30:40,user_3064,admin,classical,,India,medium,payroll,medium,update,0,13,11.68,0,1,0
2025-09-23 18:30:50,user_3065,guest,classical,,USA,low,transaction,medium,read,109717,18,10.93,3,1,1
2025-09-23 18:31:00,user_3066,auditor,pqc,,India,high,customer_kyc,medium,update,0,21,13.37,3,1,0
2025-09-23 18:31:10,user_3067,admin,pqc,,USA,high,customer_kyc,high,write,0,21,17.58,1,1,0
2025-09-23 18:31:20,user_3068,guest,pqc,,India,low,customer_kyc,medium,delete,0,20,11.51,0,0,1
2025-09-23 18:31:30,user_3069,service,classical,,Unknown,high,customer_kyc,medium,write,0,17,7.44,1,0,0
2025-09-23 18:31:40,user_3070,guest,pqc,,USA,high,customer_kyc,low,delete,0,22,6.81,0,0,1
2025-09-23 18:31:50,user_3071,employee,classical,,USA,low,transaction,low,write,8968,24,13.47,0,0,0
2025-09-23 18:32:00,user_3072,employee,pqc,,India,low,catalog,low,read,0,14,6.54,1,1,0
2025-09-23 18:32:10,user_3073,guest,pqc,,Unknown,high,logs,medium,write,0,20,15.54,1,1,0
2025-09-23 18:32:20,user_3074,admin,classical,,USA,medium,payroll,medium,read,0,20,7.06,0,1,0
2025-09-23 18:32:30,user_3075,auditor,classical,,Unknown,high,logs,medium,delete,0,24,9.64,1,1,0
2025-09-23 18:32:40,user_3076,guest,classical,,USA,medium,backend_sync,low,write,0,19,10.46,3,1,0
2025-09-23 18:32:50,user_3077,service,classical,,USA,low,backend_sync,low,read,0,22,8.0,3,0,0
2025-09-23 18:33:00,user_3078,service,pqc,,India,high,backend_sync,low,update,0,19,0.0,0,1,0
2025-09-23 18:33:10,user_3079,employee,classical,,EU,high,logs,low,write,0,15,0.49,1,1,0
2025-09-23 18:33:20,user_3080,guest,pqc,,India,medium,customer_kyc,medium,write,0,20,5.49,1,0,1
2025-09-23 18:33:30,user_3081,employee,classical,,Unknown,low,catalog,medium,update,0,16,16.5,1,1,0
2025-09-23 18:33:40,user_3082,third_party,pqc,40.0,USA,high,backend_sync,medium,read,0,23,9.9,3,1,1
2025-09-23 18:33:50,user_3083,service,pqc,,EU,high,transaction,low,write,159957,14,14.33,1,1,1
2025-09-23 18:34:00,user_3084,service,pqc,,India,low,catalog,high,write,0,21,15.08,0,0,1
2025-09-23 18:34:10,user_3085,employee,pqc,,India,low,backend_sync,medium,delete,0,21,15.05,1,1,0
2025-09-23 18:34:20,user_3086,employee,pqc,,Unknown,medium,logs,low,write,0,22,17.77,1,0,0
2025-09-23 18:34:30,user_3087,third_party,classical,40.0,India,medium,catalog,high,write,0,15,10.2,2,0,1
2025-09-23 18:34:40,user_3088,auditor,classical,,India,medium,payroll,low,write,0,17,7.21,1,1,0
2025-09-23 18:34:50,user_3089,employee,pqc,,USA,medium,payroll,medium,delete,0,24,9.11,2,0,0
2025-09-23 18:35:00,user_3090,third_party,classical,92.0,EU,high,catalog,low,write,0,18,12.01,1,1,0
2025-09-23 18:35:10,user_3091,admin,pqc,,India,high,customer_kyc,high,delete,0,26,9.65,0,0,0
2025-09-23 18:35:20,user_3092,admin,pqc,,USA,medium,backend_sync,low,delete,0,20,3.35,0,0,0
2025-09-23 18:35:30,user_3093,service,pqc,,Unknown,medium,payroll,medium,update,0,16,3.71,1,0,0
2025-09-23 18:35:40,user_3094,service,pqc,,Unknown,medium,logs,medium,write,0,15,21.18,1,0,0
2025-09-23 18:35:50,user_3095,guest,classical,,Unknown,low,customer_kyc,medium,read,0,15,14.05,1,1,1
2025-09-23 18:36:00,user_3096,guest,classical,,USA,medium,payroll,high,update,0,22,3.78,1,1,0
2025-09-23 18:36:10,user_3097,guest,pqc,,EU,medium,payroll,high,update,0,22,4.73,0,1,0
2025-09-23 18:36:20,user_3098,third_party,classical,65.0,India,high,transaction,low,delete,0,17,16.85,0,0,0
2025-09-23 18:36:30,user_3099,guest,pqc,,India,high,transaction,low,read,166684,21,6.26,0,0,1
2025-09-23 18:36:40,user_3100,guest,classical,,EU,low,backend_sync,low,delete,0,18,5.38,0,0,0
2025-09-23 18:36:50,user_3101,guest,classical,,India,low,catalog,high,delete,0,22,11.36,0,1,1
2025-09-23 18:37:00,user_3102,service,classical,,India,high,catalog,low,write,0,21,7.41,3,0,0
2025-09-23 18:37:10,user_3103,third_party,classical,92.0,EU,medium,payroll,low,write,0,23,17.01,1,1,0
2025-09-23 18:37:20,user_3104,service,pqc,,USA,low,catalog,high,write,0,17,3.41,0,1,1
2025-09-23 18:37:30,user_3105,admin,pqc,,Unknown,medium,catalog,low,delete,0,27,13.36,1,0,0
2025-09-23 18:37:40,user_3106,employee,pqc,,USA,low,catalog,high,delete,0,27,20.75,0,1,1
2025-09-23 18:37:50,user_3107,employee,classical,,EU,low,customer_kyc,high,update,0,29,4.98,0,1,1
2025-09-23 18:38:00,user_3108,auditor,classical,,USA,medium,backend_sync,high,update,0,31,13.35,0,0,0
2025-09-23 18:38:10,user_3109,service,classical,,Unknown,low,payroll,low,write,0,17,5.28,0,1,0
2025-09-23 18:38:20,user_3110,service,pqc,,USA,high,logs,medium,write,0,11,5.25,1,0,0
2025-09-23 18:38:30,user_3111,admin,pqc,,India,medium,catalog,high,read,0,25,11.35,1,0,0
2025-09-23 18:38:40,user_3112,employee,pqc,,India,high,catalog,low,delete,0,22,11.72,0,0,0
2025-09-23 18:38:50,user_3113,auditor,pqc,,India,low,transaction,low,delete,119052,15,6.9,1,0,1
2025-09-23 18:39:00,user_3114,employee,classical,,USA,low,logs,medium,delete,0,15,2.72,0,1,0
2025-09-23 18:39:10,user_3115,auditor,pqc,,Unknown,low,logs,high,write,0,10,4.94,3,1,1
2025-09-23 18:39:20,user_3116,service,pqc,,USA,high,transaction,medium,write,36314,32,0.81,0,1,0
2025-09-23 18:39:30,user_3117,employee,pqc,,EU,high,logs,low,delete,0,25,7.89,2,1,0
2025-09-23 18:39:40,user_3118,third_party,classical,40.0,EU,low,catalog,high,read,0,21,15.69,1,1,1
2025-09-23 18:39:50,user_3119,guest,classical,,India,high,payroll,high,update,0,17,1.13,1,1,0
2025-09-23 18:40:00,user_3120,service,pqc,,EU,high,customer_kyc,high,update,0,12,2.75,0,0,0
2025-09-23 18:40:10,user_3121,third_party,pqc,40.0,India,low,logs,low,update,0,17,11.93,1,0,1
2025-09-23 18:40:20,user_3122,guest,pqc,,Unknown,high,catalog,high,update,0,17,1.64,2,1,0
2025-09-23 18:40:30,user_3123,third_party,pqc,65.0,USA,medium,customer_kyc,low,read,0,15,6.77,0,1,0
2025-09-23 18:40:40,user_3124,guest,pqc,,India,low,catalog,medium,read,0,20,6.66,3,1,0
2025-09-23 18:40:50,user_3125,admin,pqc,,India,medium,transaction,high,write,0,22,16.16,2,1,0
2025-09-23 18:41:00,user_3126,guest,classical,,USA,high,customer_kyc,medium,update,0,11,13.82,1,1,1
2025-09-23 18:41:10,user_3127,third_party,classical,65.0,USA,low,customer_kyc,low,delete,0,21,9.78,0,1,0
2025-09-23 18:41:20,user_3128,admin,classical,,EU,low,catalog,medium,write,0,28,7.23,1,0,0
2025-09-23 18:41:30,user_3129,admin,classical,,Unknown,low,logs,low,read,0,26,3.84,2,1,0
2025-09-23 18:41:40,user_3130,service,classical,,India,low,customer_kyc,medium,delete,0,18,15.29,2,1,0
2025-09-23 18:41:50,user_3131,third_party,classical,92.0,Unknown,medium,catalog,medium,read,0,24,8.44,3,0,0
2025-09-23 18:42:00,user_3132,auditor,pqc,,EU,medium,customer_kyc,high,write,0,18,0.55,0,0,0
2025-09-23 18:42:10,user_3133,employee,classical,,USA,low,payroll,low,read,0,19,16.74,1,0,0
2025-09-23 18:42:20,user_3134,employee,pqc,,Unknown,low,customer_kyc,medium,delete,0,24,9.07,2,1,0
2025-09-23 18:42:30,user_3135,guest,classical,,India,medium,catalog,low,read,0,29,6.96,1,1,0
2025-09-23 18:42:40,user_3136,employee,pqc,,USA,medium,transaction,medium,update,0,18,12.37,1,0,0
2025-09-23 18:42:50,user_3137,employee,pqc,,India,medium,logs,medium,update,0,14,12.05,1,1,0
2025-09-23 18:43:00,user_3138,auditor,classical,,Unknown,high,transaction,low,delete,65574,23,10.92,0,0,0
2025-09-23 18:43:10,user_3139,third_party,classical,40.0,India,low,payroll,medium,delete,0,19,3.01,1,1,1
2025-09-23 18:43:20,user_3140,auditor,classical,,EU,medium,backend_sync,medium,delete,0,23,9.26,2,1,0
2025-09-23 18:43:30,user_3141,admin,pqc,,India,high,customer_kyc,low,update,0,26,18.55,2,0,0
2025-09-23 18:43:40,user_3142,employee,pqc,,USA,high,backend_sync,low,write,0,24,14.62,1,1,0
2025-09-23 18:43:50,user_3143,auditor,pqc,,Unknown,medium,customer_kyc,high,write,0,20,12.76,1,0,0
2025-09-23 18:44:00,user_3144,auditor,pqc,,EU,high,transaction,medium,update,73349,18,3.75,4,0,0
2025-09-23 18:44:10,user_3145,auditor,pqc,,USA,low,customer_kyc,high,update,0,26,11.53,1,0,1
2025-09-23 18:44:20,user_3146,admin,pqc,,Unknown,low,payroll,medium,update,0,11,14.64,3,0,0
2025-09-23 18:44:30,user_3147,admin,classical,,India,medium,transaction,low,update,0,23,5.04,2,1,0
2025-09-23 18:44:40,user_3148,third_party,pqc,40.0,Unknown,high,payroll,high,read,0,19,14.21,2,1,1
2025-09-23 18:44:50,user_3149,guest,classical,,India,high,backend_sync,low,delete,0,22,16.14,0,0,0
2025-09-23 18:45:00,user_3150,admin,pqc,,EU,low,transaction,medium,read,18019,25,11.9,2,0,0
2025-09-23 18:45:10,user_3151,third_party,pqc,65.0,Unknown,high,backend_sync,high,read,0,19,5.82,4,0,0
2025-09-23 18:45:20,user_3152,guest,pqc,,India,high,payroll,low,delete,0,16,13.69,4,1,0
2025-09-23 18:45:30,user_3153,third_party,pqc,40.0,EU,medium,catalog,high,delete,0,25,11.38,1,0,1
2025-09-23 18:45:40,user_3154,employee,pqc,,EU,high,backend_sync,high,update,0,22,19.83,2,1,0
2025-09-23 18:45:50,user_3155,employee,classical,,India,medium,transaction,high,write,0,18,8.26,1,0,0
2025-09-23 18:46:00,user_3156,guest,pqc,,USA,low,backend_sync,medium,read,0,14,18.43,0,1,0
2025-09-23 18:46:10,user_3157,employee,classical,,USA,low,transaction,high,update,0,30,22.06,0,1,1
2025-09-23 18:46:20,user_3158,third_party,pqc,65.0,India,high,logs,high,update,0,12,17.38,0,0,0
2025-09-23 18:46:30,user_3159,admin,classical,,Unknown,medium,customer_kyc,high,write,0,17,2.77,0,0,0
2025-09-23 18:46:40,user_3160,employee,classical,,USA,high,transaction,medium,write,0,20,10.14,0,0,0
2025-09-23 18:46:50,user_3161,service,classical,,India,medium,catalog,high,read,0,13,6.89,5,0,0
2025-09-23 18:47:00,user_3162,service,classical,,India,high,customer_kyc,medium,update,0,21,12.79,2,0,0
2025-09-23 18:47:10,user_3163,employee,classical,,EU,high,backend_sync,high,update,0,20,5.25,1,0,0
2025-09-23 18:47:20,user_3164,guest,pqc,,India,high,customer_kyc,high,update,0,18,11.64,0,1,1
2025-09-23 18:47:30,user_3165,third_party,pqc,40.0,USA,high,customer_kyc,medium,write,0,17,8.87,0,1,1
2025-09-23 18:47:40,user_3166,auditor,pqc,,Unknown,medium,transaction,high,update,154000,10,5.33,2,1,1
2025-09-23 18:47:50,user_3167,employee,pqc,,EU,low,transaction,low,update,65885,27,15.98,0,1,0
2025-09-23 18:48:00,user_3168,service,pqc,,EU,medium,backend_sync,low,update,0,17,15.29,3,0,0
2025-09-23 18:48:10,user_3169,guest,pqc,,EU,medium,catalog,high,update,0,22,6.52,2,0,0
2025-09-23 18:48:20,user_3170,third_party,pqc,65.0,USA,medium,payroll,high,update,0,17,8.85,1,1,0
2025-09-23 18:48:30,user_3171,employee,pqc,,EU,low,payroll,high,delete,0,18,12.13,0,1,1
2025-09-23 18:48:40,user_3172,auditor,classical,,USA,medium,logs,high,write,0,17,17.25,0,1,0
2025-09-23 18:48:50,user_3173,guest,pqc,,EU,medium,catalog,medium,delete,0,16,4.39,2,1,0
2025-09-23 18:49:00,user_3174,service,pqc,,EU,medium,customer_kyc,low,delete,0,22,11.34,2,0,0
2025-09-23 18:49:10,user_3175,service,pqc,,EU,high,logs,high,delete,0,17,14.27,2,1,0
2025-09-23 18:49:20,user_3176,guest,classical,,USA,high,logs,medium,read,0,17,10.51,1,0,0
2025-09-23 18:49:30,user_3177,service,pqc,,Unknown,high,backend_sync,low,write,0,21,6.87,0,1,0
2025-09-23 18:49:40,user_3178,auditor,classical,,USA,medium,payroll,medium,delete,0,23,14.8,1,0,0
2025-09-23 18:49:50,user_3179,service,classical,,Unknown,high,catalog,low,write,0,20,12.48,2,1,0
2025-09-23 18:50:00,user_3180,guest,pqc,,EU,low,payroll,low,read,0,15,5.73,0,1,0
2025-09-23 18:50:10,user_3181,admin,pqc,,EU,low,payroll,high,read,0,23,15.69,0,1,1
2025-09-23 18:50:20,user_3182,guest,classical,,Unknown,high,transaction,high,read,0,14,1.29,0,1,1
2025-09-23 18:50:30,user_3183,employee,pqc,,India,medium,backend_sync,high,read,0,13,15.7,1,0,0
2025-09-23 18:50:40,user_3184,auditor,pqc,,Unknown,low,backend_sync,high,write,0,21,7.24,0,1,1
2025-09-23 18:50:50,user_3185,service,pqc,,EU,high,customer_kyc,high,update,0,22,7.57,1,1,0
2025-09-23 18:51:00,user_3186,employee,pqc,,Unknown,medium,customer_kyc,medium,update,0,14,6.19,1,0,0
2025-09-23 18:51:10,user_3187,service,classical,,Unknown,low,logs,medium,delete,0,21,15.22,1,0,0
2025-09-23 18:51:20,user_3188,employee,classical,,Unknown,high,backend_sync,low,update,0,13,8.59,2,0,0
2025-09-23 18:51:30,user_3189,employee,pqc,,USA,low,backend_sync,high,read,0,22,4.32,0,0,1
2025-09-23 18:51:40,user_3190,service,pqc,,Unknown,low,logs,low,delete,0,30,9.74,2,0,0
2025-09-23 18:51:50,user_3191,guest,pqc,,Unknown,low,transaction,medium,write,58265,19,5.64,2,0,1
2025-09-23 18:52:00,user_3192,guest,classical,,India,high,catalog,high,write,0,22,10.71,1,1,0
2025-09-23 18:52:10,user_3193,guest,classical,,India,medium,backend_sync,high,update,0,20,9.37,1,0,0
2025-09-23 18:52:20,user_3194,admin,classical,,EU,high,logs,medium,write,0,18,2.63,2,1,0
2025-09-23 18:52:30,user_3195,service,pqc,,Unknown,low,customer_kyc,low,update,0,15,9.18,2,0,0
2025-09-23 18:52:40,user_3196,auditor,classical,,USA,high,backend_sync,high,read,0,16,4.11,0,1,0
2025-09-23 18:52:50,user_3197,third_party,classical,92.0,India,high,logs,low,read,0,22,11.76,1,1,0
2025-09-23 18:53:00,user_3198,admin,pqc,,India,high,transaction,medium,write,0,19,7.49,1,1,0
2025-09-23 18:53:10,user_3199,third_party,classical,40.0,Unknown,low,transaction,low,read,0,20,3.66,2,0,1
2025-09-23 18:53:20,user_3200,auditor,classical,,India,high,logs,low,update,0,23,12.7,2,1,0
2025-09-23 18:53:30,user_3201,guest,pqc,,EU,high,customer_kyc,medium,write,0,22,8.39,1,0,1
2025-09-23 18:53:40,user_3202,third_party,classical,40.0,Unknown,low,backend_sync,high,delete,0,14,2.81,0,0,1
2025-09-23 18:53:50,user_3203,employee,pqc,,India,high,logs,medium,read,0,17,16.64,1,0,0
2025-09-23 18:54:00,user_3204,third_party,classical,92.0,EU,high,backend_sync,high,update,0,18,16.68,2,0,0
2025-09-23 18:54:10,user_3205,auditor,pqc,,India,high,payroll,low,read,0,21,14.69,1,1,0
2025-09-23 18:54:20,user_3206,admin,classical,,EU,low,catalog,low,update,0,20,10.75,0,1,0
2025-09-23 18:54:30,user_3207,employee,pqc,,India,low,customer_kyc,medium,delete,0,23,17.98,0,1,0
2025-09-23 18:54:40,user_3208,third_party,pqc,92.0,USA,medium,customer_kyc,low,read,0,31,4.98,1,0,0
2025-09-23 18:54:50,user_3209,admin,pqc,,USA,low,transaction,low,delete,33011,18,9.45,0,0,0
2025-09-23 18:55:00,user_3210,employee,classical,,India,medium,logs,high,read,0,24,10.19,0,0,0
2025-09-23 18:55:10,user_3211,admin,pqc,,EU,medium,transaction,medium,delete,0,25,11.06,1,1,0
2025-09-23 18:55:20,user_3212,admin,pqc,,USA,medium,logs,high,update,0,27,12.64,2,0,0
2025-09-23 18:55:30,user_3213,service,pqc,,USA,high,transaction,high,update,75185,21,14.19,0,0,0
2025-09-23 18:55:40,user_3214,service,pqc,,USA,low,payroll,medium,delete,0,19,2.83,0,1,0
2025-09-23 18:55:50,user_3215,guest,pqc,,EU,high,transaction,medium,read,155887,29,2.78,0,1,1
2025-09-23 18:56:00,user_3216,third_party,pqc,92.0,Unknown,high,logs,medium,update,0,24,5.12,1,0,0
2025-09-23 18:56:10,user_3217,third_party,classical,40.0,Unknown,high,catalog,medium,write,0,16,21.03,0,1,1
2025-09-23 18:56:20,user_3218,third_party,pqc,92.0,India,medium,catalog,high,delete,0,18,8.9,0,0,0
2025-09-23 18:56:30,user_3219,admin,pqc,,USA,high,customer_kyc,high,delete,0,21,3.22,0,1,0
2025-09-23 18:56:40,user_3220,employee,pqc,,India,low,payroll,medium,read,0,26,13.4,1,0,0
2025-09-23 18:56:50,user_3221,admin,pqc,,Unknown,low,payroll,high,update,0,14,4.21,1,0,1
2025-09-23 18:57:00,user_3222,third_party,classical,92.0,EU,high,catalog,medium,write,0,18,5.28,1,0,0
2025-09-23 18:57:10,user_3223,admin,pqc,,EU,high,customer_kyc,high,write,0,20,10.83,1,0,0
2025-09-23 18:57:20,user_3224,employee,classical,,USA,high,payroll,medium,delete,0,27,1.91,1,1,0
2025-09-23 18:57:30,user_3225,employee,classical,,USA,low,payroll,low,update,0,26,12.25,1,0,0
2025-09-23 18:57:40,user_3226,admin,pqc,,India,high,backend_sync,low,update,0,15,8.72,1,1,0
2025-09-23 18:57:50,user_3227,guest,classical,,EU,medium,transaction,low,read,65559,20,17.56,3,0,1
2025-09-23 18:58:00,user_3228,auditor,classical,,USA,medium,customer_kyc,high,write,0,14,4.81,1,0,0
2025-09-23 18:58:10,user_3229,third_party,pqc,65.0,India,low,backend_sync,low,update,0,22,17.38,1,0,0
2025-09-23 18:58:20,user_3230,guest,pqc,,EU,high,customer_kyc,low,read,0,13,0.68,3,0,1
2025-09-23 18:58:30,user_3231,admin,pqc,,India,low,logs,low,update,0,23,21.22,0,0,0
2025-09-23 18:58:40,user_3232,auditor,classical,,USA,high,payroll,high,update,0,18,7.66,1,1,0
2025-09-23 18:58:50,user_3233,third_party,pqc,40.0,Unknown,medium,backend_sync,low,write,0,27,0.04,0,0,1
2025-09-23 18:59:00,user_3234,employee,classical,,EU,high,catalog,high,update,0,20,0.08,1,1,0
2025-09-23 18:59:10,user_3235,guest,classical,,EU,medium,payroll,low,read,0,15,7.4,0,0,0
2025-09-23 18:59:20,user_3236,admin,classical,,Unknown,medium,customer_kyc,low,delete,0,23,9.99,1,0,0
2025-09-23 18:59:30,user_3237,auditor,pqc,,USA,medium,catalog,medium,update,0,22,12.77,2,0,0
2025-09-23 18:59:40,user_3238,guest,pqc,,EU,low,backend_sync,high,delete,0,20,11.07,3,1,1
2025-09-23 18:59:50,user_3239,guest,classical,,USA,medium,customer_kyc,low,delete,0,14,5.38,0,0,1
2025-09-23 19:00:00,user_3240,third_party,classical,92.0,India,medium,logs,medium,delete,0,26,13.65,1,0,0
2025-09-23 19:00:10,user_3241,third_party,pqc,65.0,USA,medium,transaction,high,delete,38722,18,16.17,1,1,0
2025-09-23 19:00:20,user_3242,admin,classical,,Unknown,low,payroll,high,update,0,23,4.47,0,0,1
2025-09-23 19:00:30,user_3243,employee,pqc,,EU,low,transaction,low,update,51974,17,9.38,0,1,0
2025-09-23 19:00:40,user_3244,guest,classical,,Unknown,medium,logs,medium,delete,0,15,15.91,0,1,0
2025-09-23 19:00:50,user_3245,employee,pqc,,India,low,logs,low,write,0,15,14.02,0,0,0
2025-09-23 19:01:00,user_3246,service,classical,,USA,high,customer_kyc,medium,read,0,24,5.37,1,0,0
2025-09-23 19:01:10,user_3247,auditor,classical,,Unknown,low,customer_kyc,medium,read,0,22,3.84,2,1,0
2025-09-23 19:01:20,user_3248,auditor,classical,,Unknown,low,transaction,medium,update,83660,28,2.41,2,1,0
2025-09-23 19:01:30,user_3249,guest,classical,,Unknown,high,catalog,low,delete,0,27,18.26,0,0,0
2025-09-23 19:01:40,user_3250,employee,pqc,,EU,medium,catalog,high,write,0,21,6.9,2,0,0
2025-09-23 19:01:50,user_3251,employee,classical,,USA,low,payroll,medium,update,0,17,4.09,1,0,0
2025-09-23 19:02:00,user_3252,employee,classical,,USA,low,payroll,high,delete,0,21,16.49,3,0,1
2025-09-23 19:02:10,user_3253,admin,pqc,,India,high,payroll,medium,delete,0,18,9.63,1,0,0
2025-09-23 19:02:20,user_3254,service,classical,,Unknown,high,transaction,medium,update,0,20,4.62,0,0,0
2025-09-23 19:02:30,user_3255,admin,pqc,,India,medium,catalog,low,write,0,24,16.28,3,0,0
2025-09-23 19:02:40,user_3256,auditor,classical,,EU,medium,catalog,low,write,0,19,10.56,4,1,0
2025-09-23 19:02:50,user_3257,admin,pqc,,EU,high,logs,high,write,0,25,4.78,3,0,0
2025-09-23 19:03:00,user_3258,employee,classical,,India,medium,payroll,medium,read,0,24,13.9,0,0,0
2025-09-23 19:03:10,user_3259,employee,classical,,Unknown,high,backend_sync,low,read,0,14,17.32,1,0,0
2025-09-23 19:03:20,user_3260,guest,classical,,EU,high,logs,low,write,0,20,18.98,1,1,0
2025-09-23 19:03:30,user_3261,guest,pqc,,India,low,transaction,high,read,0,19,12.2,1,0,1
2025-09-23 19:03:40,user_3262,service,pqc,,Unknown,high,catalog,high,write,0,17,14.99,0,1,0
2025-09-23 19:03:50,user_3263,third_party,pqc,65.0,Unknown,high,payroll,low,update,0,23,7.98,1,1,0
2025-09-23 19:04:00,user_3264,admin,pqc,,EU,high,transaction,medium,update,0,19,11.5,0,0,0
2025-09-23 19:04:10,user_3265,service,classical,,India,medium,backend_sync,low,delete,0,28,19.03,2,1,0
2025-09-23 19:04:20,user_3266,guest,classical,,USA,medium,catalog,medium,delete,0,17,9.36,2,1,0
2025-09-23 19:04:30,user_3267,employee,pqc,,India,low,transaction,low,update,199426,20,9.08,1,0,1
2025-09-23 19:04:40,user_3268,service,classical,,India,low,catalog,medium,delete,0,27,0.35,2,1,0
2025-09-23 19:04:50,user_3269,service,pqc,,USA,high,logs,high,delete,0,27,10.21,0,1,0
2025-09-23 19:05:00,user_3270,admin,classical,,India,low,customer_kyc,low,read,0,15,10.37,0,1,0
2025-09-23 19:05:10,user_3271,third_party,classical,92.0,Unknown,low,transaction,low,read,0,14,6.86,0,0,0
2025-09-23 19:05:20,user_3272,service,classical,,Unknown,medium,backend_sync,low,delete,0,16,18.84,0,0,0
2025-09-23 19:05:30,user_3273,third_party,pqc,92.0,Unknown,high,logs,high,write,0,16,14.8,0,0,0
2025-09-23 19:05:40,user_3274,service,pqc,,India,low,logs,low,write,0,26,2.55,2,0,0
2025-09-23 19:05:50,user_3275,employee,pqc,,USA,low,payroll,medium,delete,0,24,15.79,1,0,0
2025-09-23 19:06:00,user_3276,third_party,classical,92.0,India,medium,customer_kyc,low,update,0,23,13.21,2,0,0
2025-09-23 19:06:10,user_3277,admin,classical,,EU,medium,logs,high,write,0,13,12.95,2,0,0
2025-09-23 19:06:20,user_3278,service,classical,,EU,high,logs,medium,update,0,19,13.65,1,1,0
2025-09-23 19:06:30,user_3279,third_party,classical,92.0,EU,medium,payroll,low,update,0,21,14.28,4,1,0
2025-09-23 19:06:40,user_3280,service,classical,,Unknown,medium,logs,low,read,0,19,13.68,1,1,0
2025-09-23 19:06:50,user_3281,employee,classical,,India,high,transaction,medium,read,102668,16,7.15,1,0,1
2025-09-23 19:07:00,user_3282,service,pqc,,Unknown,medium,customer_kyc,medium,delete,0,17,8.38,1,0,0
2025-09-23 19:07:10,user_3283,auditor,classical,,EU,medium,customer_kyc,medium,update,0,19,8.87,2,1,0
2025-09-23 19:07:20,user_3284,employee,classical,,Unknown,medium,backend_sync,medium,update,0,20,10.56,1,1,0
2025-09-23 19:07:30,user_3285,guest,pqc,,Unknown,medium,payroll,medium,update,0,19,15.15,0,1,0
2025-09-23 19:07:40,user_3286,employee,classical,,USA,low,logs,low,update,0,26,14.44,3,0,0
2025-09-23 19:07:50,user_3287,admin,pqc,,Unknown,low,customer_kyc,medium,read,0,35,11.77,0,1,0
2025-09-23 19:08:00,user_3288,guest,classical,,Unknown,medium,catalog,low,update,0,19,7.3,1,0,0
2025-09-23 19:08:10,user_3289,employee,classical,,Unknown,high,catalog,medium,delete,0,19,12.25,1,0,0
2025-09-23 19:08:20,user_3290,guest,classical,,USA,low,transaction,low,delete,0,15,8.05,0,1,1
2025-09-23 19:08:30,user_3291,service,pqc,,EU,high,customer_kyc,low,read,0,23,9.74,2,1,0
2025-09-23 19:08:40,user_3292,third_party,pqc,65.0,India,high,customer_kyc,high,update,0,12,18.75,0,1,0
2025-09-23 19:08:50,user_3293,guest,classical,,USA,medium,catalog,low,delete,0,25,3.83,0,0,0
2025-09-23 19:09:00,user_3294,auditor,classical,,USA,low,backend_sync,high,delete,0,13,9.12,1,0,1
2025-09-23 19:09:10,user_3295,employee,classical,,EU,high,logs,medium,write,0,22,6.13,1,0,0
2025-09-23 19:09:20,user_3296,employee,pqc,,EU,low,transaction,low,update,0,20,14.12,1,1,0
2025-09-23 19:09:30,user_3297,third_party,pqc,40.0,Unknown,high,catalog,high,delete,0,19,9.91,2,0,1
2025-09-23 19:09:40,user_3298,service,classical,,Unknown,high,transaction,high,read,0,19,9.57,0,0,0
2025-09-23 19:09:50,user_3299,admin,pqc,,USA,high,catalog,medium,write,0,25,19.71,2,0,0
2025-09-23 19:10:00,user_3300,employee,pqc,,Unknown,low,payroll,medium,read,0,22,6.26,1,0,0
2025-09-23 19:10:10,user_3301,service,pqc,,Unknown,low,backend_sync,low,read,0,19,3.62,1,0,0
2025-09-23 19:10:20,user_3302,third_party,classical,65.0,USA,low,backend_sync,medium,update,0,16,12.52,0,0,0
2025-09-23 19:10:30,user_3303,admin,pqc,,Unknown,medium,payroll,low,read,0,19,11.38,0,0,0
2025-09-23 19:10:40,user_3304,employee,classical,,USA,low,logs,high,write,0,19,11.44,0,1,1
2025-09-23 19:10:50,user_3305,admin,classical,,India,high,logs,medium,delete,0,23,9.81,2,0,0
2025-09-23 19:11:00,user_3306,third_party,pqc,65.0,India,low,transaction,high,read,0,27,12.19,1,0,1
2025-09-23 19:11:10,user_3307,auditor,classical,,USA,high,transaction,medium,delete,101915,18,8.69,1,0,1
2025-09-23 19:11:20,user_3308,service,classical,,USA,high,payroll,low,read,0,22,4.03,0,1,0
2025-09-23 19:11:30,user_3309,guest,classical,,Unknown,medium,catalog,medium,update,0,16,8.4,1,0,0
2025-09-23 19:11:40,user_3310,employee,classical,,India,high,catalog,low,update,0,16,5.23,3,1,0
2025-09-23 19:11:50,user_3311,auditor,pqc,,India,medium,catalog,low,update,0,25,16.86,1,0,0
2025-09-23 19:12:00,user_3312,admin,classical,,EU,medium,backend_sync,high,delete,0,22,8.93,0,0,0
2025-09-23 19:12:10,user_3313,third_party,classical,65.0,Unknown,high,transaction,medium,delete,136622,18,4.53,3,0,1
2025-09-23 19:12:20,user_3314,admin,pqc,,Unknown,medium,logs,low,write,0,16,16.18,1,0,0
2025-09-23 19:12:30,user_3315,employee,pqc,,India,medium,transaction,low,update,8362,11,7.69,1,0,0
2025-09-23 19:12:40,user_3316,auditor,classical,,USA,medium,backend_sync,low,read,0,23,14.1,1,1,0
2025-09-23 19:12:50,user_3317,third_party,pqc,92.0,Unknown,low,customer_kyc,low,update,0,19,14.73,0,1,0
2025-09-23 19:13:00,user_3318,employee,classical,,EU,medium,customer_kyc,medium,delete,0,27,9.05,1,0,0
2025-09-23 19:13:10,user_3319,admin,pqc,,Unknown,medium,payroll,high,read,0,22,12.69,0,1,0
2025-09-23 19:13:20,user_3320,guest,pqc,,Unknown,medium,payroll,medium,write,0,28,8.93,0,0,0
2025-09-23 19:13:30,user_3321,employee,classical,,EU,low,logs,high,write,0,19,12.76,2,1,1
2025-09-23 19:13:40,user_3322,employee,pqc,,Unknown,medium,payroll,low,write,0,23,10.22,1,1,0
2025-09-23 19:13:50,user_3323,auditor,classical,,USA,low,backend_sync,high,write,0,16,3.32,1,1,1
2025-09-23 19:14:00,user_3324,employee,pqc,,USA,medium,transaction,high,read,143702,14,10.97,1,0,1
2025-09-23 19:14:10,user_3325,admin,pqc,,EU,low,transaction,low,delete,0,14,9.97,3,1,0
2025-09-23 19:14:20,user_3326,third_party,pqc,92.0,Unknown,low,transaction,high,update,0,10,5.2,0,1,1
2025-09-23 19:14:30,user_3327,service,pqc,,EU,high,payroll,high,read,0,19,8.88,1,1,0
2025-09-23 19:14:40,user_3328,admin,classical,,India,high,customer_kyc,low,update,0,13,10.11,1,0,0
2025-09-23 19:14:50,user_3329,employee,pqc,,USA,medium,customer_kyc,low,read,0,22,15.9,3,1,0
2025-09-23 19:15:00,user_3330,service,pqc,,Unknown,medium,transaction,low,delete,32538,24,11.99,0,0,0
2025-09-23 19:15:10,user_3331,third_party,pqc,65.0,Unknown,medium,catalog,medium,delete,0,22,2.85,0,1,0
2025-09-23 19:15:20,user_3332,admin,pqc,,EU,high,logs,medium,read,0,15,7.38,0,0,0
2025-09-23 19:15:30,user_3333,guest,pqc,,EU,high,logs,high,delete,0,18,0.25,2,1,0
2025-09-23 19:15:40,user_3334,employee,pqc,,EU,low,customer_kyc,high,read,0,18,2.41,1,0,1
2025-09-23 19:15:50,user_3335,auditor,classical,,India,medium,transaction,medium,update,0,15,3.51,1,1,0
2025-09-23 19:16:00,user_3336,admin,classical,,USA,medium,backend_sync,low,read,0,17,3.39,1,0,0
2025-09-23 19:16:10,user_3337,auditor,classical,,India,high,transaction,medium,write,0,22,17.49,0,0,0
2025-09-23 19:16:20,user_3338,guest,classical,,EU,medium,logs,low,write,0,27,13.01,0,1,0
2025-09-23 19:16:30,user_3339,third_party,pqc,65.0,Unknown,low,customer_kyc,high,update,0,15,19.31,1,0,1
2025-09-23 19:16:40,user_3340,auditor,pqc,,India,low,customer_kyc,high,update,0,28,7.02,0,1,1
2025-09-23 19:16:50,user_3341,third_party,classical,40.0,USA,medium,customer_kyc,low,delete,0,31,11.65,0,1,1
2025-09-23 19:17:00,user_3342,auditor,classical,,EU,high,customer_kyc,high,delete,0,15,13.34,1,0,0
2025-09-23 19:17:10,user_3343,service,pqc,,Unknown,medium,customer_kyc,low,write,0,14,3.74,1,1,0
2025-09-23 19:17:20,user_3344,third_party,pqc,40.0,USA,low,customer_kyc,low,delete,0,18,13.36,1,0,1
2025-09-23 19:17:30,user_3345,auditor,classical,,India,high,backend_sync,low,write,0,19,14.14,1,0,0
2025-09-23 19:17:40,user_3346,guest,pqc,,India,high,logs,low,delete,0,21,12.4,4,0,0
2025-09-23 19:17:50,user_3347,auditor,classical,,India,low,logs,medium,write,0,15,8.64,3,0,0
2025-09-23 19:18:00,user_3348,third_party,classical,40.0,Unknown,low,customer_kyc,low,read,0,15,3.66,0,0,1
2025-09-23 19:18:10,user_3349,employee,pqc,,Unknown,low,customer_kyc,medium,write,0,18,10.8,0,0,0
2025-09-23 19:18:20,user_3350,admin,classical,,India,low,transaction,low,read,0,19,12.95,0,0,0
2025-09-23 19:18:30,user_3351,guest,pqc,,India,low,transaction,medium,read,0,23,9.49,0,1,1
2025-09-23 19:18:40,user_3352,service,pqc,,India,medium,payroll,low,write,0,20,8.29,1,0,0
2025-09-23 19:18:50,user_3353,guest,classical,,India,medium,backend_sync,high,delete,0,17,14.47,1,1,0
2025-09-23 19:19:00,user_3354,third_party,classical,40.0,EU,medium,catalog,high,read,0,15,4.38,0,0,1
2025-09-23 19:19:10,user_3355,employee,classical,,Unknown,low,transaction,medium,update,121288,21,7.52,1,1,1
2025-09-23 19:19:20,user_3356,admin,pqc,,EU,high,transaction,high,update,0,28,10.14,4,0,0
2025-09-23 19:19:30,user_3357,admin,pqc,,Unknown,high,payroll,medium,update,0,30,8.19,1,0,0
2025-09-23 19:19:40,user_3358,admin,classical,,USA,high,backend_sync,medium,write,0,17,8.04,1,1,0
2025-09-23 19:19:50,user_3359,third_party,pqc,65.0,India,low,transaction,medium,delete,0,15,5.17,2,1,0
2025-09-23 19:20:00,user_3360,third_party,pqc,65.0,EU,low,payroll,low,write,0,26,13.81,3,0,0
2025-09-23 19:20:10,user_3361,third_party,pqc,40.0,India,high,backend_sync,low,delete,0,16,16.16,2,0,1
2025-09-23 19:20:20,user_3362,third_party,pqc,65.0,EU,low,customer_kyc,high,delete,0,19,18.43,2,1,1
2025-09-23 19:20:30,user_3363,third_party,classical,65.0,EU,medium,backend_sync,medium,read,0,23,16.16,4,1,0
2025-09-23 19:20:40,user_3364,employee,classical,,India,medium,logs,low,write,0,20,14.68,3,1,0
2025-09-23 19:20:50,user_3365,guest,classical,,EU,medium,logs,low,delete,0,23,7.65,0,1,0
2025-09-23 19:21:00,user_3366,third_party,classical,65.0,Unknown,medium,payroll,medium,delete,0,15,15.99,1,0,0
2025-09-23 19:21:10,user_3367,guest,classical,,USA,low,payroll,high,update,0,18,11.76,1,0,1
2025-09-23 19:21:20,user_3368,admin,pqc,,India,medium,transaction,medium,update,0,32,6.05,0,0,0
2025-09-23 19:21:30,user_3369,employee,pqc,,Unknown,medium,transaction,low,delete,0,13,10.43,2,1,0
2025-09-23 19:21:40,user_3370,guest,pqc,,India,high,backend_sync,medium,read,0,22,16.05,3,0,0
2025-09-23 19:21:50,user_3371,service,classical,,USA,medium,payroll,low,write,0,22,9.72,3,1,0
2025-09-23 19:22:00,user_3372,guest,pqc,,USA,low,catalog,high,write,0,13,15.98,3,0,1
2025-09-23 19:22:10,user_3373,employee,classical,,India,high,transaction,low,write,0,13,8.11,3,0,0
2025-09-23 19:22:20,user_3374,service,pqc,,India,medium,logs,high,read,0,17,5.86,2,1,0
2025-09-23 19:22:30,user_3375,service,pqc,,EU,high,customer_kyc,high,write,0,24,15.95,0,1,0
2025-09-23 19:22:40,user_3376,guest,classical,,India,low,payroll,high,delete,0,23,15.41,2,0,1
2025-09-23 19:22:50,user_3377,admin,classical,,Unknown,low,customer_kyc,high,write,0,19,10.67,2,1,1
2025-09-23 19:23:00,user_3378,employee,pqc,,Unknown,high,logs,low,delete,0,21,6.61,1,1,0
2025-09-23 19:23:10,user_3379,employee,pqc,,USA,high,backend_sync,medium,delete,0,20,16.08,2,0,0
2025-09-23 19:23:20,user_3380,service,pqc,,USA,medium,backend_sync,low,update,0,14,0.72,1,1,0
2025-09-23 19:23:30,user_3381,service,pqc,,USA,high,backend_sync,medium,delete,0,20,10.51,1,0,0
2025-09-23 19:23:40,user_3382,auditor,pqc,,USA,medium,customer_kyc,medium,update,0,17,12.81,3,0,0
2025-09-23 19:23:50,user_3383,auditor,pqc,,Unknown,low,payroll,low,delete,0,20,5.11,0,1,0
2025-09-23 19:24:00,user_3384,guest,classical,,USA,low,customer_kyc,medium,write,0,19,12.32,0,1,1
2025-09-23 19:24:10,user_3385,service,pqc,,EU,medium,catalog,high,delete,0,18,10.9,1,1,0
2025-09-23 19:24:20,user_3386,auditor,pqc,,EU,high,transaction,low,delete,124931,19,13.18,1,1,1
2025-09-23 19:24:30,user_3387,admin,pqc,,EU,high,backend_sync,medium,write,0,15,11.74,0,1,0
2025-09-23 19:24:40,user_3388,auditor,classical,,Unknown,low,backend_sync,medium,read,0,19,3.07,0,1,0
2025-09-23 19:24:50,user_3389,admin,pqc,,USA,high,logs,low,read,0,18,10.49,1,0,0
2025-09-23 19:25:00,user_3390,guest,pqc,,Unknown,medium,customer_kyc,low,read,0,21,8.2,0,0,1
2025-09-23 19:25:10,user_3391,third_party,classical,40.0,USA,high,payroll,high,read,0,24,8.9,2,1,1
2025-09-23 19:25:20,user_3392,third_party,classical,40.0,Unknown,high,payroll,medium,update,0,26,2.14,0,1,1
2025-09-23 19:25:30,user_3393,service,classical,,EU,low,transaction,high,delete,37099,35,1.77,0,1,1
2025-09-23 19:25:40,user_3394,admin,pqc,,India,low,customer_kyc,low,read,0,17,13.6,0,1,0
2025-09-23 19:25:50,user_3395,auditor,classical,,EU,low,transaction,medium,write,0,14,7.96,1,0,0
2025-09-23 19:26:00,user_3396,employee,pqc,,USA,low,backend_sync,low,write,0,15,5.68,0,0,0
2025-09-23 19:26:10,user_3397,third_party,pqc,92.0,EU,high,backend_sync,low,read,0,19,1.71,0,0,0
2025-09-23 19:26:20,user_3398,employee,pqc,,India,medium,customer_kyc,medium,update,0,19,2.18,0,0,0
2025-09-23 19:26:30,user_3399,third_party,pqc,92.0,EU,low,catalog,low,delete,0,21,3.71,3,1,0
2025-09-23 19:26:40,user_3400,admin,classical,,USA,medium,customer_kyc,low,write,0,25,13.34,2,1,0
2025-09-23 19:26:50,user_3401,auditor,pqc,,USA,high,logs,low,delete,0,18,4.35,2,0,0
2025-09-23 19:27:00,user_3402,guest,classical,,EU,medium,transaction,high,delete,175473,28,6.83,0,1,1
2025-09-23 19:27:10,user_3403,auditor,pqc,,EU,low,catalog,low,read,0,26,13.23,1,1,0
2025-09-23 19:27:20,user_3404,employee,pqc,,EU,low,transaction,medium,delete,0,24,5.4,0,1,0
2025-09-23 19:27:30,user_3405,auditor,pqc,,India,high,transaction,low,update,125682,21,10.83,3,1,1
2025-09-23 19:27:40,user_3406,service,classical,,Unknown,medium,transaction,high,delete,8535,26,9.96,1,0,0
2025-09-23 19:27:50,user_3407,guest,pqc,,Unknown,high,transaction,low,read,0,23,13.84,0,0,1
2025-09-23 19:28:00,user_3408,guest,pqc,,EU,high,customer_kyc,low,update,0,14,7.23,1,0,1
2025-09-23 19:28:10,user_3409,third_party,pqc,40.0,India,medium,logs,high,update,0,23,4.93,1,0,1
2025-09-23 19:28:20,user_3410,employee,pqc,,Unknown,high,backend_sync,high,write,0,19,11.36,0,0,0
2025-09-23 19:28:30,user_3411,auditor,classical,,India,medium,payroll,medium,read,0,18,3.3,1,1,0
2025-09-23 19:28:40,user_3412,service,classical,,India,high,logs,low,write,0,23,11.1,3,1,0
2025-09-23 19:28:50,user_3413,auditor,pqc,,India,low,customer_kyc,low,write,0,24,8.06,0,0,0
2025-09-23 19:29:00,user_3414,admin,classical,,USA,high,catalog,medium,update,0,12,10.53,1,1,0
2025-09-23 19:29:10,user_3415,third_party,pqc,40.0,EU,low,payroll,high,read,0,23,9.97,0,1,1
2025-09-23 19:29:20,user_3416,auditor,classical,,USA,low,logs,high,read,0,21,8.76,2,0,1
2025-09-23 19:29:30,user_3417,service,pqc,,EU,medium,payroll,medium,write,0,12,14.17,1,0,0
2025-09-23 19:29:40,user_3418,admin,classical,,Unknown,medium,transaction,low,read,0,15,14.58,2,1,0
2025-09-23 19:29:50,user_3419,employee,classical,,Unknown,low,customer_kyc,medium,update,0,17,6.74,0,0,0
2025-09-23 19:30:00,user_3420,third_party,classical,40.0,EU,low,transaction,medium,write,0,17,15.99,1,0,1
2025-09-23 19:30:10,user_3421,service,pqc,,EU,low,customer_kyc,high,read,0,20,15.61,1,0,1
2025-09-23 19:30:20,user_3422,third_party,classical,65.0,USA,medium,customer_kyc,low,delete,0,14,6.31,2,1,0
2025-09-23 19:30:30,user_3423,admin,classical,,USA,high,payroll,low,delete,0,21,6.07,0,1,0
2025-09-23 19:30:40,user_3424,admin,pqc,,USA,medium,payroll,low,read,0,20,11.09,1,1,0
2025-09-23 19:30:50,user_3425,employee,classical,,USA,medium,logs,high,read,0,12,1.98,1,0,0
2025-09-23 19:31:00,user_3426,admin,classical,,Unknown,low,payroll,high,delete,0,22,9.75,3,0,1
2025-09-23 19:31:10,user_3427,employee,pqc,,USA,high,customer_kyc,low,update,0,21,9.72,1,1,0
2025-09-23 19:31:20,user_3428,third_party,pqc,92.0,India,high,backend_sync,high,update,0,20,13.47,1,0,0
2025-09-23 19:31:30,user_3429,auditor,pqc,,Unknown,low,logs,medium,read,0,20,2.86,1,0,0
2025-09-23 19:31:40,user_3430,employee,pqc,,India,high,transaction,high,write,0,18,17.99,0,0,0
2025-09-23 19:31:50,user_3431,admin,pqc,,India,high,customer_kyc,medium,delete,0,22,6.68,0,0,0
2025-09-23 19:32:00,user_3432,admin,pqc,,EU,high,transaction,high,write,0,21,0.27,2,1,0
2025-09-23 19:32:10,user_3433,employee,classical,,India,low,backend_sync,high,read,0,18,7.9,0,1,1
2025-09-23 19:32:20,user_3434,guest,classical,,Unknown,high,catalog,high,write,0,21,9.54,0,0,0
2025-09-23 19:32:30,user_3435,service,pqc,,EU,low,catalog,low,read,0,19,4.78,0,1,0
2025-09-23 19:32:40,user_3436,service,pqc,,Unknown,medium,catalog,high,read,0,16,9.74,1,0,0
2025-09-23 19:32:50,user_3437,admin,pqc,,EU,high,logs,low,read,0,23,1.0,0,0,0
2025-09-23 19:33:00,user_3438,third_party,classical,40.0,Unknown,high,catalog,high,update,0,24,6.54,1,1,1
2025-09-23 19:33:10,user_3439,admin,pqc,,India,high,customer_kyc,medium,read,0,18,9.24,1,1,0
2025-09-23 19:33:20,user_3440,admin,classical,,India,low,logs,low,update,0,23,1.02,1,1,0
2025-09-23 19:33:30,user_3441,auditor,pqc,,Unknown,low,catalog,high,delete,0,26,3.85,5,1,1
2025-09-23 19:33:40,user_3442,auditor,pqc,,India,low,customer_kyc,medium,delete,0,16,3.28,3,1,0
2025-09-23 19:33:50,user_3443,admin,classical,,Unknown,medium,backend_sync,low,read,0,18,15.41,1,1,0
2025-09-23 19:34:00,user_3444,employee,pqc,,EU,low,logs,medium,read,0,24,10.9,1,0,0
2025-09-23 19:34:10,user_3445,service,pqc,,Unknown,medium,payroll,high,read,0,18,19.24,0,1,0
2025-09-23 19:34:20,user_3446,auditor,pqc,,EU,medium,transaction,high,delete,196936,22,10.19,1,0,1
2025-09-23 19:34:30,user_3447,employee,classical,,EU,low,backend_sync,low,update,0,21,8.28,1,1,0
2025-09-23 19:34:40,user_3448,admin,pqc,,USA,medium,catalog,high,delete,0,11,13.03,0,1,0
2025-09-23 19:34:50,user_3449,employee,classical,,India,medium,backend_sync,high,read,0,26,13.75,1,1,0
2025-09-23 19:35:00,user_3450,third_party,classical,65.0,USA,high,backend_sync,low,read,0,20,14.01,1,0,0
2025-09-23 19:35:10,user_3451,auditor,classical,,India,low,catalog,low,delete,0,21,6.27,0,0,0
2025-09-23 19:35:20,user_3452,third_party,pqc,65.0,Unknown,high,logs,medium,update,0,17,15.35,1,1,0
2025-09-23 19:35:30,user_3453,guest,pqc,,India,high,catalog,low,write,0,24,6.44,2,0,0
2025-09-23 19:35:40,user_3454,admin,pqc,,EU,medium,backend_sync,low,write,0,19,5.72,3,1,0
2025-09-23 19:35:50,user_3455,service,classical,,India,medium,payroll,high,write,0,17,4.17,1,0,0
2025-09-23 19:36:00,user_3456,service,classical,,Unknown,high,catalog,medium,write,0,15,10.13,3,1,0
2025-09-23 19:36:10,user_3457,admin,classical,,USA,high,catalog,low,write,0,15,10.94,0,0,0
2025-09-23 19:36:20,user_3458,admin,pqc,,EU,high,payroll,high,update,0,17,1.23,1,1,0
2025-09-23 19:36:30,user_3459,admin,classical,,India,high,payroll,high,delete,0,23,11.16,1,1,0
2025-09-23 19:36:40,user_3460,service,classical,,Unknown,medium,backend_sync,medium,update,0,23,20.22,2,1,0
2025-09-23 19:36:50,user_3461,auditor,pqc,,India,medium,customer_kyc,high,read,0,18,13.04,0,1,0
2025-09-23 19:37:00,user_3462,admin,classical,,USA,low,catalog,medium,delete,0,15,9.44,0,1,0
2025-09-23 19:37:10,user_3463,guest,classical,,India,high,catalog,high,delete,0,29,1.47,1,0,0
2025-09-23 19:37:20,user_3464,service,pqc,,Unknown,high,transaction,medium,write,0,21,15.63,0,1,0
2025-09-23 19:37:30,user_3465,auditor,pqc,,Unknown,high,backend_sync,medium,read,0,13,11.22,1,1,0
2025-09-23 19:37:40,user_3466,guest,pqc,,Unknown,high,catalog,low,read,0,17,0.84,3,0,0
2025-09-23 19:37:50,user_3467,guest,classical,,India,medium,payroll,high,read,0,13,6.52,0,0,0
2025-09-23 19:38:00,user_3468,employee,classical,,Unknown,high,catalog,medium,update,0,18,3.88,2,0,0
2025-09-23 19:38:10,user_3469,service,classical,,India,medium,customer_kyc,low,write,0,17,3.21,1,1,0
2025-09-23 19:38:20,user_3470,admin,classical,,India,medium,payroll,low,update,0,24,14.08,0,1,0
2025-09-23 19:38:30,user_3471,guest,classical,,India,medium,backend_sync,low,read,0,23,13.26,0,0,0
2025-09-23 19:38:40,user_3472,third_party,classical,40.0,USA,low,logs,medium,update,0,15,11.78,1,0,1
2025-09-23 19:38:50,user_3473,auditor,pqc,,EU,low,payroll,low,read,0,20,10.28,0,0,0
2025-09-23 19:39:00,user_3474,third_party,pqc,65.0,EU,low,backend_sync,high,write,0,20,13.13,1,1,1
2025-09-23 19:39:10,user_3475,admin,pqc,,USA,high,payroll,low,write,0,19,10.15,1,1,0
2025-09-23 19:39:20,user_3476,guest,classical,,USA,medium,catalog,high,read,0,15,5.54,2,0,0
2025-09-23 19:39:30,user_3477,service,classical,,Unknown,high,transaction,low,delete,62150,25,14.69,3,1,0
2025-09-23 19:39:40,user_3478,auditor,classical,,EU,low,payroll,medium,update,0,16,14.82,2,0,0
2025-09-23 19:39:50,user_3479,admin,pqc,,Unknown,high,transaction,low,write,3274,18,9.28,1,1,0
2025-09-23 19:40:00,user_3480,guest,pqc,,India,low,payroll,medium,update,0,21,9.92,2,1,0
2025-09-23 19:40:10,user_3481,guest,pqc,,EU,low,logs,low,read,0,17,5.56,0,0,0
2025-09-23 19:40:20,user_3482,service,classical,,Unknown,medium,backend_sync,high,update,0,23,16.53,1,0,0
2025-09-23 19:40:30,user_3483,third_party,pqc,92.0,India,high,customer_kyc,high,delete,0,31,3.87,1,1,0
2025-09-23 19:40:40,user_3484,third_party,classical,40.0,Unknown,low,customer_kyc,high,delete,0,19,7.98,0,0,1
2025-09-23 19:40:50,user_3485,service,pqc,,India,low,customer_kyc,medium,write,0,16,5.92,0,0,0
2025-09-23 19:41:00,user_3486,service,classical,,USA,high,backend_sync,low,write,0,18,1.58,0,0,0
2025-09-23 19:41:10,user_3487,third_party,classical,65.0,EU,low,customer_kyc,medium,update,0,18,13.11,2,0,0
2025-09-23 19:41:20,user_3488,admin,classical,,USA,medium,logs,high,update,0,27,13.21,1,1,0
2025-09-23 19:41:30,user_3489,employee,classical,,EU,low,logs,high,update,0,17,6.2,2,0,1
2025-09-23 19:41:40,user_3490,service,pqc,,Unknown,medium,logs,low,read,0,24,17.84,1,0,0
2025-09-23 19:41:50,user_3491,service,pqc,,India,medium,catalog,medium,read,0,22,7.6,2,1,0
2025-09-23 19:42:00,user_3492,admin,pqc,,Unknown,medium,customer_kyc,low,read,0,28,14.67,1,0,0
2025-09-23 19:42:10,user_3493,third_party,classical,65.0,USA,medium,backend_sync,high,update,0,19,3.09,1,0,0
2025-09-23 19:42:20,user_3494,service,classical,,EU,medium,transaction,low,read,0,24,8.5,1,1,0
2025-09-23 19:42:30,user_3495,third_party,pqc,92.0,USA,high,backend_sync,low,write,0,23,4.11,0,0,0
2025-09-23 19:42:40,user_3496,employee,pqc,,Unknown,low,catalog,medium,delete,0,24,2.7,0,0,0
2025-09-23 19:42:50,user_3497,employee,pqc,,EU,high,payroll,medium,read,0,20,10.62,3,1,0
2025-09-23 19:43:00,user_3498,admin,classical,,EU,low,backend_sync,high,write,0,22,19.17,1,1,1
2025-09-23 19:43:10,user_3499,employee,pqc,,EU,medium,transaction,medium,delete,0,27,2.6,0,0,0
2025-09-23 19:43:20,user_3500,auditor,pqc,,EU,high,logs,low,write,0,17,12.39,2,0,0
2025-09-23 19:43:30,user_3501,auditor,classical,,Unknown,medium,transaction,low,delete,115341,20,15.16,1,0,1
2025-09-23 19:43:40,user_3502,guest,pqc,,USA,medium,customer_kyc,medium,write,0,18,8.91,3,0,1
2025-09-23 19:43:50,user_3503,third_party,classical,92.0,USA,medium,transaction,medium,update,0,21,6.78,1,1,0
2025-09-23 19:44:00,user_3504,employee,pqc,,USA,medium,backend_sync,high,write,0,17,8.59,1,1,0
2025-09-23 19:44:10,user_3505,guest,pqc,,USA,medium,customer_kyc,medium,read,0,11,9.41,0,1,1
2025-09-23 19:44:20,user_3506,third_party,pqc,92.0,India,medium,catalog,high,write,0,15,15.09,0,0,0
2025-09-23 19:44:30,user_3507,guest,pqc,,USA,high,payroll,low,delete,0,20,7.02,2,0,0
2025-09-23 19:44:40,user_3508,auditor,pqc,,Unknown,low,catalog,low,delete,0,16,3.23,0,1,0
2025-09-23 19:44:50,user_3509,third_party,pqc,65.0,Unknown,high,catalog,low,read,0,19,13.75,0,0,0
2025-09-23 19:45:00,user_3510,third_party,classical,92.0,India,medium,payroll,medium,read,0,17,10.76,1,0,0
2025-09-23 19:45:10,user_3511,employee,pqc,,Unknown,high,logs,medium,delete,0,17,11.94,2,1,0
2025-09-23 19:45:20,user_3512,third_party,pqc,40.0,USA,high,backend_sync,medium,read,0,9,5.16,1,1,1
2025-09-23 19:45:30,user_3513,admin,classical,,Unknown,medium,backend_sync,medium,update,0,17,8.48,4,0,0
2025-09-23 19:45:40,user_3514,employee,pqc,,EU,medium,payroll,low,delete,0,16,13.64,0,1,0
2025-09-23 19:45:50,user_3515,admin,pqc,,USA,high,backend_sync,medium,delete,0,22,5.17,1,1,0
2025-09-23 19:46:00,user_3516,service,classical,,Unknown,medium,logs,high,write,0,20,9.25,1,1,0
2025-09-23 19:46:10,user_3517,employee,pqc,,India,medium,backend_sync,low,write,0,26,6.96,2,1,0
2025-09-23 19:46:20,user_3518,third_party,classical,40.0,USA,high,customer_kyc,medium,read,0,15,15.04,0,0,1
2025-09-23 19:46:30,user_3519,guest,pqc,,Unknown,medium,backend_sync,high,delete,0,24,7.66,2,1,0
2025-09-23 19:46:40,user_3520,guest,classical,,Unknown,high,payroll,low,update,0,26,12.56,1,0,0
2025-09-23 19:46:50,user_3521,service,pqc,,India,low,catalog,high,update,0,12,15.35,2,1,1
2025-09-23 19:47:00,user_3522,employee,classical,,India,high,transaction,high,delete,144988,17,7.46,0,1,1
2025-09-23 19:47:10,user_3523,admin,classical,,India,medium,backend_sync,low,update,0,24,14.17,0,0,0
2025-09-23 19:47:20,user_3524,service,pqc,,Unknown,medium,payroll,medium,delete,0,20,7.76,1,0,0
2025-09-23 19:47:30,user_3525,employee,pqc,,USA,medium,customer_kyc,high,write,0,25,16.09,1,1,0
2025-09-23 19:47:40,user_3526,employee,pqc,,USA,low,logs,high,update,0,21,10.33,2,1,1
2025-09-23 19:47:50,user_3527,guest,pqc,,EU,high,transaction,low,read,0,14,10.31,0,0,1
2025-09-23 19:48:00,user_3528,employee,pqc,,Unknown,low,catalog,high,delete,0,19,16.04,3,0,1
2025-09-23 19:48:10,user_3529,third_party,classical,65.0,India,medium,logs,medium,update,0,17,8.22,1,1,0
2025-09-23 19:48:20,user_3530,third_party,classical,65.0,Unknown,high,catalog,high,delete,0,22,12.32,1,1,0
2025-09-23 19:48:30,user_3531,service,classical,,Unknown,medium,logs,medium,update,0,19,8.2,2,1,0
2025-09-23 19:48:40,user_3532,service,pqc,,EU,medium,payroll,low,update,0,27,12.43,2,0,0
2025-09-23 19:48:50,user_3533,guest,pqc,,EU,medium,backend_sync,medium,update,0,25,6.0,1,0,0
2025-09-23 19:49:00,user_3534,employee,pqc,,Unknown,medium,catalog,low,delete,0,21,3.79,2,1,0
2025-09-23 19:49:10,user_3535,admin,pqc,,EU,high,catalog,medium,delete,0,16,7.14,1,1,0
2025-09-23 19:49:20,user_3536,admin,pqc,,Unknown,medium,customer_kyc,medium,read,0,23,10.17,1,0,0
2025-09-23 19:49:30,user_3537,auditor,pqc,,EU,low,customer_kyc,high,read,0,27,10.78,0,0,1
2025-09-23 19:49:40,user_3538,service,classical,,USA,low,transaction,medium,update,105445,14,18.37,0,0,1
2025-09-23 19:49:50,user_3539,employee,pqc,,USA,medium,customer_kyc,low,update,0,22,17.33,0,1,0
2025-09-23 19:50:00,user_3540,auditor,classical,,USA,high,customer_kyc,low,write,0,24,12.37,1,1,0
2025-09-23 19:50:10,user_3541,third_party,classical,40.0,India,high,logs,medium,read,0,19,10.26,2,0,1
2025-09-23 19:50:20,user_3542,admin,classical,,EU,medium,payroll,low,update,0,14,1.0,0,1,0
2025-09-23 19:50:30,user_3543,admin,classical,,Unknown,medium,transaction,high,read,180004,17,11.25,2,0,1
2025-09-23 19:50:40,user_3544,service,pqc,,USA,medium,catalog,high,update,0,25,4.65,1,1,0
2025-09-23 19:50:50,user_3545,third_party,pqc,40.0,Unknown,high,payroll,low,delete,0,20,4.05,1,1,1
2025-09-23 19:51:00,user_3546,service,classical,,USA,low,catalog,low,delete,0,19,0.32,1,1,0
2025-09-23 19:51:10,user_3547,service,pqc,,EU,low,payroll,high,update,0,26,1.28,2,0,1
2025-09-23 19:51:20,user_3548,auditor,pqc,,USA,low,payroll,medium,read,0,17,3.41,3,0,0
2025-09-23 19:51:30,user_3549,auditor,classical,,EU,low,customer_kyc,high,write,0,18,13.0,0,0,1
2025-09-23 19:51:40,user_3550,third_party,pqc,40.0,USA,high,logs,medium,delete,0,26,5.03,1,0,1
2025-09-23 19:51:50,user_3551,guest,pqc,,EU,high,transaction,medium,read,0,22,9.17,0,0,1
2025-09-23 19:52:00,user_3552,admin,pqc,,Unknown,high,logs,medium,update,0,29,1.5,3,1,0
2025-09-23 19:52:10,user_3553,employee,classical,,India,medium,catalog,low,update,0,16,0.96,1,0,0
2025-09-23 19:52:20,user_3554,auditor,pqc,,USA,medium,customer_kyc,high,write,0,22,8.39,1,1,0
2025-09-23 19:52:30,user_3555,guest,pqc,,USA,high,transaction,low,write,0,21,13.53,2,1,1
2025-09-23 19:52:40,user_3556,service,classical,,USA,high,payroll,low,delete,0,9,5.84,2,1,0
2025-09-23 19:52:50,user_3557,auditor,pqc,,Unknown,medium,transaction,high,read,54360,17,2.12,0,0,0
2025-09-23 19:53:00,user_3558,guest,classical,,India,high,logs,low,update,0,10,5.4,1,0,0
2025-09-23 19:53:10,user_3559,auditor,pqc,,USA,low,transaction,medium,write,164053,22,5.1,0,0,1
2025-09-23 19:53:20,user_3560,service,classical,,Unknown,low,payroll,medium,update,0,20,16.67,2,0,0
2025-09-23 19:53:30,user_3561,guest,pqc,,India,high,payroll,medium,update,0,21,15.71,1,1,0
2025-09-23 19:53:40,user_3562,guest,classical,,Unknown,medium,logs,low,write,0,14,8.29,2,0,0
2025-09-23 19:53:50,user_3563,guest,classical,,India,low,customer_kyc,medium,read,0,18,7.3,0,0,1
2025-09-23 19:54:00,user_3564,service,classical,,EU,low,transaction,medium,delete,50565,10,11.81,1,0,0
2025-09-23 19:54:10,user_3565,service,classical,,USA,high,transaction,low,update,151531,18,16.47,0,0,1
2025-09-23 19:54:20,user_3566,admin,classical,,EU,high,payroll,medium,write,0,26,7.55,0,1,0
2025-09-23 19:54:30,user_3567,employee,pqc,,India,high,logs,low,delete,0,12,14.54,3,0,0
2025-09-23 19:54:40,user_3568,employee,classical,,India,medium,backend_sync,medium,update,0,17,6.29,1,0,0
2025-09-23 19:54:50,user_3569,admin,classical,,USA,high,transaction,high,read,81559,23,9.9,0,0,0
2025-09-23 19:55:00,user_3570,third_party,pqc,40.0,India,low,backend_sync,high,read,0,16,12.55,3,1,1
2025-09-23 19:55:10,user_3571,auditor,pqc,,USA,medium,catalog,medium,delete,0,17,4.8,0,0,0
2025-09-23 19:55:20,user_3572,service,pqc,,USA,medium,transaction,low,write,0,20,1.52,0,0,0
2025-09-23 19:55:30,user_3573,third_party,pqc,40.0,USA,high,transaction,medium,update,0,19,18.68,0,0,1
2025-09-23 19:55:40,user_3574,third_party,classical,92.0,Unknown,low,catalog,low,read,0,18,13.67,0,0,0
2025-09-23 19:55:50,user_3575,service,classical,,EU,low,logs,high,read,0,32,16.5,2,1,1
2025-09-23 19:56:00,user_3576,guest,classical,,Unknown,low,customer_kyc,high,read,0,28,6.95,1,1,1
2025-09-23 19:56:10,user_3577,auditor,pqc,,EU,low,catalog,low,delete,0,24,9.88,1,0,0
2025-09-23 19:56:20,user_3578,admin,classical,,USA,medium,payroll,low,read,0,14,10.27,2,0,0
2025-09-23 19:56:30,user_3579,admin,pqc,,EU,high,backend_sync,low,update,0,22,6.99,0,1,0
2025-09-23 19:56:40,user_3580,employee,classical,,Unknown,high,backend_sync,high,write,0,17,13.08,2,0,0
2025-09-23 19:56:50,user_3581,admin,classical,,Unknown,medium,payroll,medium,delete,0,20,10.67,1,0,0
2025-09-23 19:57:00,user_3582,auditor,classical,,Unknown,high,customer_kyc,low,update,0,18,15.0,0,0,0
2025-09-23 19:57:10,user_3583,auditor,pqc,,EU,low,transaction,medium,read,0,18,9.38,1,1,0
2025-09-23 19:57:20,user_3584,admin,pqc,,India,medium,payroll,high,write,0,26,7.1,0,0,0
2025-09-23 19:57:30,user_3585,auditor,classical,,Unknown,medium,logs,medium,update,0,19,11.27,3,1,0
2025-09-23 19:57:40,user_3586,third_party,pqc,92.0,India,low,payroll,high,update,0,18,12.31,0,1,1
2025-09-23 19:57:50,user_3587,third_party,pqc,65.0,USA,high,transaction,high,delete,165365,20,15.23,1,1,1
2025-09-23 19:58:00,user_3588,employee,classical,,Unknown,low,payroll,low,delete,0,14,9.75,1,1,0
2025-09-23 19:58:10,user_3589,auditor,pqc,,EU,high,customer_kyc,medium,read,0,26,11.88,1,1,0
2025-09-23 19:58:20,user_3590,service,classical,,EU,low,transaction,high,read,0,29,14.37,1,1,1
2025-09-23 19:58:30,user_3591,admin,pqc,,Unknown,low,logs,low,delete,0,18,12.34,0,0,0
2025-09-23 19:58:40,user_3592,guest,classical,,EU,low,transaction,high,update,32785,18,12.24,0,1,1
2025-09-23 19:58:50,user_3593,service,classical,,EU,low,payroll,medium,update,0,17,7.97,2,0,0
2025-09-23 19:59:00,user_3594,guest,classical,,USA,medium,payroll,low,read,0,18,14.25,0,1,0
2025-09-23 19:59:10,user_3595,employee,pqc,,Unknown,high,payroll,high,update,0,20,13.01,0,0,0
2025-09-23 19:59:20,user_3596,service,pqc,,Unknown,high,backend_sync,high,update,0,23,6.57,3,0,0
2025-09-23 19:59:30,user_3597,employee,pqc,,Unknown,high,payroll,medium,delete,0,22,4.87,0,1,0
2025-09-23 19:59:40,user_3598,auditor,pqc,,EU,low,customer_kyc,medium,write,0,19,13.85,0,0,0
2025-09-23 19:59:50,user_3599,guest,classical,,India,high,payroll,high,write,0,18,7.65,1,0,0
2025-09-23 20:00:00,user_3600,auditor,classical,,India,medium,payroll,low,update,0,17,23.64,0,1,0
2025-09-23 20:00:10,user_3601,guest,pqc,,Unknown,medium,catalog,low,delete,0,20,3.18,0,0,0
2025-09-23 20:00:20,user_3602,guest,pqc,,USA,medium,payroll,high,delete,0,25,12.0,3,1,0
2025-09-23 20:00:30,user_3603,service,pqc,,USA,low,catalog,medium,write,0,17,9.25,3,0,0
2025-09-23 20:00:40,user_3604,employee,pqc,,EU,high,catalog,medium,update,0,19,8.6,2,1,0
2025-09-23 20:00:50,user_3605,guest,classical,,Unknown,medium,payroll,low,delete,0,16,17.49,1,1,0
2025-09-23 20:01:00,user_3606,admin,classical,,USA,low,catalog,low,write,0,23,16.4,2,1,0
2025-09-23 20:01:10,user_3607,third_party,pqc,65.0,India,low,backend_sync,high,delete,0,31,8.0,0,1,1
2025-09-23 20:01:20,user_3608,auditor,classical,,USA,low,catalog,medium,update,0,20,0.15,1,0,0
2025-09-23 20:01:30,user_3609,auditor,pqc,,USA,high,payroll,medium,delete,0,16,6.97,3,1,0
2025-09-23 20:01:40,user_3610,employee,classical,,India,low,customer_kyc,medium,write,0,15,14.8,1,0,0
2025-09-23 20:01:50,user_3611,admin,pqc,,EU,high,transaction,low,update,151891,23,9.65,0,0,1
2025-09-23 20:02:00,user_3612,employee,pqc,,EU,high,payroll,medium,write,0,21,11.45,1,1,0
2025-09-23 20:02:10,user_3613,service,classical,,Unknown,medium,catalog,low,read,0,20,15.71,0,1,0
2025-09-23 20:02:20,user_3614,third_party,classical,92.0,India,low,payroll,high,update,0,25,11.23,0,0,1
2025-09-23 20:02:30,user_3615,employee,pqc,,India,high,logs,high,delete,0,18,5.82,3,0,0
2025-09-23 20:02:40,user_3616,auditor,pqc,,Unknown,low,catalog,high,update,0,15,6.1,2,1,1
2025-09-23 20:02:50,user_3617,auditor,pqc,,Unknown,high,logs,high,write,0,26,12.01,2,1,0
2025-09-23 20:03:00,user_3618,admin,pqc,,Unknown,medium,backend_sync,medium,write,0,23,9.09,2,1,0
2025-09-23 20:03:10,user_3619,employee,classical,,USA,low,customer_kyc,medium,update,0,26,12.99,0,0,0
2025-09-23 20:03:20,user_3620,admin,classical,,USA,medium,catalog,low,write,0,20,11.28,2,1,0
2025-09-23 20:03:30,user_3621,service,classical,,EU,high,logs,medium,write,0,21,13.55,0,0,0
2025-09-23 20:03:40,user_3622,admin,pqc,,Unknown,medium,logs,low,write,0,14,0.46,1,0,0
2025-09-23 20:03:50,user_3623,employee,pqc,,EU,medium,logs,high,update,0,28,8.99,2,1,0
2025-09-23 20:04:00,user_3624,third_party,pqc,40.0,USA,low,catalog,high,delete,0,17,11.29,1,0,1
2025-09-23 20:04:10,user_3625,third_party,pqc,40.0,India,low,payroll,low,read,0,19,10.1,0,0,1
2025-09-23 20:04:20,user_3626,third_party,pqc,65.0,USA,medium,transaction,high,update,26159,24,7.18,1,0,0
2025-09-23 20:04:30,user_3627,auditor,classical,,India,medium,logs,low,write,0,17,13.15,0,0,0
2025-09-23 20:04:40,user_3628,guest,pqc,,Unknown,medium,catalog,medium,delete,0,18,15.13,1,1,0
2025-09-23 20:04:50,user_3629,third_party,pqc,65.0,India,medium,transaction,medium,update,191128,19,9.55,1,0,1
2025-09-23 20:05:00,user_3630,service,pqc,,EU,medium,payroll,medium,delete,0,13,20.65,1,0,0
2025-09-23 20:05:10,user_3631,auditor,pqc,,EU,high,backend_sync,high,update,0,21,10.73,0,0,0
2025-09-23 20:05:20,user_3632,third_party,pqc,65.0,EU,medium,transaction,medium,write,156645,28,15.08,2,1,1
2025-09-23 20:05:30,user_3633,admin,classical,,India,high,transaction,medium,update,122200,19,2.66,1,0,1
2025-09-23 20:05:40,user_3634,auditor,pqc,,EU,low,transaction,low,update,182989,28,13.56,0,0,1
2025-09-23 20:05:50,user_3635,employee,pqc,,USA,medium,payroll,medium,delete,0,16,7.1,1,1,0
2025-09-23 20:06:00,user_3636,admin,classical,,USA,medium,backend_sync,low,delete,0,21,13.13,1,1,0
2025-09-23 20:06:10,user_3637,admin,pqc,,USA,low,logs,medium,write,0,23,15.82,1,1,0
2025-09-23 20:06:20,user_3638,employee,classical,,EU,low,logs,medium,update,0,23,2.61,2,0,0
2025-09-23 20:06:30,user_3639,service,pqc,,Unknown,low,payroll,medium,delete,0,26,11.55,0,1,0
2025-09-23 20:06:40,user_3640,guest,classical,,Unknown,medium,transaction,high,update,0,10,15.92,2,0,1
2025-09-23 20:06:50,user_3641,third_party,classical,65.0,EU,high,backend_sync,low,update,0,13,19.09,0,0,0
2025-09-23 20:07:00,user_3642,auditor,classical,,Unknown,high,logs,medium,delete,0,12,12.89,3,0,0
2025-09-23 20:07:10,user_3643,auditor,pqc,,Unknown,low,backend_sync,high,update,0,16,13.6,4,0,1
2025-09-23 20:07:20,user_3644,guest,pqc,,USA,low,logs,high,write,0,29,14.47,0,1,1
2025-09-23 20:07:30,user_3645,auditor,pqc,,Unknown,high,transaction,medium,read,51059,29,7.9,1,0,0
2025-09-23 20:07:40,user_3646,admin,classical,,Unknown,medium,payroll,low,read,0,23,10.4,2,0,0
2025-09-23 20:07:50,user_3647,admin,pqc,,India,medium,catalog,low,update,0,27,21.7,1,0,0
2025-09-23 20:08:00,user_3648,third_party,pqc,65.0,EU,low,logs,medium,read,0,27,11.54,1,0,0
2025-09-23 20:08:10,user_3649,admin,pqc,,EU,low,payroll,low,delete,0,21,9.12,1,1,0
2025-09-23 20:08:20,user_3650,third_party,classical,65.0,USA,high,catalog,medium,write,0,15,7.66,1,1,0
2025-09-23 20:08:30,user_3651,service,pqc,,India,medium,transaction,medium,write,0,20,0.5,0,1,0
2025-09-23 20:08:40,user_3652,admin,classical,,EU,medium,transaction,high,read,20506,15,4.01,1,0,0
2025-09-23 20:08:50,user_3653,admin,pqc,,USA,high,catalog,low,update,0,15,18.36,2,0,0
2025-09-23 20:09:00,user_3654,third_party,pqc,65.0,EU,medium,catalog,low,delete,0,29,11.04,0,0,0
2025-09-23 20:09:10,user_3655,service,pqc,,India,high,backend_sync,low,read,0,19,19.14,0,0,0
2025-09-23 20:09:20,user_3656,third_party,classical,65.0,USA,low,catalog,medium,write,0,23,7.84,0,0,0
2025-09-23 20:09:30,user_3657,guest,classical,,USA,high,backend_sync,medium,write,0,17,12.63,1,1,0
2025-09-23 20:09:40,user_3658,guest,pqc,,India,high,payroll,low,delete,0,24,13.2,4,1,0
2025-09-23 20:09:50,user_3659,guest,classical,,India,high,backend_sync,high,write,0,16,18.44,1,0,0
2025-09-23 20:10:00,user_3660,admin,pqc,,EU,medium,customer_kyc,medium,read,0,21,6.81,1,0,0
2025-09-23 20:10:10,user_3661,guest,pqc,,EU,medium,payroll,medium,delete,0,18,0.71,2,1,0
2025-09-23 20:10:20,user_3662,third_party,pqc,92.0,USA,medium,logs,low,write,0,17,8.05,0,1,0
2025-09-23 20:10:30,user_3663,service,pqc,,USA,medium,transaction,high,read,181232,12,7.1,0,0,1
2025-09-23 20:10:40,user_3664,employee,pqc,,Unknown,high,payroll,high,update,0,16,9.51,2,0,0
2025-09-23 20:10:50,user_3665,admin,classical,,India,low,payroll,high,delete,0,28,6.57,0,1,1
2025-09-23 20:11:00,user_3666,guest,pqc,,India,low,logs,medium,read,0,19,4.79,0,1,0
2025-09-23 20:11:10,user_3667,third_party,classical,92.0,EU,high,transaction,medium,write,64683,20,12.92,0,1,0
2025-09-23 20:11:20,user_3668,admin,classical,,India,high,catalog,high,write,0,24,21.16,1,1,0
2025-09-23 20:11:30,user_3669,admin,classical,,India,low,catalog,medium,update,0,19,8.24,0,1,0
2025-09-23 20:11:40,user_3670,third_party,classical,65.0,India,medium,backend_sync,low,delete,0,14,3.78,2,0,0
2025-09-23 20:11:50,user_3671,guest,classical,,Unknown,medium,customer_kyc,low,update,0,22,10.4,0,0,1
2025-09-23 20:12:00,user_3672,third_party,pqc,92.0,Unknown,low,transaction,low,delete,25591,15,6.83,1,0,0
2025-09-23 20:12:10,user_3673,admin,pqc,,Unknown,low,transaction,low,update,27995,16,14.39,3,0,0
2025-09-23 20:12:20,user_3674,admin,classical,,EU,medium,logs,low,update,0,24,9.83,2,1,0
2025-09-23 20:12:30,user_3675,auditor,pqc,,Unknown,medium,transaction,low,read,0,15,8.58,1,1,0
2025-09-23 20:12:40,user_3676,service,classical,,India,medium,logs,low,read,0,14,18.07,1,1,0
2025-09-23 20:12:50,user_3677,service,classical,,EU,medium,customer_kyc,medium,read,0,23,14.47,0,1,0
2025-09-23 20:13:00,user_3678,service,classical,,India,low,transaction,low,update,0,20,10.81,0,0,0
2025-09-23 20:13:10,user_3679,third_party,classical,92.0,Unknown,medium,transaction,medium,update,31897,22,8.59,1,0,0
2025-09-23 20:13:20,user_3680,admin,classical,,Unknown,low,customer_kyc,medium,write,0,26,10.53,0,1,0
2025-09-23 20:13:30,user_3681,admin,classical,,EU,high,catalog,low,read,0,23,13.17,1,1,0
2025-09-23 20:13:40,user_3682,auditor,pqc,,India,high,payroll,high,write,0,17,4.93,0,1,0
2025-09-23 20:13:50,user_3683,guest,classical,,USA,high,backend_sync,low,read,0,20,4.5,0,0,0
2025-09-23 20:14:00,user_3684,third_party,pqc,65.0,Unknown,high,logs,high,delete,0,28,7.88,2,1,0
2025-09-23 20:14:10,user_3685,auditor,pqc,,EU,low,backend_sync,medium,read,0,23,1.01,0,0,0
2025-09-23 20:14:20,user_3686,employee,classical,,USA,high,transaction,high,write,0,21,3.12,0,1,0
2025-09-23 20:14:30,user_3687,auditor,pqc,,India,high,logs,low,delete,0,23,12.03,0,0,0
2025-09-23 20:14:40,user_3688,third_party,pqc,92.0,India,medium,backend_sync,high,write,0,21,12.17,0,1,0
2025-09-23 20:14:50,user_3689,third_party,pqc,65.0,India,low,logs,high,write,0,17,16.09,2,1,1
2025-09-23 20:15:00,user_3690,admin,pqc,,India,medium,logs,low,write,0,30,5.85,0,1,0
2025-09-23 20:15:10,user_3691,employee,classical,,Unknown,medium,payroll,medium,read,0,23,19.83,1,1,0
2025-09-23 20:15:20,user_3692,third_party,pqc,65.0,Unknown,low,catalog,high,read,0,23,5.82,1,1,1
2025-09-23 20:15:30,user_3693,employee,pqc,,USA,low,backend_sync,low,delete,0,29,1.95,0,0,0
2025-09-23 20:15:40,user_3694,admin,pqc,,EU,high,customer_kyc,high,write,0,15,1.89,0,1,0
2025-09-23 20:15:50,user_3695,guest,pqc,,Unknown,medium,catalog,medium,update,0,18,11.22,2,0,0
2025-09-23 20:16:00,user_3696,admin,pqc,,USA,low,transaction,low,update,184739,18,8.66,1,0,1
2025-09-23 20:16:10,user_3697,admin,classical,,USA,medium,transaction,medium,update,43519,20,14.76,0,0,0
2025-09-23 20:16:20,user_3698,third_party,pqc,92.0,USA,medium,catalog,high,read,0,22,9.35,1,0,0
2025-09-23 20:16:30,user_3699,third_party,pqc,40.0,Unknown,medium,catalog,medium,update,0,16,10.21,0,1,1
2025-09-23 20:16:40,user_3700,third_party,pqc,92.0,Unknown,high,payroll,low,delete,0,23,7.62,2,0,0
2025-09-23 20:16:50,user_3701,third_party,classical,92.0,USA,low,logs,medium,read,0,13,14.03,1,0,0
2025-09-23 20:17:00,user_3702,guest,pqc,,Unknown,low,logs,low,delete,0,18,6.91,0,0,0
2025-09-23 20:17:10,user_3703,third_party,pqc,92.0,EU,low,backend_sync,medium,read,0,19,14.23,1,0,0
2025-09-23 20:17:20,user_3704,third_party,pqc,65.0,India,low,catalog,medium,delete,0,24,8.57,0,1,0
2025-09-23 20:17:30,user_3705,third_party,classical,65.0,EU,low,payroll,medium,write,0,21,11.13,3,0,0
2025-09-23 20:17:40,user_3706,third_party,pqc,92.0,EU,low,catalog,high,read,0,16,6.36,0,1,1
2025-09-23 20:17:50,user_3707,employee,pqc,,India,high,payroll,low,delete,0,17,16.09,2,0,0
2025-09-23 20:18:00,user_3708,employee,classical,,Unknown,low,backend_sync,high,update,0,20,2.96,0,0,1
2025-09-23 20:18:10,user_3709,employee,classical,,EU,low,customer_kyc,high,write,0,22,7.5,2,0,1
2025-09-23 20:18:20,user_3710,guest,classical,,USA,medium,catalog,high,delete,0,15,20.82,0,0,0
2025-09-23 20:18:30,user_3711,third_party,pqc,40.0,EU,low,transaction,medium,update,0,22,16.59,3,1,1
2025-09-23 20:18:40,user_3712,third_party,pqc,92.0,USA,high,payroll,medium,read,0,16,12.28,1,1,0
2025-09-23 20:18:50,user_3713,employee,pqc,,India,high,catalog,medium,update,0,26,6.62,0,1,0
2025-09-23 20:19:00,user_3714,auditor,pqc,,USA,high,transaction,high,read,0,18,0.05,2,1,0
2025-09-23 20:19:10,user_3715,auditor,pqc,,EU,low,transaction,medium,write,117409,17,7.25,1,1,1
2025-09-23 20:19:20,user_3716,employee,pqc,,USA,high,catalog,low,delete,0,12,3.99,3,1,0
2025-09-23 20:19:30,user_3717,guest,pqc,,India,low,customer_kyc,high,write,0,24,12.9,1,0,1
2025-09-23 20:19:40,user_3718,employee,classical,,EU,high,catalog,high,read,0,18,10.04,0,1,0
2025-09-23 20:19:50,user_3719,guest,pqc,,Unknown,high,payroll,low,write,0,23,9.11,3,1,0
2025-09-23 20:20:00,user_3720,guest,pqc,,EU,low,catalog,high,read,0,22,12.35,2,1,1
2025-09-23 20:20:10,user_3721,employee,pqc,,USA,medium,customer_kyc,low,read,0,20,13.67,4,1,0
2025-09-23 20:20:20,user_3722,service,pqc,,USA,medium,transaction,medium,read,0,27,14.56,0,0,0
2025-09-23 20:20:30,user_3723,guest,classical,,Unknown,high,transaction,medium,read,0,18,14.49,1,0,1
2025-09-23 20:20:40,user_3724,guest,pqc,,USA,medium,backend_sync,high,write,0,21,9.64,1,0,0
2025-09-23 20:20:50,user_3725,employee,classical,,India,high,backend_sync,medium,update,0,24,2.84,0,1,0
2025-09-23 20:21:00,user_3726,auditor,pqc,,India,medium,logs,low,delete,0,21,1.15,0,0,0
2025-09-23 20:21:10,user_3727,service,classical,,India,medium,catalog,medium,write,0,17,8.68,1,1,0
2025-09-23 20:21:20,user_3728,auditor,classical,,India,medium,customer_kyc,medium,delete,0,15,10.95,1,1,0
2025-09-23 20:21:30,user_3729,auditor,classical,,India,high,backend_sync,medium,read,0,17,7.98,0,1,0
2025-09-23 20:21:40,user_3730,guest,pqc,,USA,low,payroll,high,write,0,26,11.77,0,0,1
2025-09-23 20:21:50,user_3731,guest,pqc,,Unknown,high,customer_kyc,low,write,0,25,12.95,0,1,1
2025-09-23 20:22:00,user_3732,guest,classical,,Unknown,high,transaction,medium,update,0,14,16.06,2,0,1
2025-09-23 20:22:10,user_3733,employee,pqc,,Unknown,high,logs,low,update,0,21,13.99,1,0,0
2025-09-23 20:22:20,user_3734,guest,pqc,,India,high,logs,high,read,0,18,8.04,0,1,0
2025-09-23 20:22:30,user_3735,third_party,pqc,92.0,EU,high,payroll,high,update,0,21,9.7,0,0,0
2025-09-23 20:22:40,user_3736,admin,classical,,EU,low,backend_sync,low,update,0,16,8.09,0,0,0
2025-09-23 20:22:50,user_3737,employee,classical,,EU,low,catalog,high,update,0,13,1.47,3,0,1
2025-09-23 20:23:00,user_3738,third_party,pqc,65.0,EU,low,transaction,medium,update,0,23,15.57,3,1,0
2025-09-23 20:23:10,user_3739,employee,pqc,,India,medium,payroll,high,read,0,17,13.39,0,1,0
2025-09-23 20:23:20,user_3740,auditor,pqc,,USA,low,transaction,medium,write,79388,27,10.76,0,0,0
2025-09-23 20:23:30,user_3741,guest,pqc,,EU,medium,customer_kyc,medium,read,0,25,9.14,3,0,1
2025-09-23 20:23:40,user_3742,service,classical,,EU,medium,backend_sync,low,delete,0,15,7.8,0,1,0
2025-09-23 20:23:50,user_3743,employee,pqc,,Unknown,medium,customer_kyc,medium,update,0,14,22.42,1,0,0
2025-09-23 20:24:00,user_3744,service,pqc,,EU,low,logs,medium,delete,0,13,10.9,1,1,0
2025-09-23 20:24:10,user_3745,employee,pqc,,USA,medium,transaction,medium,delete,198311,24,6.3,0,0,1
2025-09-23 20:24:20,user_3746,guest,classical,,EU,low,payroll,high,write,0,21,16.65,1,1,1
2025-09-23 20:24:30,user_3747,guest,classical,,USA,high,logs,medium,delete,0,26,9.26,4,0,0
2025-09-23 20:24:40,user_3748,service,classical,,India,low,logs,high,read,0,22,14.59,0,1,1
2025-09-23 20:24:50,user_3749,service,pqc,,Unknown,high,catalog,medium,write,0,19,0.37,0,1,0
2025-09-23 20:25:00,user_3750,employee,pqc,,Unknown,low,backend_sync,high,write,0,17,16.97,0,1,1
2025-09-23 20:25:10,user_3751,auditor,classical,,India,high,catalog,low,write,0,19,6.66,0,0,0
2025-09-23 20:25:20,user_3752,guest,classical,,USA,low,transaction,high,update,39878,22,9.34,1,0,1
2025-09-23 20:25:30,user_3753,admin,classical,,Unknown,high,customer_kyc,medium,update,0,21,2.6,1,0,0
2025-09-23 20:25:40,user_3754,auditor,pqc,,USA,medium,payroll,high,read,0,22,4.64,0,0,0
2025-09-23 20:25:50,user_3755,guest,pqc,,EU,low,customer_kyc,high,update,0,22,10.91,1,1,1
2025-09-23 20:26:00,user_3756,third_party,pqc,40.0,EU,high,payroll,low,write,0,21,15.27,6,1,1
2025-09-23 20:26:10,user_3757,guest,pqc,,Unknown,low,catalog,medium,read,0,12,20.65,2,1,0
2025-09-23 20:26:20,user_3758,employee,classical,,EU,high,catalog,high,update,0,17,12.57,0,1,0
2025-09-23 20:26:30,user_3759,service,classical,,Unknown,medium,transaction,high,write,0,17,11.24,0,0,0
2025-09-23 20:26:40,user_3760,service,classical,,Unknown,medium,catalog,medium,read,0,13,11.18,1,1,0
2025-09-23 20:26:50,user_3761,auditor,classical,,Unknown,low,catalog,high,update,0,20,15.76,3,1,1
2025-09-23 20:27:00,user_3762,auditor,classical,,USA,high,backend_sync,high,read,0,17,8.39,2,1,0
2025-09-23 20:27:10,user_3763,guest,pqc,,EU,low,backend_sync,low,read,0,20,12.36,2,1,0
2025-09-23 20:27:20,user_3764,third_party,pqc,65.0,USA,low,customer_kyc,low,write,0,12,4.02,1,0,0
2025-09-23 20:27:30,user_3765,service,pqc,,India,medium,logs,high,write,0,20,13.12,2,1,0
2025-09-23 20:27:40,user_3766,employee,pqc,,EU,medium,catalog,high,write,0,18,4.65,0,0,0
2025-09-23 20:27:50,user_3767,employee,classical,,India,medium,customer_kyc,medium,update,0,20,13.29,2,0,0
2025-09-23 20:28:00,user_3768,service,classical,,India,high,customer_kyc,medium,update,0,26,17.61,0,0,0
2025-09-23 20:28:10,user_3769,employee,classical,,USA,medium,logs,high,update,0,22,9.07,0,0,0
2025-09-23 20:28:20,user_3770,service,pqc,,EU,high,customer_kyc,high,update,0,18,10.51,0,0,0
2025-09-23 20:28:30,user_3771,auditor,classical,,Unknown,high,customer_kyc,high,write,0,28,11.55,0,1,0
2025-09-23 20:28:40,user_3772,admin,classical,,Unknown,low,transaction,medium,update,86004,18,10.09,1,0,0
2025-09-23 20:28:50,user_3773,guest,pqc,,India,medium,customer_kyc,high,update,0,26,12.43,2,1,1
2025-09-23 20:29:00,user_3774,third_party,pqc,65.0,India,high,payroll,low,write,0,24,8.52,2,1,0
2025-09-23 20:29:10,user_3775,admin,classical,,USA,high,payroll,high,delete,0,18,13.07,0,0,0
2025-09-23 20:29:20,user_3776,guest,classical,,EU,low,logs,high,update,0,24,9.71,1,0,1
2025-09-23 20:29:30,user_3777,service,pqc,,USA,high,payroll,low,delete,0,21,0.79,0,0,0
2025-09-23 20:29:40,user_3778,auditor,pqc,,USA,medium,catalog,high,delete,0,24,21.12,2,1,0
2025-09-23 20:29:50,user_3779,employee,classical,,EU,medium,catalog,high,read,0,21,10.45,0,1,0
2025-09-23 20:30:00,user_3780,admin,pqc,,EU,high,backend_sync,low,update,0,22,6.07,1,1,0
2025-09-23 20:30:10,user_3781,employee,pqc,,EU,high,transaction,medium,delete,20177,19,2.18,0,0,0
2025-09-23 20:30:20,user_3782,auditor,classical,,India,medium,payroll,low,delete,0,23,12.27,0,1,0
2025-09-23 20:30:30,user_3783,service,pqc,,Unknown,medium,transaction,medium,write,0,18,12.76,0,1,0
2025-09-23 20:30:40,user_3784,admin,classical,,India,high,transaction,high,update,198737,19,7.8,0,0,1
2025-09-23 20:30:50,user_3785,admin,classical,,EU,medium,payroll,low,read,0,20,18.95,0,0,0
2025-09-23 20:31:00,user_3786,admin,pqc,,Unknown,low,transaction,medium,write,0,18,12.12,1,1,0
2025-09-23 20:31:10,user_3787,guest,pqc,,USA,high,payroll,low,update,0,23,18.38,1,1,0
2025-09-23 20:31:20,user_3788,guest,classical,,USA,low,transaction,low,delete,88574,17,10.44,0,0,1
2025-09-23 20:31:30,user_3789,third_party,pqc,92.0,EU,low,transaction,high,delete,188311,28,14.55,1,0,1
2025-09-23 20:31:40,user_3790,admin,classical,,USA,medium,customer_kyc,low,write,0,19,5.79,0,1,0
2025-09-23 20:31:50,user_3791,employee,pqc,,Unknown,medium,transaction,medium,write,0,18,7.78,1,0,0
2025-09-23 20:32:00,user_3792,admin,pqc,,Unknown,low,payroll,low,update,0,13,7.27,0,0,0
2025-09-23 20:32:10,user_3793,service,pqc,,USA,medium,payroll,low,write,0,17,9.08,2,1,0
2025-09-23 20:32:20,user_3794,third_party,classical,65.0,USA,medium,catalog,medium,read,0,17,5.98,1,1,0
2025-09-23 20:32:30,user_3795,guest,pqc,,Unknown,medium,transaction,low,update,0,19,18.27,1,0,1
2025-09-23 20:32:40,user_3796,third_party,pqc,65.0,USA,medium,transaction,medium,update,55323,19,10.23,0,0,0
2025-09-23 20:32:50,user_3797,admin,classical,,Unknown,high,payroll,high,read,0,17,6.5,1,0,0
2025-09-23 20:33:00,user_3798,employee,pqc,,USA,medium,logs,high,write,0,23,11.56,1,1,0
2025-09-23 20:33:10,user_3799,service,pqc,,Unknown,high,transaction,low,write,27062,28,6.02,2,1,0
2025-09-23 20:33:20,user_3800,service,pqc,,India,low,customer_kyc,medium,read,0,20,18.18,1,1,0
2025-09-23 20:33:30,user_3801,auditor,pqc,,EU,high,transaction,high,update,0,20,14.11,3,0,0
2025-09-23 20:33:40,user_3802,auditor,pqc,,USA,medium,transaction,low,read,90679,20,11.02,0,0,0
2025-09-23 20:33:50,user_3803,guest,classical,,EU,low,catalog,medium,delete,0,19,13.39,2,0,0
2025-09-23 20:34:00,user_3804,guest,pqc,,EU,medium,catalog,high,delete,0,30,16.2,0,0,0
2025-09-23 20:34:10,user_3805,admin,classical,,USA,high,payroll,high,read,0,9,14.23,0,0,0
2025-09-23 20:34:20,user_3806,admin,classical,,USA,high,logs,high,update,0,21,9.16,2,0,0
2025-09-23 20:34:30,user_3807,admin,pqc,,USA,high,catalog,low,delete,0,16,15.57,2,1,0
2025-09-23 20:34:40,user_3808,auditor,pqc,,Unknown,high,payroll,low,delete,0,25,7.26,3,0,0
2025-09-23 20:34:50,user_3809,auditor,classical,,Unknown,high,customer_kyc,medium,write,0,15,18.95,1,1,0
2025-09-23 20:35:00,user_3810,auditor,pqc,,India,high,customer_kyc,high,write,0,23,0.96,2,0,0
2025-09-23 20:35:10,user_3811,employee,classical,,USA,high,logs,medium,delete,0,23,9.3,0,1,0
2025-09-23 20:35:20,user_3812,admin,classical,,USA,high,backend_sync,medium,read,0,20,13.26,0,1,0
2025-09-23 20:35:30,user_3813,admin,classical,,India,medium,transaction,medium,delete,0,18,12.31,0,0,0
2025-09-23 20:35:40,user_3814,employee,classical,,EU,medium,payroll,low,update,0,28,17.65,2,1,0
2025-09-23 20:35:50,user_3815,third_party,classical,92.0,Unknown,high,catalog,high,update,0,27,15.59,0,1,0
2025-09-23 20:36:00,user_3816,third_party,pqc,92.0,USA,medium,logs,high,read,0,27,9.36,0,0,0
2025-09-23 20:36:10,user_3817,auditor,classical,,USA,low,payroll,medium,write,0,22,6.19,2,0,0
2025-09-23 20:36:20,user_3818,employee,pqc,,EU,medium,transaction,medium,update,0,28,12.95,4,0,0
2025-09-23 20:36:30,user_3819,admin,classical,,EU,medium,backend_sync,medium,read,0,14,2.96,1,1,0
2025-09-23 20:36:40,user_3820,admin,classical,,Unknown,high,catalog,high,read,0,21,3.9,2,1,0
2025-09-23 20:36:50,user_3821,third_party,classical,40.0,India,high,payroll,low,write,0,19,0.02,0,1,1
2025-09-23 20:37:00,user_3822,third_party,classical,65.0,USA,low,catalog,medium,write,0,19,14.16,1,0,0
2025-09-23 20:37:10,user_3823,admin,classical,,USA,high,logs,high,write,0,24,13.61,1,0,0
2025-09-23 20:37:20,user_3824,guest,classical,,India,low,backend_sync,high,update,0,27,13.06,0,0,1
2025-09-23 20:37:30,user_3825,auditor,classical,,EU,high,logs,low,read,0,18,18.58,1,1,0
2025-09-23 20:37:40,user_3826,guest,classical,,USA,medium,catalog,high,update,0,31,7.44,2,1,0
2025-09-23 20:37:50,user_3827,admin,pqc,,India,medium,catalog,high,update,0,13,17.73,3,1,0
2025-09-23 20:38:00,user_3828,guest,classical,,India,high,customer_kyc,high,update,0,21,10.94,0,1,1
2025-09-23 20:38:10,user_3829,third_party,pqc,65.0,USA,medium,customer_kyc,high,delete,0,18,19.18,2,1,0
2025-09-23 20:38:20,user_3830,guest,pqc,,India,medium,backend_sync,medium,read,0,19,9.06,0,0,0
2025-09-23 20:38:30,user_3831,employee,pqc,,USA,medium,payroll,low,delete,0,26,9.0,1,0,0
2025-09-23 20:38:40,user_3832,guest,classical,,EU,low,transaction,low,write,104070,20,3.2,0,0,1
2025-09-23 20:38:50,user_3833,employee,pqc,,USA,high,transaction,medium,read,0,28,12.02,1,1,0
2025-09-23 20:39:00,user_3834,third_party,pqc,65.0,EU,high,backend_sync,low,read,0,18,15.67,0,1,0
2025-09-23 20:39:10,user_3835,third_party,classical,40.0,India,low,transaction,high,read,158957,28,14.84,0,1,1
2025-09-23 20:39:20,user_3836,auditor,pqc,,India,high,logs,high,delete,0,26,5.69,2,0,0
2025-09-23 20:39:30,user_3837,third_party,pqc,40.0,India,high,logs,medium,update,0,27,1.26,1,1,1
2025-09-23 20:39:40,user_3838,third_party,pqc,40.0,Unknown,low,backend_sync,low,update,0,16,14.31,1,1,1
2025-09-23 20:39:50,user_3839,guest,classical,,Unknown,high,backend_sync,high,delete,0,19,9.44,1,0,0
2025-09-23 20:40:00,user_3840,admin,classical,,Unknown,medium,transaction,high,delete,0,26,18.61,1,1,0
2025-09-23 20:40:10,user_3841,auditor,pqc,,EU,high,transaction,medium,read,0,14,17.11,0,1,0
2025-09-23 20:40:20,user_3842,admin,pqc,,India,high,logs,low,read,0,18,20.72,0,0,0
2025-09-23 20:40:30,user_3843,admin,pqc,,USA,medium,transaction,medium,update,156167,18,11.55,1,1,1
2025-09-23 20:40:40,user_3844,auditor,classical,,EU,high,backend_sync,low,update,0,27,9.34,0,1,0
2025-09-23 20:40:50,user_3845,service,pqc,,USA,high,customer_kyc,low,read,0,19,10.42,0,1,0
2025-09-23 20:41:00,user_3846,service,classical,,EU,low,customer_kyc,medium,write,0,19,3.32,0,0,0
2025-09-23 20:41:10,user_3847,admin,pqc,,EU,medium,backend_sync,medium,update,0,15,4.79,2,0,0
2025-09-23 20:41:20,user_3848,service,pqc,,India,low,payroll,medium,delete,0,15,9.7,0,0,0
2025-09-23 20:41:30,user_3849,admin,pqc,,EU,low,logs,medium,write,0,21,10.95,1,1,0
2025-09-23 20:41:40,user_3850,guest,pqc,,EU,high,backend_sync,low,update,0,18,7.49,1,1,0
2025-09-23 20:41:50,user_3851,auditor,classical,,EU,medium,backend_sync,medium,delete,0,14,23.61,1,0,0
2025-09-23 20:42:00,user_3852,auditor,classical,,EU,medium,payroll,high,read,0,29,4.38,1,1,0
2025-09-23 20:42:10,user_3853,guest,pqc,,Unknown,high,catalog,high,update,0,20,8.52,0,1,0
2025-09-23 20:42:20,user_3854,guest,classical,,Unknown,high,logs,medium,write,0,24,8.08,1,0,0
2025-09-23 20:42:30,user_3855,service,classical,,Unknown,high,logs,high,delete,0,28,9.32,0,0,0
2025-09-23 20:42:40,user_3856,auditor,pqc,,Unknown,medium,catalog,high,delete,0,18,13.91,1,0,0
2025-09-23 20:42:50,user_3857,admin,pqc,,USA,medium,catalog,high,write,0,15,9.38,0,0,0
2025-09-23 20:43:00,user_3858,auditor,classical,,Unknown,low,transaction,low,delete,0,16,8.67,1,1,0
2025-09-23 20:43:10,user_3859,auditor,classical,,India,medium,transaction,low,write,0,11,5.47,0,0,0
2025-09-23 20:43:20,user_3860,admin,classical,,India,low,backend_sync,high,read,0,25,9.2,0,1,1
2025-09-23 20:43:30,user_3861,third_party,classical,40.0,Unknown,high,payroll,medium,write,0,21,6.81,1,1,1
2025-09-23 20:43:40,user_3862,auditor,classical,,EU,high,customer_kyc,high,read,0,14,14.25,0,0,0
2025-09-23 20:43:50,user_3863,service,classical,,USA,low,catalog,low,read,0,22,5.67,2,1,0
2025-09-23 20:44:00,user_3864,third_party,classical,65.0,EU,low,customer_kyc,high,read,0,20,0.89,0,1,1
2025-09-23 20:44:10,user_3865,guest,classical,,Unknown,low,catalog,low,write,0,27,4.56,4,1,0
2025-09-23 20:44:20,user_3866,auditor,pqc,,Unknown,high,payroll,high,write,0,25,11.08,1,0,0
2025-09-23 20:44:30,user_3867,guest,classical,,EU,high,catalog,high,read,0,21,12.18,1,1,0
2025-09-23 20:44:40,user_3868,auditor,classical,,Unknown,medium,transaction,low,write,0,29,17.69,0,0,0
2025-09-23 20:44:50,user_3869,third_party,pqc,65.0,India,low,backend_sync,medium,write,0,18,14.56,3,0,0
2025-09-23 20:45:00,user_3870,auditor,classical,,Unknown,medium,catalog,medium,read,0,21,8.63,0,0,0
2025-09-23 20:45:10,user_3871,employee,classical,,India,low,payroll,low,write,0,29,16.54,3,0,0
2025-09-23 20:45:20,user_3872,auditor,classical,,EU,low,catalog,medium,read,0,22,0.24,2,0,0
2025-09-23 20:45:30,user_3873,third_party,classical,92.0,Unknown,low,logs,low,update,0,18,17.28,2,0,0
2025-09-23 20:45:40,user_3874,auditor,classical,,Unknown,medium,logs,medium,update,0,14,14.18,0,0,0
2025-09-23 20:45:50,user_3875,service,pqc,,Unknown,low,transaction,high,read,0,25,14.98,2,0,1
2025-09-23 20:46:00,user_3876,admin,pqc,,USA,high,payroll,low,read,0,18,10.22,1,1,0
2025-09-23 20:46:10,user_3877,guest,pqc,,Unknown,high,logs,medium,update,0,14,10.7,1,0,0
2025-09-23 20:46:20,user_3878,service,pqc,,EU,medium,payroll,medium,read,0,23,4.32,2,0,0
2025-09-23 20:46:30,user_3879,auditor,classical,,EU,high,backend_sync,low,update,0,22,12.94,1,1,0
2025-09-23 20:46:40,user_3880,employee,pqc,,EU,high,catalog,high,delete,0,20,8.39,4,1,0
2025-09-23 20:46:50,user_3881,service,classical,,EU,high,customer_kyc,medium,update,0,27,3.93,1,0,0
2025-09-23 20:47:00,user_3882,guest,classical,,EU,low,logs,medium,delete,0,19,9.07,0,1,0
2025-09-23 20:47:10,user_3883,employee,pqc,,EU,low,logs,medium,update,0,24,4.44,4,1,0
2025-09-23 20:47:20,user_3884,admin,classical,,USA,low,catalog,medium,read,0,19,17.01,3,0,0
2025-09-23 20:47:30,user_3885,admin,pqc,,EU,medium,catalog,high,write,0,21,12.14,2,1,0
2025-09-23 20:47:40,user_3886,employee,pqc,,Unknown,low,catalog,medium,read,0,28,12.61,2,0,0
2025-09-23 20:47:50,user_3887,employee,pqc,,USA,low,customer_kyc,high,write,0,16,8.24,1,0,1
2025-09-23 20:48:00,user_3888,admin,classical,,USA,medium,customer_kyc,high,write,0,29,10.01,1,0,0
2025-09-23 20:48:10,user_3889,service,pqc,,EU,low,catalog,high,write,0,20,8.93,1,0,1
2025-09-23 20:48:20,user_3890,admin,pqc,,EU,high,customer_kyc,low,delete,0,15,2.18,0,0,0
2025-09-23 20:48:30,user_3891,service,pqc,,USA,medium,payroll,medium,write,0,16,11.12,1,0,0
2025-09-23 20:48:40,user_3892,admin,pqc,,EU,high,transaction,low,delete,6899,20,12.94,0,0,0
2025-09-23 20:48:50,user_3893,guest,pqc,,USA,low,transaction,medium,write,129465,21,10.51,0,0,1
2025-09-23 20:49:00,user_3894,service,pqc,,USA,high,customer_kyc,low,update,0,29,10.66,1,1,0
2025-09-23 20:49:10,user_3895,auditor,classical,,India,high,logs,high,read,0,17,7.28,1,0,0
2025-09-23 20:49:20,user_3896,guest,pqc,,USA,low,customer_kyc,high,delete,0,17,11.43,1,0,1
2025-09-23 20:49:30,user_3897,employee,classical,,India,high,catalog,high,delete,0,26,12.54,1,0,0
2025-09-23 20:49:40,user_3898,employee,classical,,USA,high,customer_kyc,low,write,0,16,5.79,1,0,0
2025-09-23 20:49:50,user_3899,service,classical,,USA,low,customer_kyc,low,update,0,25,14.88,1,0,0
2025-09-23 20:50:00,user_3900,third_party,pqc,40.0,EU,low,transaction,medium,write,0,29,10.36,2,1,1
2025-09-23 20:50:10,user_3901,service,pqc,,EU,high,catalog,medium,delete,0,32,12.13,2,1,0
2025-09-23 20:50:20,user_3902,service,pqc,,India,high,customer_kyc,high,update,0,22,12.64,2,1,0
2025-09-23 20:50:30,user_3903,auditor,pqc,,India,high,catalog,high,delete,0,16,11.89,1,1,0
2025-09-23 20:50:40,user_3904,auditor,pqc,,India,high,backend_sync,low,update,0,22,15.95,4,1,0
2025-09-23 20:50:50,user_3905,service,pqc,,India,high,logs,low,read,0,17,16.67,1,1,0
2025-09-23 20:51:00,user_3906,third_party,pqc,40.0,EU,low,catalog,low,write,0,18,8.54,1,0,1
2025-09-23 20:51:10,user_3907,guest,classical,,USA,high,transaction,medium,read,0,22,7.74,1,1,1
2025-09-23 20:51:20,user_3908,guest,pqc,,India,low,backend_sync,high,read,0,17,9.62,1,1,1
2025-09-23 20:51:30,user_3909,employee,pqc,,USA,high,backend_sync,high,write,0,24,16.3,1,0,0
2025-09-23 20:51:40,user_3910,service,classical,,USA,low,payroll,high,delete,0,13,17.36,0,1,1
2025-09-23 20:51:50,user_3911,service,pqc,,EU,medium,logs,low,read,0,22,7.12,2,1,0
2025-09-23 20:52:00,user_3912,third_party,pqc,40.0,EU,medium,backend_sync,low,write,0,21,5.74,2,1,1
2025-09-23 20:52:10,user_3913,admin,classical,,India,high,logs,high,update,0,26,16.04,2,1,0
2025-09-23 20:52:20,user_3914,guest,pqc,,EU,medium,catalog,low,write,0,19,1.96,1,1,0
2025-09-23 20:52:30,user_3915,admin,classical,,India,medium,logs,low,read,0,20,4.1,1,0,0
2025-09-23 20:52:40,user_3916,admin,pqc,,USA,low,payroll,high,delete,0,22,16.59,2,0,1
2025-09-23 20:52:50,user_3917,guest,pqc,,India,medium,customer_kyc,high,write,0,21,9.1,0,1,1
2025-09-23 20:53:00,user_3918,service,pqc,,USA,low,backend_sync,medium,write,0,19,10.15,1,0,0
2025-09-23 20:53:10,user_3919,auditor,pqc,,Unknown,medium,logs,medium,delete,0,17,11.67,1,0,0
2025-09-23 20:53:20,user_3920,admin,classical,,Unknown,low,payroll,high,read,0,20,8.81,2,1,1
2025-09-23 20:53:30,user_3921,auditor,pqc,,Unknown,high,catalog,medium,update,0,18,10.78,0,0,0
2025-09-23 20:53:40,user_3922,admin,pqc,,India,low,payroll,medium,delete,0,16,12.88,1,0,0
2025-09-23 20:53:50,user_3923,admin,pqc,,EU,high,transaction,high,write,100330,24,14.06,4,0,1
2025-09-23 20:54:00,user_3924,admin,classical,,USA,medium,catalog,low,read,0,20,2.03,1,0,0
2025-09-23 20:54:10,user_3925,service,classical,,India,low,catalog,medium,delete,0,22,10.15,0,0,0
2025-09-23 20:54:20,user_3926,service,classical,,EU,low,payroll,low,delete,0,29,21.22,0,0,0
2025-09-23 20:54:30,user_3927,third_party,classical,92.0,USA,low,catalog,high,write,0,23,10.37,4,1,1
2025-09-23 20:54:40,user_3928,service,pqc,,EU,low,logs,low,delete,0,19,7.99,0,0,0
2025-09-23 20:54:50,user_3929,guest,pqc,,EU,low,catalog,medium,write,0,19,6.04,0,0,0
2025-09-23 20:55:00,user_3930,service,classical,,India,medium,customer_kyc,medium,update,0,16,6.63,1,1,0
2025-09-23 20:55:10,user_3931,auditor,pqc,,Unknown,low,backend_sync,low,update,0,25,9.5,0,1,0
2025-09-23 20:55:20,user_3932,auditor,classical,,India,medium,catalog,low,write,0,16,9.43,3,1,0
2025-09-23 20:55:30,user_3933,employee,pqc,,USA,medium,backend_sync,high,update,0,25,4.95,2,1,0
2025-09-23 20:55:40,user_3934,auditor,classical,,Unknown,high,backend_sync,medium,write,0,24,0.08,1,1,0
2025-09-23 20:55:50,user_3935,guest,classical,,USA,low,backend_sync,low,read,0,17,16.73,2,1,0
2025-09-23 20:56:00,user_3936,guest,pqc,,USA,low,logs,medium,write,0,25,14.44,1,1,0
2025-09-23 20:56:10,user_3937,auditor,pqc,,India,medium,catalog,low,update,0,15,9.2,5,0,0
2025-09-23 20:56:20,user_3938,auditor,classical,,Unknown,low,customer_kyc,high,delete,0,19,11.01,3,0,1
2025-09-23 20:56:30,user_3939,service,pqc,,Unknown,medium,transaction,low,write,0,21,8.01,0,0,0
2025-09-23 20:56:40,user_3940,third_party,classical,92.0,Unknown,low,customer_kyc,high,write,0,16,14.45,1,1,1
2025-09-23 20:56:50,user_3941,auditor,classical,,EU,high,catalog,low,update,0,12,10.53,0,0,0
2025-09-23 20:57:00,user_3942,guest,pqc,,India,low,customer_kyc,high,read,0,13,18.01,1,0,1
2025-09-23 20:57:10,user_3943,service,pqc,,USA,high,customer_kyc,medium,write,0,18,18.99,0,1,0
2025-09-23 20:57:20,user_3944,service,pqc,,India,medium,payroll,medium,write,0,14,9.35,0,1,0
2025-09-23 20:57:30,user_3945,guest,classical,,EU,high,customer_kyc,high,update,0,23,3.97,1,1,1
2025-09-23 20:57:40,user_3946,third_party,classical,40.0,USA,medium,payroll,medium,read,0,22,15.41,1,0,1
2025-09-23 20:57:50,user_3947,service,pqc,,USA,medium,logs,low,delete,0,26,17.95,1,0,0
2025-09-23 20:58:00,user_3948,employee,classical,,India,medium,transaction,medium,update,0,25,11.69,4,1,0
2025-09-23 20:58:10,user_3949,auditor,pqc,,USA,low,logs,medium,delete,0,19,10.97,1,0,0
2025-09-23 20:58:20,user_3950,employee,classical,,EU,low,payroll,high,write,0,18,9.99,1,1,1
2025-09-23 20:58:30,user_3951,service,classical,,Unknown,medium,transaction,medium,delete,0,23,14.65,0,0,0
2025-09-23 20:58:40,user_3952,employee,classical,,India,medium,catalog,medium,update,0,17,4.84,4,1,0
2025-09-23 20:58:50,user_3953,guest,pqc,,EU,low,transaction,medium,update,97919,23,5.55,0,1,1
2025-09-23 20:59:00,user_3954,guest,pqc,,India,high,catalog,high,update,0,19,6.65,0,1,0
2025-09-23 20:59:10,user_3955,admin,pqc,,Unknown,medium,payroll,low,update,0,24,14.56,2,0,0
2025-09-23 20:59:20,user_3956,employee,classical,,Unknown,medium,customer_kyc,low,read,0,20,14.9,1,1,0
2025-09-23 20:59:30,user_3957,service,pqc,,India,high,payroll,high,write,0,13,6.78,1,1,0
2025-09-23 20:59:40,user_3958,guest,pqc,,EU,medium,payroll,high,write,0,20,14.54,0,0,0
2025-09-23 20:59:50,user_3959,employee,classical,,Unknown,medium,logs,low,read,0,23,10.09,1,1,0
2025-09-23 21:00:00,user_3960,admin,pqc,,India,medium,backend_sync,medium,read,0,29,7.71,2,0,0
2025-09-23 21:00:10,user_3961,auditor,classical,,EU,high,transaction,high,write,67283,18,13.14,0,0,0
2025-09-23 21:00:20,user_3962,third_party,pqc,40.0,Unknown,high,transaction,medium,write,0,23,12.8,0,0,1
2025-09-23 21:00:30,user_3963,service,classical,,India,low,payroll,high,delete,0,22,4.73,1,0,1
2025-09-23 21:00:40,user_3964,admin,classical,,USA,high,transaction,medium,read,0,25,16.98,1,1,0
2025-09-23 21:00:50,user_3965,admin,classical,,EU,high,payroll,high,delete,0,17,0.39,0,1,0
2025-09-23 21:01:00,user_3966,service,pqc,,EU,medium,transaction,medium,update,163645,24,7.21,1,1,1
2025-09-23 21:01:10,user_3967,service,pqc,,EU,low,customer_kyc,high,delete,0,15,7.9,0,0,1
2025-09-23 21:01:20,user_3968,employee,classical,,India,high,customer_kyc,medium,read,0,13,12.13,1,1,0
2025-09-23 21:01:30,user_3969,auditor,pqc,,Unknown,medium,payroll,low,update,0,19,17.45,2,0,0
2025-09-23 21:01:40,user_3970,service,pqc,,Unknown,medium,transaction,low,delete,0,22,15.43,3,1,0
2025-09-23 21:01:50,user_3971,auditor,pqc,,EU,low,backend_sync,medium,update,0,24,14.72,0,0,0
2025-09-23 21:02:00,user_3972,auditor,pqc,,EU,medium,payroll,medium,update,0,23,7.85,1,1,0
2025-09-23 21:02:10,user_3973,third_party,pqc,65.0,India,medium,transaction,low,update,84382,24,11.58,1,1,0
2025-09-23 21:02:20,user_3974,third_party,classical,92.0,Unknown,high,customer_kyc,low,delete,0,14,13.46,0,1,0
2025-09-23 21:02:30,user_3975,employee,pqc,,India,low,customer_kyc,low,write,0,12,7.05,0,1,0
2025-09-23 21:02:40,user_3976,service,classical,,Unknown,medium,transaction,medium,read,1343,24,14.51,3,0,0
2025-09-23 21:02:50,user_3977,third_party,classical,40.0,Unknown,high,logs,medium,delete,0,12,18.12,0,0,1
2025-09-23 21:03:00,user_3978,employee,classical,,Unknown,medium,logs,medium,update,0,19,20.58,1,0,0
2025-09-23 21:03:10,user_3979,employee,pqc,,EU,high,customer_kyc,medium,write,0,29,9.75,1,1,0
2025-09-23 21:03:20,user_3980,employee,pqc,,USA,high,catalog,high,read,0,24,1.49,1,0,0
2025-09-23 21:03:30,user_3981,guest,pqc,,India,low,catalog,high,read,0,22,5.55,2,1,1
2025-09-23 21:03:40,user_3982,admin,pqc,,Unknown,high,logs,high,read,0,18,13.6,1,1,0
2025-09-23 21:03:50,user_3983,third_party,classical,92.0,India,medium,logs,high,update,0,17,1.43,0,0,0
2025-09-23 21:04:00,user_3984,third_party,pqc,40.0,Unknown,low,catalog,medium,write,0,17,4.63,3,1,1
2025-09-23 21:04:10,user_3985,third_party,classical,40.0,India,medium,transaction,high,read,0,22,4.13,1,1,1
2025-09-23 21:04:20,user_3986,admin,classical,,Unknown,low,backend_sync,medium,read,0,25,17.88,2,0,0
2025-09-23 21:04:30,user_3987,admin,pqc,,India,high,logs,low,update,0,23,13.51,3,1,0
2025-09-23 21:04:40,user_3988,employee,classical,,EU,high,transaction,high,write,163556,16,16.05,0,1,1
2025-09-23 21:04:50,user_3989,guest,pqc,,USA,low,catalog,low,update,0,22,8.13,0,0,0
2025-09-23 21:05:00,user_3990,guest,pqc,,USA,low,backend_sync,medium,update,0,18,5.98,1,1,0
2025-09-23 21:05:10,user_3991,employee,pqc,,EU,medium,backend_sync,low,update,0,17,13.99,1,0,0
2025-09-23 21:05:20,user_3992,admin,pqc,,India,medium,logs,high,update,0,19,10.07,0,0,0
2025-09-23 21:05:30,user_3993,third_party,pqc,92.0,India,low,logs,high,write,0,24,11.26,0,1,1
2025-09-23 21:05:40,user_3994,guest,classical,,Unknown,medium,catalog,low,delete,0,24,12.86,1,1,0
2025-09-23 21:05:50,user_3995,guest,classical,,Unknown,high,payroll,medium,update,0,17,4.34,1,1,0
2025-09-23 21:06:00,user_3996,admin,pqc,,USA,low,backend_sync,high,update,0,23,6.33,0,1,1
2025-09-23 21:06:10,user_3997,guest,pqc,,India,medium,logs,low,read,0,19,5.55,2,0,0
2025-09-23 21:06:20,user_3998,employee,pqc,,Unknown,high,logs,low,read,0,13,14.09,1,1,0
2025-09-23 21:06:30,user_3999,third_party,pqc,92.0,USA,medium,transaction,low,delete,48882,20,12.45,2,1,0
2025-09-23 21:06:40,user_4000,employee,pqc,,EU,medium,backend_sync,low,read,0,16,5.97,0,0,0
2025-09-23 21:06:50,user_4001,admin,classical,,India,low,payroll,medium,read,0,27,12.12,0,1,0
2025-09-23 21:07:00,user_4002,third_party,pqc,92.0,USA,low,customer_kyc,high,read,0,14,0.08,1,1,1
2025-09-23 21:07:10,user_4003,guest,pqc,,India,low,backend_sync,high,read,0,14,12.86,0,1,1
2025-09-23 21:07:20,user_4004,service,classical,,USA,low,payroll,high,read,0,26,4.99,1,0,1
2025-09-23 21:07:30,user_4005,employee,pqc,,USA,high,logs,low,delete,0,20,18.0,1,0,0
2025-09-23 21:07:40,user_4006,admin,pqc,,USA,medium,payroll,high,delete,0,24,16.39,1,0,0
2025-09-23 21:07:50,user_4007,service,classical,,India,medium,catalog,low,update,0,21,12.55,0,1,0
2025-09-23 21:08:00,user_4008,third_party,pqc,65.0,Unknown,high,logs,high,write,0,19,18.76,0,0,0
2025-09-23 21:08:10,user_4009,third_party,pqc,92.0,Unknown,high,transaction,medium,delete,0,19,10.51,0,1,0
2025-09-23 21:08:20,user_4010,auditor,classical,,USA,medium,customer_kyc,low,write,0,23,19.99,0,1,0
2025-09-23 21:08:30,user_4011,third_party,pqc,65.0,Unknown,low,payroll,low,delete,0,24,7.65,1,1,0
2025-09-23 21:08:40,user_4012,auditor,pqc,,USA,low,logs,medium,update,0,23,8.56,3,0,0
2025-09-23 21:08:50,user_4013,employee,pqc,,India,high,payroll,high,write,0,20,8.08,2,1,0
2025-09-23 21:09:00,user_4014,admin,pqc,,Unknown,high,backend_sync,medium,update,0,18,6.49,0,0,0
2025-09-23 21:09:10,user_4015,service,classical,,USA,medium,customer_kyc,low,read,0,25,8.71,0,0,0
2025-09-23 21:09:20,user_4016,employee,pqc,,USA,medium,catalog,low,write,0,21,8.29,1,1,0
2025-09-23 21:09:30,user_4017,service,pqc,,Unknown,high,transaction,medium,delete,146328,18,15.56,3,0,1
2025-09-23 21:09:40,user_4018,service,classical,,EU,high,catalog,high,delete,0,19,16.65,1,1,0
2025-09-23 21:09:50,user_4019,guest,pqc,,India,medium,customer_kyc,high,delete,0,19,12.55,2,0,1
2025-09-23 21:10:00,user_4020,employee,classical,,Unknown,low,logs,high,write,0,18,9.15,4,0,1
2025-09-23 21:10:10,user_4021,employee,pqc,,EU,low,backend_sync,medium,read,0,27,12.04,2,1,0
2025-09-23 21:10:20,user_4022,service,classical,,USA,medium,catalog,medium,delete,0,23,7.43,1,0,0
2025-09-23 21:10:30,user_4023,admin,classical,,EU,low,transaction,high,read,0,23,14.55,1,1,1
2025-09-23 21:10:40,user_4024,guest,classical,,Unknown,medium,transaction,medium,update,91889,15,10.97,1,1,1
2025-09-23 21:10:50,user_4025,third_party,classical,92.0,USA,medium,logs,low,update,0,11,6.51,1,0,0
2025-09-23 21:11:00,user_4026,employee,classical,,USA,high,transaction,high,delete,0,17,3.14,0,1,0
2025-09-23 21:11:10,user_4027,guest,pqc,,Unknown,low,backend_sync,low,update,0,23,7.48,0,0,0
2025-09-23 21:11:20,user_4028,guest,classical,,USA,medium,transaction,medium,write,0,22,9.19,2,0,1
2025-09-23 21:11:30,user_4029,service,classical,,EU,low,payroll,low,delete,0,27,11.68,1,0,0
2025-09-23 21:11:40,user_4030,service,classical,,EU,low,customer_kyc,high,write,0,17,9.98,1,1,1
2025-09-23 21:11:50,user_4031,third_party,pqc,40.0,USA,high,catalog,low,delete,0,20,0.08,1,1,1
2025-09-23 21:12:00,user_4032,employee,pqc,,USA,high,catalog,high,delete,0,18,6.55,2,1,0
2025-09-23 21:12:10,user_4033,admin,classical,,EU,high,payroll,medium,delete,0,14,6.51,1,0,0
2025-09-23 21:12:20,user_4034,auditor,pqc,,India,low,transaction,medium,write,0,20,7.0,1,0,0
2025-09-23 21:12:30,user_4035,auditor,pqc,,USA,medium,customer_kyc,medium,delete,0,19,15.08,1,0,0
2025-09-23 21:12:40,user_4036,employee,classical,,Unknown,medium,backend_sync,low,read,0,15,8.65,1,0,0
2025-09-23 21:12:50,user_4037,auditor,pqc,,EU,medium,payroll,medium,delete,0,27,13.12,0,0,0
2025-09-23 21:13:00,user_4038,admin,classical,,Unknown,high,backend_sync,low,write,0,26,9.52,0,0,0
2025-09-23 21:13:10,user_4039,guest,pqc,,Unknown,high,logs,low,write,0,23,5.05,0,1,0
2025-09-23 21:13:20,user_4040,admin,classical,,USA,medium,logs,medium,delete,0,15,10.16,0,0,0
2025-09-23 21:13:30,user_4041,guest,pqc,,Unknown,low,transaction,medium,read,28262,21,15.4,0,1,1
2025-09-23 21:13:40,user_4042,guest,classical,,USA,low,catalog,low,update,0,12,12.8,1,1,0
2025-09-23 21:13:50,user_4043,service,pqc,,EU,low,catalog,medium,delete,0,18,17.52,0,0,0
2025-09-23 21:14:00,user_4044,auditor,pqc,,USA,low,backend_sync,medium,delete,0,27,9.54,2,0,0
2025-09-23 21:14:10,user_4045,employee,classical,,EU,low,transaction,low,write,75297,16,4.73,3,1,0
2025-09-23 21:14:20,user_4046,guest,pqc,,Unknown,high,transaction,low,delete,0,17,5.26,2,1,1
2025-09-23 21:14:30,user_4047,auditor,pqc,,EU,medium,logs,high,delete,0,20,4.16,0,1,0
2025-09-23 21:14:40,user_4048,admin,pqc,,EU,high,transaction,high,read,0,23,9.32,3,0,0
2025-09-23 21:14:50,user_4049,service,classical,,EU,low,payroll,medium,read,0,17,9.29,1,1,0
2025-09-23 21:15:00,user_4050,employee,classical,,EU,medium,catalog,low,read,0,23,12.48,2,1,0
2025-09-23 21:15:10,user_4051,guest,classical,,India,low,backend_sync,high,read,0,19,7.58,2,1,1
2025-09-23 21:15:20,user_4052,employee,classical,,Unknown,medium,customer_kyc,medium,delete,0,31,10.88,1,1,0
2025-09-23 21:15:30,user_4053,admin,classical,,Unknown,medium,customer_kyc,low,delete,0,21,16.54,2,0,0
2025-09-23 21:15:40,user_4054,auditor,pqc,,USA,low,catalog,low,update,0,18,13.79,0,1,0
2025-09-23 21:15:50,user_4055,service,pqc,,USA,medium,logs,low,update,0,21,1.23,0,1,0
2025-09-23 21:16:00,user_4056,auditor,classical,,USA,medium,backend_sync,high,delete,0,23,11.43,0,0,0
2025-09-23 21:16:10,user_4057,guest,classical,,Unknown,high,logs,low,update,0,21,16.63,1,1,0
2025-09-23 21:16:20,user_4058,admin,classical,,USA,high,backend_sync,medium,write,0,23,5.88,2,1,0
2025-09-23 21:16:30,user_4059,employee,classical,,Unknown,low,payroll,low,write,0,25,10.39,3,0,0
2025-09-23 21:16:40,user_4060,third_party,pqc,92.0,India,high,payroll,low,write,0,20,6.2,3,1,0
2025-09-23 21:16:50,user_4061,auditor,pqc,,USA,low,logs,medium,write,0,19,14.35,1,0,0
2025-09-23 21:17:00,user_4062,employee,classical,,EU,medium,backend_sync,medium,update,0,19,16.61,1,1,0
2025-09-23 21:17:10,user_4063,employee,classical,,EU,medium,transaction,high,update,0,22,10.66,0,0,0
2025-09-23 21:17:20,user_4064,service,classical,,EU,low,logs,medium,read,0,22,13.37,3,0,0
2025-09-23 21:17:30,user_4065,guest,classical,,Unknown,high,logs,low,read,0,31,8.7,1,1,0
2025-09-23 21:17:40,user_4066,admin,classical,,India,low,transaction,medium,write,93689,12,13.0,1,1,0
2025-09-23 21:17:50,user_4067,guest,classical,,India,medium,catalog,low,update,0,20,12.86,0,0,0
2025-09-23 21:18:00,user_4068,employee,classical,,EU,medium,logs,medium,read,0,27,18.8,0,0,0
2025-09-23 21:18:10,user_4069,guest,classical,,India,high,logs,low,write,0,18,5.8,6,1,0
2025-09-23 21:18:20,user_4070,guest,pqc,,Unknown,high,customer_kyc,high,delete,0,20,7.7,0,0,1
2025-09-23 21:18:30,user_4071,third_party,pqc,65.0,Unknown,high,customer_kyc,medium,write,0,30,12.3,2,0,0
2025-09-23 21:18:40,user_4072,admin,classical,,EU,high,customer_kyc,low,read,0,16,6.9,0,0,0
2025-09-23 21:18:50,user_4073,guest,classical,,EU,high,transaction,medium,update,0,16,13.76,0,0,1
2025-09-23 21:19:00,user_4074,guest,classical,,India,low,catalog,low,delete,0,23,8.38,1,1,0
2025-09-23 21:19:10,user_4075,auditor,classical,,EU,high,payroll,high,read,0,26,12.51,1,0,0
2025-09-23 21:19:20,user_4076,admin,classical,,EU,medium,catalog,low,write,0,17,17.24,0,0,0
2025-09-23 21:19:30,user_4077,third_party,classical,92.0,EU,medium,backend_sync,medium,delete,0,21,8.6,1,1,0
2025-09-23 21:19:40,user_4078,service,classical,,Unknown,high,transaction,low,write,0,17,16.59,4,0,0
2025-09-23 21:19:50,user_4079,guest,pqc,,USA,high,logs,high,read,0,23,6.01,2,0,0
2025-09-23 21:20:00,user_4080,service,classical,,EU,high,customer_kyc,medium,update,0,28,12.88,0,1,0
2025-09-23 21:20:10,user_4081,third_party,classical,65.0,Unknown,high,logs,low,delete,0,20,19.05,0,1,0
2025-09-23 21:20:20,user_4082,admin,pqc,,Unknown,medium,backend_sync,high,update,0,20,12.47,2,1,0
2025-09-23 21:20:30,user_4083,employee,classical,,India,medium,backend_sync,high,read,0,28,2.66,0,1,0
2025-09-23 21:20:40,user_4084,admin,classical,,Unknown,low,payroll,low,read,0,20,0.92,1,0,0
2025-09-23 21:20:50,user_4085,service,classical,,USA,low,catalog,high,write,0,33,6.12,1,1,1
2025-09-23 21:21:00,user_4086,employee,classical,,Unknown,medium,catalog,high,read,0,16,14.54,1,1,0
2025-09-23 21:21:10,user_4087,guest,pqc,,Unknown,low,catalog,medium,write,0,19,11.71,3,0,0
2025-09-23 21:21:20,user_4088,employee,classical,,Unknown,high,transaction,medium,read,195560,17,7.74,1,0,1
2025-09-23 21:21:30,user_4089,admin,pqc,,India,medium,backend_sync,high,delete,0,16,7.39,2,0,0
2025-09-23 21:21:40,user_4090,employee,classical,,EU,medium,customer_kyc,high,delete,0,18,16.43,2,1,0
2025-09-23 21:21:50,user_4091,guest,pqc,,USA,medium,backend_sync,low,write,0,17,3.98,2,0,0
2025-09-23 21:22:00,user_4092,employee,pqc,,USA,low,backend_sync,high,delete,0,16,11.39,0,0,1
2025-09-23 21:22:10,user_4093,employee,pqc,,EU,low,logs,low,update,0,19,21.06,0,1,0
2025-09-23 21:22:20,user_4094,auditor,pqc,,India,high,payroll,high,delete,0,20,8.51,2,0,0
2025-09-23 21:22:30,user_4095,employee,pqc,,EU,high,catalog,medium,write,0,11,13.63,1,1,0
2025-09-23 21:22:40,user_4096,employee,pqc,,EU,high,customer_kyc,low,read,0,13,12.8,0,0,0
2025-09-23 21:22:50,user_4097,auditor,classical,,Unknown,medium,catalog,medium,update,0,17,0.38,0,1,0
2025-09-23 21:23:00,user_4098,third_party,pqc,92.0,Unknown,low,catalog,low,update,0,22,8.27,2,1,0
2025-09-23 21:23:10,user_4099,employee,pqc,,India,high,transaction,medium,write,28695,19,9.75,0,1,0
2025-09-23 21:23:20,user_4100,auditor,classical,,Unknown,medium,catalog,high,read,0,19,12.36,1,1,0
2025-09-23 21:23:30,user_4101,auditor,pqc,,India,low,transaction,high,update,0,12,12.26,3,1,1
2025-09-23 21:23:40,user_4102,third_party,classical,40.0,India,low,logs,low,write,0,22,9.34,2,1,1
2025-09-23 21:23:50,user_4103,admin,classical,,Unknown,low,catalog,high,read,0,16,4.1,0,1,1
2025-09-23 21:24:00,user_4104,third_party,classical,65.0,EU,medium,transaction,high,write,0,19,11.3,2,1,0
2025-09-23 21:24:10,user_4105,auditor,pqc,,USA,medium,logs,medium,write,0,20,9.85,1,1,0
2025-09-23 21:24:20,user_4106,guest,classical,,Unknown,low,logs,high,delete,0,19,16.43,0,1,1
2025-09-23 21:24:30,user_4107,admin,pqc,,India,high,logs,low,update,0,18,10.27,1,1,0
2025-09-23 21:24:40,user_4108,auditor,pqc,,USA,low,catalog,medium,read,0,26,9.51,3,0,0
2025-09-23 21:24:50,user_4109,employee,classical,,India,high,payroll,medium,write,0,19,20.85,2,0,0
2025-09-23 21:25:00,user_4110,third_party,classical,65.0,EU,low,catalog,low,delete,0,21,6.34,0,0,0
2025-09-23 21:25:10,user_4111,service,classical,,Unknown,low,customer_kyc,medium,write,0,20,5.46,1,1,0
2025-09-23 21:25:20,user_4112,service,classical,,USA,low,backend_sync,medium,read,0,16,17.68,2,0,0
2025-09-23 21:25:30,user_4113,auditor,classical,,India,medium,backend_sync,medium,read,0,26,9.77,1,0,0
2025-09-23 21:25:40,user_4114,admin,classical,,Unknown,low,logs,high,write,0,12,10.8,1,1,1
2025-09-23 21:25:50,user_4115,guest,pqc,,USA,high,backend_sync,medium,delete,0,24,9.91,0,0,0
2025-09-23 21:26:00,user_4116,admin,pqc,,EU,medium,payroll,medium,update,0,13,7.16,1,0,0
2025-09-23 21:26:10,user_4117,auditor,classical,,USA,medium,logs,low,delete,0,21,6.26,0,1,0
2025-09-23 21:26:20,user_4118,guest,pqc,,USA,high,transaction,low,delete,183272,18,8.46,1,1,1
2025-09-23 21:26:30,user_4119,employee,pqc,,USA,high,payroll,high,read,0,30,13.47,1,0,0
2025-09-23 21:26:40,user_4120,third_party,classical,40.0,Unknown,high,logs,medium,delete,0,20,4.93,0,1,1
2025-09-23 21:26:50,user_4121,service,pqc,,EU,high,logs,low,read,0,15,6.38,4,1,0
2025-09-23 21:27:00,user_4122,service,classical,,EU,high,catalog,medium,delete,0,27,9.06,0,0,0
2025-09-23 21:27:10,user_4123,service,classical,,India,high,catalog,high,delete,0,11,9.61,0,0,0
2025-09-23 21:27:20,user_4124,employee,pqc,,USA,medium,catalog,high,write,0,16,8.4,1,0,0
2025-09-23 21:27:30,user_4125,auditor,pqc,,USA,high,backend_sync,medium,write,0,15,15.08,1,0,0
2025-09-23 21:27:40,user_4126,auditor,pqc,,EU,low,customer_kyc,low,write,0,22,5.0,1,1,0
2025-09-23 21:27:50,user_4127,employee,pqc,,USA,medium,backend_sync,medium,read,0,23,16.59,2,0,0
2025-09-23 21:28:00,user_4128,admin,classical,,Unknown,medium,catalog,medium,delete,0,19,3.75,1,1,0
2025-09-23 21:28:10,user_4129,admin,classical,,USA,low,payroll,high,read,0,23,10.62,1,1,1
2025-09-23 21:28:20,user_4130,admin,pqc,,India,low,transaction,medium,read,31407,19,2.61,1,0,0
2025-09-23 21:28:30,user_4131,admin,pqc,,Unknown,medium,logs,medium,read,0,21,14.83,2,0,0
2025-09-23 21:28:40,user_4132,guest,classical,,India,low,catalog,medium,update,0,17,11.77,2,0,0
2025-09-23 21:28:50,user_4133,service,pqc,,Unknown,high,backend_sync,low,update,0,29,2.15,0,0,0
2025-09-23 21:29:00,user_4134,employee,pqc,,Unknown,medium,payroll,low,delete,0,22,16.93,2,1,0
2025-09-23 21:29:10,user_4135,admin,classical,,Unknown,low,payroll,high,write,0,22,6.59,2,1,1
2025-09-23 21:29:20,user_4136,employee,classical,,USA,high,customer_kyc,high,read,0,19,13.49,0,0,0
2025-09-23 21:29:30,user_4137,employee,pqc,,Unknown,low,payroll,high,delete,0,22,1.73,2,1,1
2025-09-23 21:29:40,user_4138,third_party,classical,40.0,EU,low,catalog,medium,write,0,17,14.71,1,0,1
2025-09-23 21:29:50,user_4139,guest,pqc,,Unknown,high,catalog,medium,delete,0,21,7.05,2,0,0
2025-09-23 21:30:00,user_4140,admin,classical,,India,high,backend_sync,low,delete,0,34,14.28,0,0,0
2025-09-23 21:30:10,user_4141,service,classical,,Unknown,high,customer_kyc,medium,read,0,24,16.67,0,1,0
2025-09-23 21:30:20,user_4142,service,pqc,,EU,high,transaction,medium,read,0,19,6.25,2,1,0
2025-09-23 21:30:30,user_4143,guest,pqc,,EU,low,backend_sync,low,delete,0,23,3.09,0,1,0
2025-09-23 21:30:40,user_4144,service,pqc,,Unknown,medium,backend_sync,high,delete,0,23,17.36,1,1,0
2025-09-23 21:30:50,user_4145,admin,pqc,,USA,low,logs,medium,delete,0,26,17.43,1,1,0
2025-09-23 21:31:00,user_4146,third_party,classical,92.0,Unknown,medium,catalog,medium,update,0,14,15.8,1,0,0
2025-09-23 21:31:10,user_4147,guest,classical,,Unknown,low,logs,medium,delete,0,17,7.72,1,1,0
2025-09-23 21:31:20,user_4148,admin,classical,,EU,medium,logs,high,write,0,22,9.15,0,0,0
2025-09-23 21:31:30,user_4149,employee,pqc,,EU,medium,payroll,high,read,0,20,8.03,3,0,0
2025-09-23 21:31:40,user_4150,employee,pqc,,USA,medium,customer_kyc,medium,delete,0,14,6.34,1,0,0
2025-09-23 21:31:50,user_4151,employee,classical,,India,medium,logs,high,delete,0,16,7.23,1,0,0
2025-09-23 21:32:00,user_4152,auditor,classical,,Unknown,low,logs,high,write,0,19,0.77,0,1,1
2025-09-23 21:32:10,user_4153,third_party,pqc,40.0,Unknown,medium,transaction,high,update,0,16,11.44,1,1,1
2025-09-23 21:32:20,user_4154,service,classical,,India,low,logs,high,delete,0,17,13.37,1,1,1
2025-09-23 21:32:30,user_4155,guest,classical,,EU,high,catalog,medium,write,0,17,1.19,1,0,0
2025-09-23 21:32:40,user_4156,auditor,classical,,EU,low,logs,low,delete,0,9,11.58,4,0,0
2025-09-23 21:32:50,user_4157,guest,classical,,Unknown,high,customer_kyc,medium,write,0,20,17.82,1,0,1
2025-09-23 21:33:00,user_4158,auditor,classical,,India,high,customer_kyc,high,delete,0,21,7.14,1,0,0
2025-09-23 21:33:10,user_4159,admin,pqc,,EU,low,customer_kyc,medium,read,0,19,20.24,2,0,0
2025-09-23 21:33:20,user_4160,service,pqc,,India,medium,customer_kyc,high,write,0,20,3.66,1,0,0
2025-09-23 21:33:30,user_4161,service,classical,,EU,low,logs,medium,delete,0,25,14.45,0,0,0
2025-09-23 21:33:40,user_4162,employee,pqc,,Unknown,low,backend_sync,high,update,0,23,7.34,0,1,1
2025-09-23 21:33:50,user_4163,employee,pqc,,India,low,payroll,low,update,0,21,4.33,0,0,0
2025-09-23 21:34:00,user_4164,third_party,pqc,65.0,Unknown,low,transaction,low,delete,97869,16,0.31,0,1,0
2025-09-23 21:34:10,user_4165,auditor,classical,,India,medium,catalog,low,write,0,22,4.32,1,1,0
2025-09-23 21:34:20,user_4166,guest,classical,,Unknown,medium,transaction,medium,write,0,19,0.39,0,1,1
2025-09-23 21:34:30,user_4167,employee,pqc,,USA,low,customer_kyc,medium,write,0,19,7.32,0,0,0
2025-09-23 21:34:40,user_4168,service,classical,,EU,low,catalog,low,delete,0,21,6.98,1,0,0
2025-09-23 21:34:50,user_4169,service,classical,,India,low,logs,high,write,0,15,7.31,1,0,1
2025-09-23 21:35:00,user_4170,admin,pqc,,Unknown,medium,logs,high,read,0,22,13.05,0,0,0
2025-09-23 21:35:10,user_4171,auditor,classical,,Unknown,medium,catalog,low,delete,0,31,10.23,0,0,0
2025-09-23 21:35:20,user_4172,third_party,pqc,92.0,EU,medium,catalog,medium,delete,0,19,6.95,0,1,0
2025-09-23 21:35:30,user_4173,guest,pqc,,EU,high,payroll,low,update,0,19,11.12,2,0,0
2025-09-23 21:35:40,user_4174,service,classical,,EU,low,logs,high,update,0,18,4.15,0,0,1
2025-09-23 21:35:50,user_4175,third_party,pqc,40.0,EU,high,transaction,medium,update,0,15,12.83,1,1,1
2025-09-23 21:36:00,user_4176,auditor,classical,,Unknown,high,payroll,low,update,0,21,8.1,2,1,0
2025-09-23 21:36:10,user_4177,guest,pqc,,India,high,payroll,low,update,0,23,10.84,1,1,0
2025-09-23 21:36:20,user_4178,service,pqc,,Unknown,medium,catalog,low,update,0,18,12.6,0,0,0
2025-09-23 21:36:30,user_4179,admin,pqc,,India,low,catalog,high,read,0,20,10.02,1,0,1
2025-09-23 21:36:40,user_4180,employee,classical,,India,low,customer_kyc,low,delete,0,15,6.6,1,0,0
2025-09-23 21:36:50,user_4181,third_party,pqc,40.0,EU,low,backend_sync,high,update,0,13,12.52,0,1,1
2025-09-23 21:37:00,user_4182,service,pqc,,EU,low,backend_sync,high,write,0,23,1.51,1,0,1
2025-09-23 21:37:10,user_4183,auditor,pqc,,USA,low,customer_kyc,low,read,0,24,8.56,1,1,0
2025-09-23 21:37:20,user_4184,service,pqc,,India,high,payroll,high,read,0,16,7.57,1,0,0
2025-09-23 21:37:30,user_4185,auditor,pqc,,Unknown,low,backend_sync,high,delete,0,23,10.65,1,0,1
2025-09-23 21:37:40,user_4186,service,classical,,Unknown,medium,logs,medium,write,0,22,8.85,1,1,0
2025-09-23 21:37:50,user_4187,guest,pqc,,USA,low,logs,high,delete,0,16,1.84,2,1,1
2025-09-23 21:38:00,user_4188,admin,classical,,EU,medium,transaction,medium,update,186403,17,16.58,0,0,1
2025-09-23 21:38:10,user_4189,admin,pqc,,USA,medium,customer_kyc,low,update,0,22,18.48,0,1,0
2025-09-23 21:38:20,user_4190,third_party,pqc,40.0,USA,medium,customer_kyc,low,write,0,13,8.31,1,1,1
2025-09-23 21:38:30,user_4191,guest,classical,,USA,high,payroll,low,read,0,24,7.12,2,1,0
2025-09-23 21:38:40,user_4192,third_party,pqc,40.0,USA,high,payroll,high,delete,0,16,17.86,0,1,1
2025-09-23 21:38:50,user_4193,service,pqc,,Unknown,high,payroll,low,write,0,14,6.3,1,1,0
2025-09-23 21:39:00,user_4194,auditor,classical,,USA,medium,transaction,low,delete,134198,15,6.27,1,0,1
2025-09-23 21:39:10,user_4195,guest,classical,,Unknown,high,backend_sync,medium,read,0,29,15.81,3,0,0
2025-09-23 21:39:20,user_4196,employee,classical,,Unknown,medium,catalog,low,write,0,21,10.84,2,1,0
2025-09-23 21:39:30,user_4197,employee,pqc,,EU,medium,logs,low,delete,0,20,11.15,1,1,0
2025-09-23 21:39:40,user_4198,employee,classical,,EU,high,backend_sync,medium,delete,0,28,0.78,1,0,0
2025-09-23 21:39:50,user_4199,employee,pqc,,India,high,payroll,low,read,0,12,11.33,1,0,0
2025-09-23 21:40:00,user_4200,auditor,pqc,,Unknown,low,logs,medium,delete,0,22,7.07,0,0,0
2025-09-23 21:40:10,user_4201,auditor,classical,,EU,medium,catalog,medium,delete,0,32,18.6,1,1,0
2025-09-23 21:40:20,user_4202,third_party,pqc,92.0,India,low,backend_sync,high,delete,0,24,21.77,0,0,1
2025-09-23 21:40:30,user_4203,employee,classical,,USA,high,customer_kyc,low,delete,0,21,7.07,1,1,0
2025-09-23 21:40:40,user_4204,auditor,pqc,,India,low,payroll,low,read,0,26,12.36,1,0,0
2025-09-23 21:40:50,user_4205,auditor,classical,,USA,low,payroll,high,write,0,15,8.48,3,0,1
2025-09-23 21:41:00,user_4206,auditor,classical,,Unknown,low,backend_sync,low,delete,0,26,12.4,1,0,0
2025-09-23 21:41:10,user_4207,admin,classical,,USA,medium,backend_sync,high,read,0,19,5.23,0,0,0
2025-09-23 21:41:20,user_4208,guest,pqc,,Unknown,high,payroll,high,read,0,24,10.7,1,0,0
2025-09-23 21:41:30,user_4209,admin,classical,,USA,medium,catalog,high,read,0,19,12.18,1,1,0
2025-09-23 21:41:40,user_4210,guest,classical,,Unknown,low,backend_sync,high,update,0,20,16.8,2,0,1
2025-09-23 21:41:50,user_4211,employee,pqc,,USA,high,logs,medium,read,0,22,5.57,0,0,0
2025-09-23 21:42:00,user_4212,service,classical,,Unknown,low,catalog,high,delete,0,30,0.56,1,1,1
2025-09-23 21:42:10,user_4213,admin,pqc,,India,low,transaction,low,update,0,27,13.51,2,0,0
2025-09-23 21:42:20,user_4214,service,classical,,USA,high,catalog,low,read,0,15,9.86,0,1,0
2025-09-23 21:42:30,user_4215,admin,classical,,EU,high,customer_kyc,high,write,0,19,6.76,1,1,0
2025-09-23 21:42:40,user_4216,guest,pqc,,EU,high,transaction,low,update,0,16,10.7,1,0,1
2025-09-23 21:42:50,user_4217,third_party,classical,65.0,Unknown,medium,logs,low,update,0,19,6.45,0,0,0
2025-09-23 21:43:00,user_4218,service,pqc,,USA,low,transaction,medium,delete,0,21,16.68,0,0,0
2025-09-23 21:43:10,user_4219,third_party,classical,40.0,India,low,customer_kyc,high,delete,0,22,8.12,0,1,1
2025-09-23 21:43:20,user_4220,admin,pqc,,USA,medium,backend_sync,high,write,0,23,20.32,4,0,0
2025-09-23 21:43:30,user_4221,admin,pqc,,India,low,transaction,low,read,0,20,8.61,0,0,0
2025-09-23 21:43:40,user_4222,service,classical,,EU,high,customer_kyc,medium,update,0,20,18.71,1,1,0
2025-09-23 21:43:50,user_4223,guest,classical,,India,medium,customer_kyc,high,read,0,17,5.51,0,1,1
2025-09-23 21:44:00,user_4224,service,pqc,,Unknown,low,backend_sync,low,read,0,22,11.33,1,0,0
2025-09-23 21:44:10,user_4225,guest,pqc,,India,low,catalog,low,read,0,15,6.6,3,1,0
2025-09-23 21:44:20,user_4226,auditor,classical,,USA,high,transaction,high,write,0,22,5.02,2,0,0
2025-09-23 21:44:30,user_4227,third_party,classical,65.0,India,medium,logs,high,read,0,22,6.97,1,1,0
2025-09-23 21:44:40,user_4228,service,pqc,,India,low,backend_sync,high,delete,0,22,14.8,1,0,1
2025-09-23 21:44:50,user_4229,auditor,classical,,EU,medium,catalog,low,update,0,19,6.22,0,1,0
2025-09-23 21:45:00,user_4230,auditor,pqc,,India,medium,transaction,low,update,0,22,7.68,0,1,0
2025-09-23 21:45:10,user_4231,employee,pqc,,USA,medium,catalog,medium,write,0,16,12.03,2,1,0
2025-09-23 21:45:20,user_4232,guest,classical,,Unknown,medium,customer_kyc,low,update,0,25,8.1,0,0,1
2025-09-23 21:45:30,user_4233,auditor,classical,,India,medium,payroll,medium,delete,0,23,10.58,2,1,0
2025-09-23 21:45:40,user_4234,third_party,classical,65.0,USA,high,backend_sync,low,update,0,28,2.71,0,1,0
2025-09-23 21:45:50,user_4235,third_party,classical,65.0,USA,high,transaction,high,delete,0,23,12.12,2,1,0
2025-09-23 21:46:00,user_4236,admin,pqc,,USA,low,backend_sync,medium,update,0,25,6.37,0,0,0
2025-09-23 21:46:10,user_4237,employee,pqc,,EU,low,catalog,medium,read,0,19,11.5,2,0,0
2025-09-23 21:46:20,user_4238,third_party,pqc,92.0,EU,low,payroll,medium,delete,0,16,2.51,1,0,0
2025-09-23 21:46:30,user_4239,auditor,classical,,USA,medium,payroll,low,delete,0,24,7.3,1,1,0
2025-09-23 21:46:40,user_4240,service,classical,,India,medium,logs,medium,write,0,20,14.31,1,1,0
2025-09-23 21:46:50,user_4241,service,pqc,,USA,high,customer_kyc,high,update,0,23,13.47,1,1,0
2025-09-23 21:47:00,user_4242,employee,classical,,India,low,customer_kyc,medium,write,0,15,7.43,1,1,0
2025-09-23 21:47:10,user_4243,employee,classical,,USA,high,logs,low,delete,0,10,8.61,0,0,0
2025-09-23 21:47:20,user_4244,admin,pqc,,USA,low,catalog,high,delete,0,14,8.64,0,0,1
2025-09-23 21:47:30,user_4245,admin,pqc,,India,medium,customer_kyc,high,update,0,13,16.8,1,0,0
2025-09-23 21:47:40,user_4246,auditor,classical,,India,high,backend_sync,high,update,0,15,7.69,1,1,0
2025-09-23 21:47:50,user_4247,third_party,classical,40.0,USA,low,payroll,high,update,0,23,10.27,0,0,1
2025-09-23 21:48:00,user_4248,employee,classical,,EU,low,backend_sync,low,read,0,20,13.51,0,0,0
2025-09-23 21:48:10,user_4249,guest,classical,,EU,low,logs,medium,write,0,22,18.43,1,0,0
2025-09-23 21:48:20,user_4250,auditor,classical,,USA,high,payroll,medium,write,0,25,9.35,2,1,0
2025-09-23 21:48:30,user_4251,service,classical,,Unknown,medium,payroll,low,write,0,19,14.45,0,1,0
2025-09-23 21:48:40,user_4252,admin,classical,,India,high,catalog,low,write,0,16,12.32,0,0,0
2025-09-23 21:48:50,user_4253,admin,classical,,Unknown,low,payroll,low,read,0,14,8.22,1,0,0
2025-09-23 21:49:00,user_4254,service,classical,,India,low,payroll,medium,write,0,23,11.56,2,1,0
2025-09-23 21:49:10,user_4255,employee,pqc,,USA,medium,payroll,low,delete,0,13,13.65,2,0,0
2025-09-23 21:49:20,user_4256,service,pqc,,USA,low,catalog,medium,update,0,22,9.64,0,1,0
2025-09-23 21:49:30,user_4257,employee,pqc,,EU,low,logs,low,write,0,24,1.97,4,0,0
2025-09-23 21:49:40,user_4258,service,pqc,,EU,medium,logs,medium,write,0,9,9.79,2,0,0
2025-09-23 21:49:50,user_4259,service,pqc,,EU,medium,transaction,high,delete,0,19,12.6,0,0,0
2025-09-23 21:50:00,user_4260,auditor,classical,,EU,medium,logs,medium,write,0,24,4.15,1,0,0
2025-09-23 21:50:10,user_4261,guest,pqc,,EU,high,logs,medium,delete,0,24,15.09,0,1,0
2025-09-23 21:50:20,user_4262,third_party,pqc,40.0,Unknown,low,transaction,low,write,144125,20,8.39,2,1,1
2025-09-23 21:50:30,user_4263,auditor,pqc,,India,low,backend_sync,high,read,0,26,3.44,2,1,1
2025-09-23 21:50:40,user_4264,auditor,classical,,India,low,customer_kyc,low,delete,0,11,4.0,2,1,0
2025-09-23 21:50:50,user_4265,guest,classical,,India,medium,backend_sync,high,delete,0,25,0.41,0,0,0
2025-09-23 21:51:00,user_4266,admin,classical,,Unknown,medium,backend_sync,high,update,0,20,14.27,0,1,0
2025-09-23 21:51:10,user_4267,employee,classical,,India,high,catalog,high,update,0,23,8.84,0,1,0
2025-09-23 21:51:20,user_4268,auditor,classical,,Unknown,medium,logs,low,delete,0,21,18.73,2,1,0
2025-09-23 21:51:30,user_4269,auditor,classical,,EU,high,payroll,low,delete,0,23,3.26,2,0,0
2025-09-23 21:51:40,user_4270,admin,pqc,,EU,high,customer_kyc,medium,delete,0,21,15.25,2,0,0
2025-09-23 21:51:50,user_4271,guest,pqc,,Unknown,high,transaction,high,read,0,20,10.25,2,1,1
2025-09-23 21:52:00,user_4272,employee,pqc,,USA,low,payroll,medium,update,0,20,15.5,0,1,0
2025-09-23 21:52:10,user_4273,guest,pqc,,India,low,payroll,low,read,0,19,19.02,1,1,0
2025-09-23 21:52:20,user_4274,guest,pqc,,India,low,customer_kyc,high,update,0,27,9.86,0,0,1
2025-09-23 21:52:30,user_4275,third_party,pqc,65.0,EU,medium,catalog,high,write,0,29,6.54,2,1,0
2025-09-23 21:52:40,user_4276,guest,classical,,EU,high,transaction,high,write,0,13,3.2,2,1,1
2025-09-23 21:52:50,user_4277,auditor,classical,,Unknown,high,logs,medium,write,0,10,9.96,0,0,0
2025-09-23 21:53:00,user_4278,auditor,classical,,Unknown,low,catalog,medium,delete,0,21,12.42,0,1,0
2025-09-23 21:53:10,user_4279,service,pqc,,USA,high,catalog,high,write,0,22,13.85,0,1,0
2025-09-23 21:53:20,user_4280,third_party,pqc,65.0,USA,medium,transaction,high,delete,0,15,15.52,0,0,0
2025-09-23 21:53:30,user_4281,guest,classical,,India,high,backend_sync,low,write,0,13,20.11,2,0,0
2025-09-23 21:53:40,user_4282,guest,classical,,Unknown,low,customer_kyc,medium,update,0,30,10.0,1,1,1
2025-09-23 21:53:50,user_4283,employee,pqc,,USA,low,customer_kyc,low,write,0,26,4.33,1,0,0
2025-09-23 21:54:00,user_4284,admin,pqc,,USA,low,payroll,medium,write,0,21,7.12,3,0,0
2025-09-23 21:54:10,user_4285,third_party,pqc,92.0,Unknown,high,logs,low,update,0,17,3.51,0,0,0
2025-09-23 21:54:20,user_4286,employee,classical,,USA,low,logs,high,update,0,19,12.59,0,1,1
2025-09-23 21:54:30,user_4287,guest,classical,,India,low,backend_sync,medium,delete,0,21,12.05,0,1,0
2025-09-23 21:54:40,user_4288,admin,classical,,USA,high,transaction,high,delete,0,22,15.93,1,1,0
2025-09-23 21:54:50,user_4289,guest,classical,,Unknown,low,transaction,medium,write,99635,25,16.73,1,0,1
2025-09-23 21:55:00,user_4290,admin,pqc,,USA,low,logs,medium,update,0,23,16.02,1,1,0
2025-09-23 21:55:10,user_4291,employee,classical,,EU,medium,payroll,high,read,0,21,12.67,1,0,0
2025-09-23 21:55:20,user_4292,third_party,classical,65.0,Unknown,medium,payroll,medium,write,0,18,8.74,1,1,0
2025-09-23 21:55:30,user_4293,third_party,pqc,65.0,Unknown,medium,catalog,medium,write,0,20,10.11,1,1,0
2025-09-23 21:55:40,user_4294,admin,classical,,USA,high,catalog,medium,read,0,22,7.03,1,1,0
2025-09-23 21:55:50,user_4295,employee,classical,,USA,high,catalog,medium,write,0,25,10.2,1,0,0
2025-09-23 21:56:00,user_4296,employee,classical,,Unknown,medium,transaction,medium,read,0,17,11.81,2,0,0
2025-09-23 21:56:10,user_4297,admin,classical,,India,medium,logs,low,read,0,24,7.38,2,1,0
2025-09-23 21:56:20,user_4298,auditor,classical,,EU,medium,logs,medium,write,0,18,14.8,0,0,0
2025-09-23 21:56:30,user_4299,auditor,classical,,India,high,backend_sync,low,delete,0,15,15.15,1,0,0
2025-09-23 21:56:40,user_4300,third_party,pqc,40.0,Unknown,low,payroll,high,update,0,18,18.15,1,0,1
2025-09-23 21:56:50,user_4301,auditor,pqc,,EU,low,backend_sync,high,delete,0,23,6.71,1,1,1
2025-09-23 21:57:00,user_4302,guest,pqc,,Unknown,low,customer_kyc,medium,delete,0,15,15.34,1,0,1
2025-09-23 21:57:10,user_4303,admin,pqc,,India,high,customer_kyc,high,delete,0,20,14.56,2,0,0
2025-09-23 21:57:20,user_4304,third_party,pqc,40.0,EU,low,customer_kyc,high,update,0,17,17.48,0,1,1
2025-09-23 21:57:30,user_4305,guest,pqc,,EU,medium,logs,low,delete,0,15,8.53,0,0,0
2025-09-23 21:57:40,user_4306,service,pqc,,USA,low,catalog,low,write,0,23,6.67,4,0,0
2025-09-23 21:57:50,user_4307,third_party,pqc,65.0,India,high,transaction,low,update,0,24,18.3,0,1,0
2025-09-23 21:58:00,user_4308,service,pqc,,EU,low,customer_kyc,low,delete,0,18,10.63,1,0,0
2025-09-23 21:58:10,user_4309,guest,pqc,,USA,medium,payroll,low,delete,0,21,6.94,1,0,0
2025-09-23 21:58:20,user_4310,admin,pqc,,Unknown,high,logs,low,delete,0,18,0.72,1,1,0
2025-09-23 21:58:30,user_4311,guest,pqc,,EU,low,customer_kyc,medium,update,0,19,12.02,2,1,1
2025-09-23 21:58:40,user_4312,third_party,classical,65.0,EU,medium,customer_kyc,high,delete,0,20,13.7,0,1,0
2025-09-23 21:58:50,user_4313,service,pqc,,USA,low,catalog,medium,update,0,22,15.03,2,1,0
2025-09-23 21:59:00,user_4314,service,pqc,,Unknown,low,logs,low,update,0,22,14.69,0,1,0
2025-09-23 21:59:10,user_4315,service,classical,,USA,medium,backend_sync,low,write,0,27,8.08,1,1,0
2025-09-23 21:59:20,user_4316,third_party,pqc,65.0,USA,low,transaction,low,write,7165,18,21.39,0,0,0
2025-09-23 21:59:30,user_4317,third_party,pqc,40.0,EU,low,backend_sync,high,update,0,20,8.93,1,1,1
2025-09-23 21:59:40,user_4318,auditor,classical,,USA,medium,transaction,high,delete,92592,17,8.42,1,0,0
2025-09-23 21:59:50,user_4319,third_party,classical,40.0,USA,high,payroll,high,write,0,13,9.29,0,1,1
2025-09-23 22:00:00,user_4320,third_party,classical,65.0,EU,low,payroll,high,write,0,23,8.15,1,1,1
2025-09-23 22:00:10,user_4321,auditor,classical,,USA,high,catalog,high,delete,0,16,5.79,3,0,0
2025-09-23 22:00:20,user_4322,admin,pqc,,India,medium,transaction,low,delete,0,14,8.65,1,1,0
2025-09-23 22:00:30,user_4323,admin,pqc,,India,high,backend_sync,high,delete,0,14,4.98,2,1,0
2025-09-23 22:00:40,user_4324,guest,classical,,Unknown,low,payroll,medium,write,0,16,13.11,0,0,0
2025-09-23 22:00:50,user_4325,auditor,pqc,,Unknown,medium,backend_sync,medium,update,0,14,3.33,1,1,0
2025-09-23 22:01:00,user_4326,third_party,classical,40.0,EU,high,customer_kyc,medium,write,0,23,9.85,0,1,1
2025-09-23 22:01:10,user_4327,auditor,classical,,USA,low,customer_kyc,high,update,0,21,11.66,1,0,1
2025-09-23 22:01:20,user_4328,admin,classical,,India,high,backend_sync,medium,delete,0,16,5.92,1,0,0
2025-09-23 22:01:30,user_4329,third_party,classical,40.0,USA,high,catalog,medium,update,0,26,14.47,0,1,1
2025-09-23 22:01:40,user_4330,third_party,pqc,65.0,EU,low,customer_kyc,high,read,0,14,12.39,0,0,1
2025-09-23 22:01:50,user_4331,auditor,pqc,,EU,medium,catalog,low,update,0,31,10.17,1,1,0
2025-09-23 22:02:00,user_4332,service,pqc,,EU,medium,transaction,medium,write,0,27,9.56,1,0,0
2025-09-23 22:02:10,user_4333,third_party,classical,65.0,Unknown,low,catalog,medium,delete,0,23,0.37,1,0,0
2025-09-23 22:02:20,user_4334,third_party,classical,40.0,India,high,payroll,high,write,0,26,4.54,0,1,1
2025-09-23 22:02:30,user_4335,admin,classical,,India,high,customer_kyc,medium,delete,0,18,13.61,0,1,0
2025-09-23 22:02:40,user_4336,auditor,pqc,,India,low,backend_sync,high,write,0,14,10.56,1,1,1
2025-09-23 22:02:50,user_4337,third_party,pqc,65.0,India,medium,backend_sync,low,read,0,17,24.38,1,0,0
2025-09-23 22:03:00,user_4338,admin,pqc,,USA,high,transaction,medium,update,11703,18,10.36,0,0,0
2025-09-23 22:03:10,user_4339,third_party,classical,40.0,USA,medium,payroll,low,update,0,27,14.11,0,0,1
2025-09-23 22:03:20,user_4340,admin,classical,,USA,low,logs,medium,write,0,18,11.05,1,1,0
2025-09-23 22:03:30,user_4341,auditor,pqc,,India,medium,logs,low,write,0,11,13.25,2,1,0
2025-09-23 22:03:40,user_4342,employee,classical,,India,high,transaction,medium,write,174859,16,8.32,2,1,1
2025-09-23 22:03:50,user_4343,employee,classical,,Unknown,medium,backend_sync,low,update,0,11,9.4,2,1,0
2025-09-23 22:04:00,user_4344,auditor,pqc,,India,low,payroll,low,update,0,12,6.47,0,0,0
2025-09-23 22:04:10,user_4345,admin,classical,,EU,low,transaction,medium,update,0,19,19.84,1,1,0
2025-09-23 22:04:20,user_4346,employee,pqc,,India,high,backend_sync,medium,write,0,17,14.75,3,0,0
2025-09-23 22:04:30,user_4347,service,classical,,EU,low,payroll,low,delete,0,19,17.21,3,1,0
2025-09-23 22:04:40,user_4348,employee,classical,,India,low,customer_kyc,high,update,0,15,1.61,1,1,1
2025-09-23 22:04:50,user_4349,auditor,pqc,,India,high,transaction,medium,read,93594,21,4.9,0,0,0
2025-09-23 22:05:00,user_4350,employee,pqc,,EU,high,transaction,high,write,165614,30,9.16,1,0,1
2025-09-23 22:05:10,user_4351,admin,pqc,,India,high,logs,high,write,0,12,11.96,1,0,0
2025-09-23 22:05:20,user_4352,service,classical,,India,low,catalog,low,write,0,21,13.99,2,0,0
2025-09-23 22:05:30,user_4353,auditor,classical,,India,low,customer_kyc,high,update,0,16,8.91,1,1,1
2025-09-23 22:05:40,user_4354,guest,pqc,,Unknown,high,payroll,medium,delete,0,18,11.86,3,1,0
2025-09-23 22:05:50,user_4355,guest,pqc,,EU,low,payroll,low,write,0,20,10.55,1,1,0
2025-09-23 22:06:00,user_4356,service,pqc,,USA,high,payroll,high,update,0,26,8.92,0,0,0
2025-09-23 22:06:10,user_4357,guest,classical,,Unknown,high,backend_sync,high,write,0,20,2.82,2,1,0
2025-09-23 22:06:20,user_4358,auditor,classical,,USA,high,payroll,medium,write,0,27,10.45,1,1,0
2025-09-23 22:06:30,user_4359,auditor,pqc,,Unknown,low,payroll,low,read,0,21,8.43,0,1,0
2025-09-23 22:06:40,user_4360,auditor,classical,,EU,high,payroll,high,delete,0,22,16.14,0,1,0
2025-09-23 22:06:50,user_4361,auditor,pqc,,Unknown,medium,transaction,low,update,4904,24,2.63,0,1,0
2025-09-23 22:07:00,user_4362,guest,classical,,USA,low,transaction,low,write,172548,20,14.47,4,1,1
2025-09-23 22:07:10,user_4363,third_party,pqc,65.0,India,high,logs,high,delete,0,19,7.4,0,1,0
2025-09-23 22:07:20,user_4364,auditor,pqc,,EU,medium,logs,low,read,0,21,13.14,0,0,0
2025-09-23 22:07:30,user_4365,guest,classical,,EU,medium,catalog,medium,update,0,26,9.75,2,1,0
2025-09-23 22:07:40,user_4366,third_party,pqc,65.0,Unknown,medium,logs,low,write,0,15,19.91,4,1,0
2025-09-23 22:07:50,user_4367,service,classical,,EU,high,payroll,medium,write,0,17,21.96,1,1,0
2025-09-23 22:08:00,user_4368,service,classical,,Unknown,low,catalog,low,read,0,22,11.71,2,0,0
2025-09-23 22:08:10,user_4369,third_party,classical,40.0,USA,medium,logs,low,update,0,31,6.99,0,1,1
2025-09-23 22:08:20,user_4370,guest,pqc,,Unknown,medium,backend_sync,high,delete,0,17,18.59,3,1,0
2025-09-23 22:08:30,user_4371,employee,classical,,USA,medium,backend_sync,medium,read,0,19,3.42,1,0,0
2025-09-23 22:08:40,user_4372,auditor,pqc,,EU,medium,transaction,high,delete,113964,20,5.79,3,1,1
2025-09-23 22:08:50,user_4373,guest,classical,,Unknown,medium,transaction,high,write,0,15,16.67,1,1,1
2025-09-23 22:09:00,user_4374,third_party,pqc,40.0,EU,high,logs,medium,read,0,18,9.87,1,0,1
2025-09-23 22:09:10,user_4375,auditor,classical,,Unknown,low,transaction,high,update,75165,16,17.2,0,1,1
2025-09-23 22:09:20,user_4376,guest,classical,,USA,medium,logs,low,update,0,20,15.58,1,1,0
2025-09-23 22:09:30,user_4377,third_party,classical,92.0,India,medium,payroll,low,write,0,16,17.05,0,1,0
2025-09-23 22:09:40,user_4378,service,pqc,,Unknown,medium,payroll,high,update,0,13,6.07,3,0,0
2025-09-23 22:09:50,user_4379,auditor,classical,,India,low,catalog,low,read,0,25,15.63,2,1,0
2025-09-23 22:10:00,user_4380,employee,classical,,Unknown,high,logs,medium,delete,0,24,6.71,0,1,0
2025-09-23 22:10:10,user_4381,employee,classical,,Unknown,low,customer_kyc,high,delete,0,19,14.07,1,1,1
2025-09-23 22:10:20,user_4382,admin,classical,,India,low,backend_sync,medium,read,0,22,17.69,1,1,0
2025-09-23 22:10:30,user_4383,service,classical,,India,high,logs,medium,write,0,19,5.92,0,0,0
2025-09-23 22:10:40,user_4384,admin,classical,,USA,high,customer_kyc,high,write,0,18,6.33,2,1,0
2025-09-23 22:10:50,user_4385,auditor,classical,,India,low,backend_sync,high,write,0,23,6.37,3,0,1
2025-09-23 22:11:00,user_4386,guest,pqc,,EU,medium,payroll,high,write,0,21,4.88,2,0,0
2025-09-23 22:11:10,user_4387,service,classical,,Unknown,low,customer_kyc,low,read,0,21,5.54,0,0,0
2025-09-23 22:11:20,user_4388,guest,pqc,,USA,medium,payroll,high,delete,0,22,0.05,1,1,0
2025-09-23 22:11:30,user_4389,third_party,pqc,40.0,EU,low,logs,high,read,0,32,5.75,1,0,1
2025-09-23 22:11:40,user_4390,auditor,classical,,EU,medium,customer_kyc,low,delete,0,20,8.32,0,1,0
2025-09-23 22:11:50,user_4391,auditor,pqc,,USA,high,backend_sync,medium,update,0,23,0.16,0,1,0
2025-09-23 22:12:00,user_4392,admin,pqc,,Unknown,low,payroll,high,write,0,19,13.75,1,1,1
2025-09-23 22:12:10,user_4393,guest,pqc,,Unknown,high,catalog,low,update,0,16,6.47,0,0,0
2025-09-23 22:12:20,user_4394,service,pqc,,Unknown,medium,logs,low,write,0,18,2.51,1,1,0
2025-09-23 22:12:30,user_4395,third_party,pqc,40.0,India,medium,logs,medium,write,0,23,21.7,2,1,1
2025-09-23 22:12:40,user_4396,employee,classical,,USA,medium,catalog,medium,update,0,23,12.08,2,0,0
2025-09-23 22:12:50,user_4397,employee,pqc,,India,high,backend_sync,medium,read,0,14,6.32,0,1,0
2025-09-23 22:13:00,user_4398,auditor,pqc,,Unknown,medium,backend_sync,low,read,0,20,8.4,1,0,0
2025-09-23 22:13:10,user_4399,service,classical,,EU,low,customer_kyc,high,write,0,23,2.63,0,1,1
2025-09-23 22:13:20,user_4400,third_party,pqc,92.0,EU,high,transaction,high,delete,61398,11,4.38,2,1,0
2025-09-23 22:13:30,user_4401,admin,pqc,,India,high,payroll,medium,delete,0,29,6.36,1,1,0
2025-09-23 22:13:40,user_4402,service,pqc,,Unknown,low,customer_kyc,high,update,0,25,14.98,0,1,1
2025-09-23 22:13:50,user_4403,auditor,pqc,,USA,low,catalog,low,delete,0,16,4.11,3,1,0
2025-09-23 22:14:00,user_4404,third_party,pqc,40.0,India,high,logs,medium,read,0,21,10.63,0,0,1
2025-09-23 22:14:10,user_4405,third_party,pqc,92.0,Unknown,medium,backend_sync,medium,update,0,16,5.4,1,1,0
2025-09-23 22:14:20,user_4406,employee,classical,,Unknown,high,logs,medium,read,0,24,14.79,3,1,0
2025-09-23 22:14:30,user_4407,third_party,pqc,92.0,EU,medium,logs,high,read,0,21,3.22,4,1,0
2025-09-23 22:14:40,user_4408,employee,classical,,Unknown,medium,logs,medium,read,0,19,0.0,1,1,0
2025-09-23 22:14:50,user_4409,employee,classical,,EU,medium,transaction,low,read,150854,15,17.79,2,0,1
2025-09-23 22:15:00,user_4410,auditor,pqc,,USA,low,transaction,high,write,83994,18,12.9,2,0,1
2025-09-23 22:15:10,user_4411,guest,classical,,USA,high,customer_kyc,high,delete,0,11,9.48,1,1,1
2025-09-23 22:15:20,user_4412,third_party,classical,65.0,EU,medium,backend_sync,low,read,0,19,9.59,1,0,0
2025-09-23 22:15:30,user_4413,employee,classical,,India,high,catalog,high,read,0,21,7.75,2,1,0
2025-09-23 22:15:40,user_4414,admin,classical,,USA,high,customer_kyc,low,read,0,29,9.19,1,1,0
2025-09-23 22:15:50,user_4415,auditor,pqc,,USA,low,catalog,medium,read,0,19,7.63,0,1,0
2025-09-23 22:16:00,user_4416,employee,pqc,,India,low,customer_kyc,medium,delete,0,16,14.09,1,0,0
2025-09-23 22:16:10,user_4417,admin,pqc,,EU,medium,payroll,high,read,0,18,1.91,1,1,0
2025-09-23 22:16:20,user_4418,admin,pqc,,Unknown,low,backend_sync,low,update,0,24,16.21,0,0,0
2025-09-23 22:16:30,user_4419,employee,classical,,Unknown,high,transaction,low,write,0,27,0.64,2,1,0
2025-09-23 22:16:40,user_4420,guest,pqc,,USA,medium,customer_kyc,medium,read,0,19,13.17,0,1,1
2025-09-23 22:16:50,user_4421,third_party,classical,40.0,EU,high,logs,high,read,0,21,12.44,1,0,1
2025-09-23 22:17:00,user_4422,third_party,pqc,65.0,EU,high,customer_kyc,medium,delete,0,20,6.31,1,1,0
2025-09-23 22:17:10,user_4423,third_party,classical,65.0,EU,high,customer_kyc,medium,read,0,26,1.06,0,1,0
2025-09-23 22:17:20,user_4424,auditor,classical,,Unknown,high,logs,medium,update,0,16,11.37,0,1,0
2025-09-23 22:17:30,user_4425,auditor,classical,,Unknown,medium,customer_kyc,high,write,0,29,7.09,1,1,0
2025-09-23 22:17:40,user_4426,service,pqc,,India,high,catalog,low,update,0,23,6.23,1,0,0
2025-09-23 22:17:50,user_4427,admin,classical,,USA,low,backend_sync,medium,delete,0,17,9.37,2,0,0
2025-09-23 22:18:00,user_4428,third_party,classical,92.0,USA,medium,transaction,high,write,0,32,1.28,1,1,0
2025-09-23 22:18:10,user_4429,third_party,classical,40.0,EU,high,logs,high,write,0,19,13.55,2,0,1
2025-09-23 22:18:20,user_4430,admin,pqc,,USA,low,logs,low,update,0,21,10.59,0,0,0
2025-09-23 22:18:30,user_4431,third_party,pqc,92.0,Unknown,high,catalog,low,update,0,16,17.06,1,0,0
2025-09-23 22:18:40,user_4432,admin,classical,,India,high,logs,high,delete,0,16,11.53,0,1,0
2025-09-23 22:18:50,user_4433,third_party,pqc,92.0,USA,low,transaction,low,read,0,21,5.53,0,1,0
2025-09-23 22:19:00,user_4434,admin,classical,,USA,low,logs,low,read,0,21,15.39,1,1,0
2025-09-23 22:19:10,user_4435,admin,classical,,EU,high,logs,medium,update,0,22,17.09,2,0,0
2025-09-23 22:19:20,user_4436,employee,pqc,,EU,high,transaction,medium,delete,186773,16,10.61,1,1,1
2025-09-23 22:19:30,user_4437,employee,pqc,,India,high,payroll,low,update,0,27,10.98,1,0,0
2025-09-23 22:19:40,user_4438,third_party,pqc,92.0,EU,medium,catalog,high,write,0,18,16.56,0,1,0
2025-09-23 22:19:50,user_4439,admin,pqc,,Unknown,high,transaction,high,update,0,17,12.68,0,0,0
2025-09-23 22:20:00,user_4440,employee,pqc,,India,medium,backend_sync,low,update,0,20,0.3,2,1,0
2025-09-23 22:20:10,user_4441,guest,classical,,Unknown,medium,payroll,medium,update,0,16,5.67,0,0,0
2025-09-23 22:20:20,user_4442,auditor,classical,,Unknown,low,customer_kyc,low,write,0,13,10.77,1,0,0
2025-09-23 22:20:30,user_4443,service,classical,,India,low,logs,low,update,0,25,6.73,3,0,0
2025-09-23 22:20:40,user_4444,third_party,classical,40.0,EU,low,backend_sync,high,delete,0,17,14.02,2,0,1
2025-09-23 22:20:50,user_4445,third_party,pqc,40.0,Unknown,high,payroll,low,update,0,26,9.1,0,1,1
2025-09-23 22:21:00,user_4446,admin,pqc,,USA,low,backend_sync,low,update,0,25,17.63,0,1,0
2025-09-23 22:21:10,user_4447,employee,pqc,,EU,medium,catalog,high,delete,0,23,17.77,3,1,0
2025-09-23 22:21:20,user_4448,auditor,classical,,USA,medium,customer_kyc,high,delete,0,17,8.06,0,1,0
2025-09-23 22:21:30,user_4449,third_party,classical,65.0,EU,medium,transaction,low,write,0,20,9.91,0,1,0
2025-09-23 22:21:40,user_4450,service,classical,,India,low,catalog,low,read,0,19,10.86,1,0,0
2025-09-23 22:21:50,user_4451,admin,classical,,Unknown,high,payroll,low,read,0,15,16.22,2,1,0
2025-09-23 22:22:00,user_4452,guest,classical,,India,low,catalog,high,read,0,23,4.5,1,0,1
2025-09-23 22:22:10,user_4453,employee,pqc,,Unknown,low,customer_kyc,low,read,0,27,12.67,0,1,0
2025-09-23 22:22:20,user_4454,service,pqc,,Unknown,medium,catalog,high,read,0,12,20.06,3,1,0
2025-09-23 22:22:30,user_4455,service,pqc,,EU,low,catalog,low,write,0,25,5.89,1,0,0
2025-09-23 22:22:40,user_4456,admin,pqc,,Unknown,low,backend_sync,low,delete,0,22,10.04,0,1,0
2025-09-23 22:22:50,user_4457,third_party,classical,40.0,Unknown,medium,customer_kyc,low,update,0,15,11.02,0,1,1
2025-09-23 22:23:00,user_4458,third_party,classical,92.0,EU,high,transaction,medium,read,97572,25,9.52,1,0,0
2025-09-23 22:23:10,user_4459,service,pqc,,USA,low,payroll,low,write,0,20,3.51,1,1,0
2025-09-23 22:23:20,user_4460,admin,classical,,Unknown,medium,transaction,medium,delete,196823,16,1.78,0,1,1
2025-09-23 22:23:30,user_4461,service,pqc,,EU,medium,payroll,high,write,0,17,8.18,1,0,0
2025-09-23 22:23:40,user_4462,third_party,pqc,65.0,USA,low,catalog,medium,delete,0,17,14.99,2,0,0
2025-09-23 22:23:50,user_4463,auditor,pqc,,USA,high,payroll,high,update,0,17,8.22,2,1,0
2025-09-23 22:24:00,user_4464,guest,pqc,,India,high,logs,high,read,0,24,1.67,1,0,0
2025-09-23 22:24:10,user_4465,guest,classical,,India,low,catalog,medium,delete,0,14,13.52,0,0,0
2025-09-23 22:24:20,user_4466,employee,pqc,,Unknown,high,payroll,high,delete,0,18,8.56,1,0,0
2025-09-23 22:24:30,user_4467,employee,pqc,,EU,low,transaction,high,read,65308,16,8.55,0,0,1
2025-09-23 22:24:40,user_4468,admin,pqc,,Unknown,low,customer_kyc,low,delete,0,24,7.1,2,1,0
2025-09-23 22:24:50,user_4469,employee,classical,,USA,medium,customer_kyc,medium,write,0,17,6.96,0,0,0
2025-09-23 22:25:00,user_4470,employee,pqc,,Unknown,medium,catalog,low,read,0,24,2.72,1,0,0
2025-09-23 22:25:10,user_4471,employee,classical,,Unknown,low,backend_sync,low,write,0,17,15.66,0,1,0
2025-09-23 22:25:20,user_4472,service,pqc,,India,medium,customer_kyc,low,write,0,22,8.87,1,0,0
2025-09-23 22:25:30,user_4473,employee,classical,,India,medium,backend_sync,medium,delete,0,13,6.85,1,1,0
2025-09-23 22:25:40,user_4474,admin,classical,,USA,low,backend_sync,medium,update,0,27,11.72,1,0,0
2025-09-23 22:25:50,user_4475,auditor,pqc,,Unknown,low,backend_sync,medium,delete,0,25,13.78,0,0,0
2025-09-23 22:26:00,user_4476,third_party,pqc,92.0,EU,high,customer_kyc,low,update,0,19,6.7,1,1,0
2025-09-23 22:26:10,user_4477,service,pqc,,EU,medium,customer_kyc,low,read,0,18,8.7,1,0,0
2025-09-23 22:26:20,user_4478,service,pqc,,Unknown,medium,transaction,low,write,0,19,17.31,0,0,0
2025-09-23 22:26:30,user_4479,guest,pqc,,India,low,customer_kyc,medium,update,0,15,5.23,1,1,1
2025-09-23 22:26:40,user_4480,service,pqc,,Unknown,high,payroll,medium,write,0,26,17.18,0,0,0
2025-09-23 22:26:50,user_4481,guest,classical,,Unknown,low,catalog,medium,read,0,18,4.08,0,1,0
2025-09-23 22:27:00,user_4482,auditor,classical,,Unknown,low,logs,high,update,0,16,9.94,1,1,1
2025-09-23 22:27:10,user_4483,admin,classical,,India,high,logs,high,delete,0,20,17.02,1,1,0
2025-09-23 22:27:20,user_4484,auditor,classical,,USA,medium,payroll,high,read,0,21,13.63,0,0,0
2025-09-23 22:27:30,user_4485,admin,classical,,Unknown,low,payroll,low,read,0,17,11.79,1,0,0
2025-09-23 22:27:40,user_4486,employee,classical,,USA,medium,logs,high,update,0,21,19.65,0,0,0
2025-09-23 22:27:50,user_4487,admin,classical,,USA,low,catalog,high,write,0,22,9.73,0,1,1
2025-09-23 22:28:00,user_4488,third_party,pqc,65.0,Unknown,high,backend_sync,high,delete,0,24,8.86,2,0,0
2025-09-23 22:28:10,user_4489,third_party,classical,92.0,USA,medium,logs,medium,delete,0,19,1.14,1,0,0
2025-09-23 22:28:20,user_4490,employee,classical,,EU,medium,backend_sync,medium,delete,0,23,10.61,1,0,0
2025-09-23 22:28:30,user_4491,employee,classical,,USA,high,catalog,high,delete,0,20,16.04,1,0,0
2025-09-23 22:28:40,user_4492,service,pqc,,EU,medium,catalog,medium,read,0,34,9.53,2,1,0
2025-09-23 22:28:50,user_4493,auditor,pqc,,India,low,backend_sync,high,delete,0,19,1.72,1,0,1
2025-09-23 22:29:00,user_4494,employee,classical,,India,medium,payroll,medium,read,0,25,8.26,0,1,0
2025-09-23 22:29:10,user_4495,employee,pqc,,EU,high,logs,low,read,0,15,7.44,2,0,0
2025-09-23 22:29:20,user_4496,admin,classical,,EU,medium,backend_sync,high,delete,0,15,12.12,2,1,0
2025-09-23 22:29:30,user_4497,third_party,classical,65.0,Unknown,low,transaction,low,update,0,22,0.6,1,1,0
2025-09-23 22:29:40,user_4498,auditor,classical,,EU,high,backend_sync,high,delete,0,17,8.91,1,1,0
2025-09-23 22:29:50,user_4499,auditor,classical,,EU,low,logs,low,read,0,20,4.98,0,1,0
2025-09-23 22:30:00,user_4500,third_party,pqc,40.0,India,medium,backend_sync,low,read,0,27,7.84,0,1,1
2025-09-23 22:30:10,user_4501,service,pqc,,EU,low,transaction,low,update,47577,25,5.69,1,0,0
2025-09-23 22:30:20,user_4502,employee,classical,,India,low,backend_sync,high,update,0,20,4.87,0,0,1
2025-09-23 22:30:30,user_4503,guest,pqc,,India,medium,transaction,medium,read,0,26,12.01,2,0,1
2025-09-23 22:30:40,user_4504,guest,pqc,,Unknown,low,payroll,high,read,0,19,8.42,1,1,1
2025-09-23 22:30:50,user_4505,employee,pqc,,USA,high,transaction,high,write,0,18,8.95,2,0,0
2025-09-23 22:31:00,user_4506,third_party,pqc,40.0,India,high,transaction,low,update,81536,18,17.49,1,1,1
2025-09-23 22:31:10,user_4507,third_party,pqc,65.0,USA,low,transaction,low,write,0,22,13.54,0,0,0
2025-09-23 22:31:20,user_4508,service,pqc,,Unknown,low,logs,low,read,0,19,12.66,2,1,0
2025-09-23 22:31:30,user_4509,auditor,pqc,,India,medium,customer_kyc,high,read,0,19,11.6,1,0,0
2025-09-23 22:31:40,user_4510,admin,classical,,EU,high,payroll,medium,write,0,18,5.89,2,0,0
2025-09-23 22:31:50,user_4511,admin,pqc,,Unknown,low,customer_kyc,high,update,0,19,3.75,0,0,1
2025-09-23 22:32:00,user_4512,guest,pqc,,India,low,customer_kyc,high,update,0,28,6.46,2,1,1
2025-09-23 22:32:10,user_4513,employee,pqc,,Unknown,high,backend_sync,high,write,0,17,17.0,2,0,0
2025-09-23 22:32:20,user_4514,employee,pqc,,EU,medium,customer_kyc,high,delete,0,24,3.91,3,1,0
2025-09-23 22:32:30,user_4515,admin,pqc,,Unknown,medium,transaction,medium,write,0,18,7.76,1,1,0
2025-09-23 22:32:40,user_4516,service,pqc,,Unknown,medium,logs,high,delete,0,18,15.2,1,1,0
2025-09-23 22:32:50,user_4517,employee,classical,,India,medium,backend_sync,medium,write,0,16,14.06,1,1,0
2025-09-23 22:33:00,user_4518,service,classical,,India,high,customer_kyc,low,read,0,24,9.31,1,1,0
2025-09-23 22:33:10,user_4519,admin,classical,,Unknown,high,logs,medium,write,0,21,6.71,0,1,0
2025-09-23 22:33:20,user_4520,auditor,classical,,Unknown,medium,logs,high,delete,0,20,3.86,2,0,0
2025-09-23 22:33:30,user_4521,guest,classical,,Unknown,medium,backend_sync,low,write,0,13,10.22,0,1,0
2025-09-23 22:33:40,user_4522,service,classical,,EU,low,backend_sync,high,write,0,17,14.2,2,0,1
2025-09-23 22:33:50,user_4523,third_party,classical,40.0,EU,medium,payroll,low,delete,0,13,8.62,1,0,1
2025-09-23 22:34:00,user_4524,third_party,classical,65.0,USA,high,backend_sync,high,update,0,13,2.21,0,0,0
2025-09-23 22:34:10,user_4525,admin,pqc,,EU,high,transaction,low,delete,0,16,5.53,1,0,0
2025-09-23 22:34:20,user_4526,service,classical,,USA,high,logs,low,delete,0,20,10.71,0,0,0
2025-09-23 22:34:30,user_4527,auditor,classical,,Unknown,low,transaction,medium,delete,0,19,1.76,0,1,0
2025-09-23 22:34:40,user_4528,guest,pqc,,Unknown,high,logs,medium,delete,0,16,8.98,1,1,0
2025-09-23 22:34:50,user_4529,service,pqc,,EU,high,customer_kyc,low,read,0,19,7.13,5,1,0
2025-09-23 22:35:00,user_4530,guest,pqc,,India,low,logs,low,update,0,13,9.7,1,1,0
2025-09-23 22:35:10,user_4531,auditor,classical,,EU,medium,payroll,medium,update,0,18,11.21,0,0,0
2025-09-23 22:35:20,user_4532,employee,classical,,India,low,logs,low,read,0,13,12.67,0,1,0
2025-09-23 22:35:30,user_4533,auditor,classical,,Unknown,high,backend_sync,low,update,0,17,12.62,2,0,0
2025-09-23 22:35:40,user_4534,service,classical,,India,low,catalog,medium,update,0,22,9.31,0,1,0
2025-09-23 22:35:50,user_4535,admin,classical,,Unknown,high,catalog,medium,read,0,18,13.01,1,1,0
2025-09-23 22:36:00,user_4536,service,classical,,USA,high,catalog,high,delete,0,21,17.76,2,0,0
2025-09-23 22:36:10,user_4537,employee,classical,,USA,high,catalog,low,delete,0,23,13.85,0,1,0
2025-09-23 22:36:20,user_4538,admin,classical,,EU,high,backend_sync,low,read,0,14,6.58,1,0,0
2025-09-23 22:36:30,user_4539,guest,classical,,Unknown,high,payroll,low,write,0,21,5.37,0,1,0
2025-09-23 22:36:40,user_4540,auditor,pqc,,USA,high,transaction,high,write,116667,12,10.77,1,1,1
2025-09-23 22:36:50,user_4541,employee,pqc,,EU,high,transaction,medium,write,0,18,7.14,0,0,0
2025-09-23 22:37:00,user_4542,guest,pqc,,EU,high,transaction,medium,update,153427,14,15.74,1,0,1
2025-09-23 22:37:10,user_4543,admin,classical,,India,low,transaction,high,delete,79077,19,18.42,2,0,1
2025-09-23 22:37:20,user_4544,service,classical,,India,high,transaction,low,write,0,13,8.46,2,1,0
2025-09-23 22:37:30,user_4545,admin,classical,,Unknown,high,customer_kyc,low,update,0,16,6.57,0,1,0
2025-09-23 22:37:40,user_4546,admin,pqc,,Unknown,low,catalog,low,write,0,15,23.52,0,0,0
2025-09-23 22:37:50,user_4547,admin,pqc,,Unknown,high,customer_kyc,low,write,0,23,16.93,0,0,0
2025-09-23 22:38:00,user_4548,auditor,classical,,USA,low,catalog,medium,write,0,17,7.35,0,0,0
2025-09-23 22:38:10,user_4549,auditor,pqc,,EU,high,transaction,medium,update,0,13,1.3,0,0,0
2025-09-23 22:38:20,user_4550,auditor,pqc,,India,high,transaction,low,update,0,23,13.54,0,0,0
2025-09-23 22:38:30,user_4551,employee,pqc,,USA,medium,backend_sync,medium,update,0,21,14.78,2,0,0
2025-09-23 22:38:40,user_4552,admin,pqc,,EU,low,backend_sync,high,write,0,11,12.59,0,1,1
2025-09-23 22:38:50,user_4553,third_party,pqc,92.0,EU,low,transaction,medium,delete,187324,25,1.79,3,1,1
2025-09-23 22:39:00,user_4554,third_party,pqc,92.0,Unknown,low,catalog,medium,read,0,22,9.29,0,1,0
2025-09-23 22:39:10,user_4555,third_party,classical,40.0,EU,high,payroll,low,read,0,20,11.19,1,0,1
2025-09-23 22:39:20,user_4556,guest,pqc,,EU,high,logs,low,delete,0,19,7.81,2,0,0
2025-09-23 22:39:30,user_4557,admin,pqc,,USA,high,payroll,medium,update,0,17,12.21,1,1,0
2025-09-23 22:39:40,user_4558,service,pqc,,India,low,backend_sync,medium,write,0,18,19.51,1,1,0
2025-09-23 22:39:50,user_4559,admin,classical,,Unknown,low,backend_sync,medium,update,0,22,9.94,0,0,0
2025-09-23 22:40:00,user_4560,employee,classical,,USA,medium,logs,low,update,0,22,15.77,3,0,0
2025-09-23 22:40:10,user_4561,guest,classical,,USA,high,backend_sync,medium,write,0,26,11.1,1,0,0
2025-09-23 22:40:20,user_4562,auditor,pqc,,USA,low,customer_kyc,high,write,0,21,8.09,1,1,1
2025-09-23 22:40:30,user_4563,admin,pqc,,USA,high,catalog,high,update,0,23,11.33,1,1,0
2025-09-23 22:40:40,user_4564,third_party,classical,65.0,EU,high,backend_sync,medium,read,0,22,10.58,0,0,0
2025-09-23 22:40:50,user_4565,third_party,pqc,40.0,EU,high,backend_sync,medium,update,0,21,9.82,2,1,1
2025-09-23 22:41:00,user_4566,service,pqc,,EU,low,logs,medium,update,0,22,5.17,1,0,0
2025-09-23 22:41:10,user_4567,third_party,pqc,40.0,Unknown,medium,backend_sync,low,write,0,25,5.31,0,0,1
2025-09-23 22:41:20,user_4568,admin,classical,,India,medium,customer_kyc,low,read,0,18,2.21,3,1,0
2025-09-23 22:41:30,user_4569,admin,pqc,,Unknown,high,transaction,high,update,0,29,7.04,1,1,0
2025-09-23 22:41:40,user_4570,auditor,pqc,,India,medium,transaction,high,update,145690,17,14.23,0,1,1
2025-09-23 22:41:50,user_4571,third_party,classical,92.0,Unknown,medium,logs,high,delete,0,24,0.98,0,1,0
2025-09-23 22:42:00,user_4572,auditor,pqc,,India,low,logs,low,delete,0,22,20.19,1,1,0
2025-09-23 22:42:10,user_4573,admin,classical,,India,high,payroll,medium,delete,0,22,16.33,2,0,0
2025-09-23 22:42:20,user_4574,employee,classical,,EU,medium,catalog,high,update,0,16,6.04,2,1,0
2025-09-23 22:42:30,user_4575,employee,classical,,Unknown,high,customer_kyc,medium,delete,0,21,11.7,2,1,0
2025-09-23 22:42:40,user_4576,guest,pqc,,USA,low,backend_sync,high,write,0,19,13.56,1,0,1
2025-09-23 22:42:50,user_4577,auditor,classical,,India,medium,catalog,low,write,0,21,7.86,0,1,0
2025-09-23 22:43:00,user_4578,third_party,classical,92.0,USA,medium,transaction,medium,read,0,20,8.77,2,0,0
2025-09-23 22:43:10,user_4579,admin,pqc,,USA,high,customer_kyc,high,read,0,16,9.43,1,1,0
2025-09-23 22:43:20,user_4580,auditor,pqc,,USA,high,payroll,high,write,0,28,6.64,0,1,0
2025-09-23 22:43:30,user_4581,auditor,classical,,Unknown,high,transaction,high,update,64447,28,5.93,1,1,0
2025-09-23 22:43:40,user_4582,employee,classical,,USA,medium,backend_sync,medium,update,0,18,2.9,1,0,0
2025-09-23 22:43:50,user_4583,service,pqc,,EU,medium,customer_kyc,medium,read,0,24,4.05,0,0,0
2025-09-23 22:44:00,user_4584,employee,classical,,India,medium,logs,high,read,0,16,7.14,0,0,0
2025-09-23 22:44:10,user_4585,guest,classical,,EU,high,catalog,high,delete,0,15,0.35,3,0,0
2025-09-23 22:44:20,user_4586,employee,pqc,,EU,high,transaction,medium,write,0,16,0.08,0,1,0
2025-09-23 22:44:30,user_4587,auditor,classical,,Unknown,medium,backend_sync,high,update,0,17,12.34,0,0,0
2025-09-23 22:44:40,user_4588,guest,pqc,,EU,medium,catalog,high,read,0,32,17.89,1,1,0
2025-09-23 22:44:50,user_4589,admin,pqc,,USA,medium,backend_sync,high,delete,0,18,7.47,1,0,0
2025-09-23 22:45:00,user_4590,guest,pqc,,USA,medium,customer_kyc,medium,update,0,20,4.24,2,0,1
2025-09-23 22:45:10,user_4591,third_party,classical,40.0,USA,high,payroll,high,update,0,23,9.62,2,1,1
2025-09-23 22:45:20,user_4592,admin,classical,,EU,high,customer_kyc,medium,update,0,19,10.31,1,0,0
2025-09-23 22:45:30,user_4593,auditor,classical,,EU,low,backend_sync,low,update,0,17,9.58,0,0,0
2025-09-23 22:45:40,user_4594,guest,classical,,USA,high,catalog,medium,read,0,22,0.8,1,1,0
2025-09-23 22:45:50,user_4595,service,classical,,Unknown,high,logs,medium,update,0,20,5.73,0,0,0
2025-09-23 22:46:00,user_4596,auditor,classical,,USA,low,backend_sync,medium,delete,0,17,11.36,2,1,0
2025-09-23 22:46:10,user_4597,third_party,pqc,40.0,USA,medium,payroll,medium,update,0,13,14.74,4,0,1
2025-09-23 22:46:20,user_4598,admin,pqc,,Unknown,medium,transaction,high,delete,3283,19,13.86,0,0,0
2025-09-23 22:46:30,user_4599,third_party,pqc,65.0,Unknown,high,backend_sync,low,delete,0,18,17.07,1,1,0
2025-09-23 22:46:40,user_4600,employee,pqc,,Unknown,low,customer_kyc,low,update,0,18,7.22,1,1,0
2025-09-23 22:46:50,user_4601,service,pqc,,India,low,transaction,high,read,6803,19,7.74,1,0,1
2025-09-23 22:47:00,user_4602,third_party,classical,40.0,USA,medium,logs,low,write,0,16,9.97,3,1,1
2025-09-23 22:47:10,user_4603,admin,classical,,Unknown,high,payroll,low,write,0,16,14.11,0,0,0
2025-09-23 22:47:20,user_4604,service,pqc,,Unknown,high,catalog,low,write,0,31,19.21,1,1,0
2025-09-23 22:47:30,user_4605,employee,pqc,,India,low,catalog,medium,write,0,12,8.05,2,0,0
2025-09-23 22:47:40,user_4606,service,pqc,,India,high,customer_kyc,medium,read,0,14,9.25,1,0,0
2025-09-23 22:47:50,user_4607,service,pqc,,EU,low,backend_sync,low,update,0,20,12.95,0,1,0
2025-09-23 22:48:00,user_4608,employee,pqc,,USA,high,backend_sync,high,delete,0,20,16.14,0,0,0
2025-09-23 22:48:10,user_4609,third_party,pqc,40.0,Unknown,low,logs,medium,update,0,21,3.19,1,1,1
2025-09-23 22:48:20,user_4610,service,pqc,,Unknown,low,payroll,high,write,0,23,15.49,0,1,1
2025-09-23 22:48:30,user_4611,service,classical,,India,medium,backend_sync,medium,write,0,14,18.28,2,1,0
2025-09-23 22:48:40,user_4612,service,classical,,EU,high,customer_kyc,low,update,0,18,18.15,2,0,0
2025-09-23 22:48:50,user_4613,employee,classical,,EU,medium,backend_sync,high,delete,0,18,9.01,0,1,0
2025-09-23 22:49:00,user_4614,admin,pqc,,Unknown,medium,backend_sync,high,update,0,17,12.02,1,0,0
2025-09-23 22:49:10,user_4615,auditor,pqc,,USA,low,logs,high,read,0,19,11.14,2,0,1
2025-09-23 22:49:20,user_4616,guest,pqc,,EU,low,transaction,high,read,0,24,4.7,2,0,1
2025-09-23 22:49:30,user_4617,service,classical,,EU,high,catalog,low,update,0,23,17.37,1,1,0
2025-09-23 22:49:40,user_4618,guest,pqc,,EU,low,backend_sync,high,delete,0,26,12.85,1,1,1
2025-09-23 22:49:50,user_4619,third_party,pqc,65.0,USA,high,customer_kyc,low,write,0,23,13.11,2,1,0
2025-09-23 22:50:00,user_4620,employee,classical,,Unknown,high,backend_sync,high,delete,0,27,8.7,1,0,0
2025-09-23 22:50:10,user_4621,guest,pqc,,EU,high,logs,high,read,0,17,17.82,1,0,0
2025-09-23 22:50:20,user_4622,employee,pqc,,India,medium,catalog,high,read,0,27,9.46,2,1,0
2025-09-23 22:50:30,user_4623,employee,pqc,,Unknown,low,backend_sync,medium,update,0,16,10.7,2,0,0
2025-09-23 22:50:40,user_4624,third_party,classical,92.0,USA,medium,catalog,high,read,0,29,4.61,0,1,0
2025-09-23 22:50:50,user_4625,employee,classical,,EU,high,payroll,medium,write,0,22,11.3,0,0,0
2025-09-23 22:51:00,user_4626,service,pqc,,India,medium,payroll,high,write,0,20,10.01,1,1,0
2025-09-23 22:51:10,user_4627,third_party,classical,65.0,India,high,payroll,medium,write,0,24,5.86,1,0,0
2025-09-23 22:51:20,user_4628,service,pqc,,USA,high,customer_kyc,low,delete,0,25,3.54,2,1,0
2025-09-23 22:51:30,user_4629,guest,classical,,EU,medium,payroll,low,read,0,14,7.93,4,0,0
2025-09-23 22:51:40,user_4630,guest,classical,,Unknown,high,customer_kyc,high,delete,0,18,22.56,2,0,1
2025-09-23 22:51:50,user_4631,employee,classical,,USA,medium,customer_kyc,high,update,0,17,9.9,1,1,0
2025-09-23 22:52:00,user_4632,admin,classical,,EU,high,transaction,medium,delete,0,23,2.87,2,1,0
2025-09-23 22:52:10,user_4633,auditor,pqc,,India,high,customer_kyc,high,read,0,23,9.37,1,0,0
2025-09-23 22:52:20,user_4634,third_party,classical,92.0,USA,high,catalog,medium,read,0,21,6.08,2,1,0
2025-09-23 22:52:30,user_4635,admin,classical,,India,high,catalog,low,delete,0,14,2.73,0,1,0
2025-09-23 22:52:40,user_4636,service,pqc,,Unknown,medium,logs,low,update,0,33,8.68,1,0,0
2025-09-23 22:52:50,user_4637,guest,pqc,,India,medium,logs,high,update,0,13,10.52,0,1,0
2025-09-23 22:53:00,user_4638,employee,classical,,Unknown,medium,payroll,medium,delete,0,22,6.49,2,0,0
2025-09-23 22:53:10,user_4639,third_party,classical,65.0,Unknown,medium,transaction,low,read,0,25,1.47,0,0,0
2025-09-23 22:53:20,user_4640,auditor,classical,,USA,low,logs,high,update,0,13,1.98,0,1,1
2025-09-23 22:53:30,user_4641,employee,classical,,Unknown,medium,logs,low,write,0,22,8.13,0,1,0
2025-09-23 22:53:40,user_4642,guest,classical,,USA,high,catalog,low,delete,0,19,7.15,3,1,0
2025-09-23 22:53:50,user_4643,auditor,classical,,Unknown,low,backend_sync,low,delete,0,20,0.57,1,1,0
2025-09-23 22:54:00,user_4644,guest,pqc,,Unknown,medium,payroll,high,read,0,20,13.14,1,0,0
2025-09-23 22:54:10,user_4645,third_party,pqc,92.0,Unknown,low,customer_kyc,medium,update,0,17,11.19,1,1,0
2025-09-23 22:54:20,user_4646,guest,classical,,Unknown,low,payroll,medium,write,0,23,10.37,1,1,0
2025-09-23 22:54:30,user_4647,third_party,classical,92.0,India,high,logs,low,write,0,24,12.08,3,1,0
2025-09-23 22:54:40,user_4648,service,pqc,,USA,low,backend_sync,low,write,0,23,9.89,2,1,0
2025-09-23 22:54:50,user_4649,employee,pqc,,India,medium,catalog,high,update,0,17,8.4,1,0,0
2025-09-23 22:55:00,user_4650,third_party,classical,65.0,Unknown,medium,transaction,low,delete,0,18,4.61,3,1,0
2025-09-23 22:55:10,user_4651,service,classical,,India,high,backend_sync,low,write,0,21,17.55,2,1,0
2025-09-23 22:55:20,user_4652,employee,pqc,,Unknown,high,customer_kyc,medium,delete,0,13,14.8,1,1,0
2025-09-23 22:55:30,user_4653,employee,classical,,EU,high,transaction,high,update,121018,22,0.06,1,0,1
2025-09-23 22:55:40,user_4654,auditor,classical,,EU,low,logs,high,update,0,26,19.27,2,1,1
2025-09-23 22:55:50,user_4655,third_party,classical,65.0,India,low,payroll,low,read,0,21,2.76,0,1,0
2025-09-23 22:56:00,user_4656,guest,classical,,Unknown,low,payroll,high,write,0,22,15.56,1,0,1
2025-09-23 22:56:10,user_4657,employee,pqc,,India,high,backend_sync,medium,update,0,21,4.76,0,0,0
2025-09-23 22:56:20,user_4658,employee,pqc,,Unknown,low,payroll,medium,delete,0,19,12.87,3,1,0
2025-09-23 22:56:30,user_4659,admin,pqc,,India,medium,transaction,high,delete,72396,15,12.45,0,0,0
2025-09-23 22:56:40,user_4660,auditor,classical,,EU,medium,transaction,high,update,0,22,12.97,0,1,0
2025-09-23 22:56:50,user_4661,auditor,pqc,,EU,medium,payroll,medium,read,0,24,7.05,1,1,0
2025-09-23 22:57:00,user_4662,employee,pqc,,Unknown,high,transaction,medium,delete,186564,16,10.46,1,1,1
2025-09-23 22:57:10,user_4663,admin,pqc,,USA,medium,payroll,medium,delete,0,25,0.95,0,0,0
2025-09-23 22:57:20,user_4664,guest,classical,,USA,low,backend_sync,medium,update,0,22,4.42,1,0,0
2025-09-23 22:57:30,user_4665,auditor,classical,,Unknown,low,logs,high,read,0,24,8.23,0,1,1
2025-09-23 22:57:40,user_4666,admin,pqc,,EU,medium,customer_kyc,low,update,0,28,7.82,1,0,0
2025-09-23 22:57:50,user_4667,admin,classical,,EU,high,backend_sync,high,write,0,19,8.96,0,0,0
2025-09-23 22:58:00,user_4668,auditor,classical,,India,medium,backend_sync,high,write,0,18,3.13,2,0,0
2025-09-23 22:58:10,user_4669,service,classical,,USA,low,logs,low,update,0,16,15.69,3,1,0
2025-09-23 22:58:20,user_4670,third_party,pqc,92.0,Unknown,high,logs,low,update,0,21,3.76,2,1,0
2025-09-23 22:58:30,user_4671,service,pqc,,Unknown,high,logs,medium,delete,0,21,7.72,2,0,0
2025-09-23 22:58:40,user_4672,guest,classical,,India,medium,backend_sync,low,update,0,14,9.22,2,1,0
2025-09-23 22:58:50,user_4673,third_party,pqc,65.0,Unknown,low,catalog,medium,update,0,21,10.19,0,1,0
2025-09-23 22:59:00,user_4674,third_party,pqc,92.0,USA,medium,catalog,high,update,0,19,19.57,0,0,0
2025-09-23 22:59:10,user_4675,guest,pqc,,EU,low,catalog,medium,update,0,12,4.59,1,1,0
2025-09-23 22:59:20,user_4676,employee,classical,,Unknown,medium,transaction,medium,delete,0,16,7.39,1,1,0
2025-09-23 22:59:30,user_4677,employee,pqc,,USA,medium,backend_sync,medium,write,0,21,6.6,1,0,0
2025-09-23 22:59:40,user_4678,admin,pqc,,India,low,backend_sync,low,update,0,26,11.02,1,0,0
2025-09-23 22:59:50,user_4679,third_party,classical,40.0,Unknown,low,customer_kyc,low,delete,0,24,15.35,0,1,1
2025-09-23 23:00:00,user_4680,admin,classical,,Unknown,medium,customer_kyc,medium,delete,0,25,5.33,1,1,0
2025-09-23 23:00:10,user_4681,employee,classical,,EU,high,transaction,medium,write,0,18,4.78,0,0,0
2025-09-23 23:00:20,user_4682,guest,classical,,EU,high,transaction,high,read,30370,8,15.17,2,0,1
2025-09-23 23:00:30,user_4683,third_party,pqc,40.0,USA,low,payroll,medium,update,0,15,14.5,0,1,1
2025-09-23 23:00:40,user_4684,auditor,pqc,,EU,low,logs,medium,write,0,24,11.88,0,1,0
2025-09-23 23:00:50,user_4685,admin,pqc,,India,medium,customer_kyc,medium,delete,0,9,4.74,0,1,0
2025-09-23 23:01:00,user_4686,auditor,pqc,,EU,medium,transaction,medium,write,171437,23,6.7,2,0,1
2025-09-23 23:01:10,user_4687,service,classical,,USA,medium,catalog,medium,delete,0,19,6.41,2,0,0
2025-09-23 23:01:20,user_4688,service,classical,,USA,low,backend_sync,low,delete,0,19,8.93,0,1,0
2025-09-23 23:01:30,user_4689,admin,pqc,,EU,medium,backend_sync,medium,read,0,24,11.35,2,0,0
2025-09-23 23:01:40,user_4690,guest,classical,,Unknown,high,logs,medium,update,0,23,9.54,1,1,0
2025-09-23 23:01:50,user_4691,third_party,classical,92.0,EU,medium,backend_sync,low,update,0,17,11.38,1,1,0
2025-09-23 23:02:00,user_4692,guest,pqc,,India,medium,payroll,medium,write,0,25,11.96,0,1,0
2025-09-23 23:02:10,user_4693,third_party,classical,92.0,India,high,customer_kyc,low,delete,0,18,14.41,2,0,0
2025-09-23 23:02:20,user_4694,service,pqc,,EU,high,customer_kyc,low,delete,0,17,11.08,1,0,0
2025-09-23 23:02:30,user_4695,admin,classical,,India,medium,backend_sync,high,read,0,17,10.63,2,1,0
2025-09-23 23:02:40,user_4696,auditor,pqc,,EU,medium,backend_sync,medium,delete,0,15,17.98,0,0,0
2025-09-23 23:02:50,user_4697,employee,classical,,India,medium,logs,medium,delete,0,18,7.28,2,0,0
2025-09-23 23:03:00,user_4698,service,classical,,EU,low,logs,high,write,0,25,17.97,0,1,1
2025-09-23 23:03:10,user_4699,employee,classical,,Unknown,high,logs,high,read,0,20,4.81,0,1,0
2025-09-23 23:03:20,user_4700,admin,classical,,India,low,catalog,medium,update,0,17,20.03,2,1,0
2025-09-23 23:03:30,user_4701,admin,pqc,,EU,high,customer_kyc,medium,update,0,18,12.12,2,0,0
2025-09-23 23:03:40,user_4702,auditor,classical,,Unknown,medium,logs,high,write,0,19,8.32,1,0,0
2025-09-23 23:03:50,user_4703,employee,classical,,Unknown,high,customer_kyc,medium,update,0,19,3.66,1,0,0
2025-09-23 23:04:00,user_4704,auditor,classical,,India,high,payroll,high,delete,0,17,8.99,2,1,0
2025-09-23 23:04:10,user_4705,admin,classical,,EU,low,logs,low,write,0,19,22.11,1,0,0
2025-09-23 23:04:20,user_4706,third_party,pqc,65.0,EU,medium,catalog,medium,update,0,18,9.7,3,1,0
2025-09-23 23:04:30,user_4707,third_party,classical,92.0,Unknown,high,catalog,medium,delete,0,20,7.77,0,1,0
2025-09-23 23:04:40,user_4708,auditor,pqc,,India,medium,catalog,high,write,0,24,12.56,2,1,0
2025-09-23 23:04:50,user_4709,third_party,pqc,40.0,India,medium,backend_sync,high,write,0,20,12.95,0,0,1
2025-09-23 23:05:00,user_4710,guest,pqc,,EU,medium,backend_sync,high,write,0,25,9.5,0,0,0
2025-09-23 23:05:10,user_4711,auditor,classical,,India,high,logs,high,write,0,26,9.02,1,0,0
2025-09-23 23:05:20,user_4712,third_party,classical,40.0,Unknown,low,backend_sync,low,update,0,22,13.5,4,0,1
2025-09-23 23:05:30,user_4713,auditor,pqc,,Unknown,high,customer_kyc,low,read,0,19,10.43,0,0,0
2025-09-23 23:05:40,user_4714,guest,classical,,EU,medium,transaction,low,read,39807,24,23.36,3,1,1
2025-09-23 23:05:50,user_4715,guest,classical,,USA,medium,catalog,low,read,0,21,5.56,0,1,0
2025-09-23 23:06:00,user_4716,employee,classical,,India,medium,backend_sync,high,write,0,23,1.3,1,0,0
2025-09-23 23:06:10,user_4717,service,pqc,,USA,low,transaction,high,read,188994,19,7.0,1,1,1
2025-09-23 23:06:20,user_4718,employee,pqc,,USA,high,catalog,medium,update,0,26,6.84,0,1,0
2025-09-23 23:06:30,user_4719,employee,classical,,Unknown,low,transaction,medium,write,0,21,10.93,4,0,0
2025-09-23 23:06:40,user_4720,third_party,classical,65.0,EU,medium,catalog,low,write,0,19,4.58,3,0,0
2025-09-23 23:06:50,user_4721,third_party,classical,92.0,Unknown,low,logs,low,delete,0,19,5.47,1,0,0
2025-09-23 23:07:00,user_4722,guest,classical,,EU,low,logs,high,read,0,16,13.98,1,0,1
2025-09-23 23:07:10,user_4723,admin,classical,,India,low,catalog,high,write,0,12,15.59,0,1,1
2025-09-23 23:07:20,user_4724,guest,pqc,,Unknown,medium,logs,medium,delete,0,27,8.48,1,1,0
2025-09-23 23:07:30,user_4725,guest,pqc,,India,medium,customer_kyc,low,update,0,16,13.01,1,1,1
2025-09-23 23:07:40,user_4726,service,classical,,EU,medium,logs,medium,write,0,14,6.16,0,0,0
2025-09-23 23:07:50,user_4727,employee,pqc,,Unknown,medium,backend_sync,low,delete,0,23,18.22,0,1,0
2025-09-23 23:08:00,user_4728,admin,pqc,,USA,low,catalog,low,write,0,21,11.08,1,1,0
2025-09-23 23:08:10,user_4729,admin,pqc,,USA,medium,customer_kyc,medium,read,0,24,5.38,2,1,0
2025-09-23 23:08:20,user_4730,admin,pqc,,Unknown,low,backend_sync,medium,update,0,16,5.11,0,1,0
2025-09-23 23:08:30,user_4731,guest,pqc,,USA,medium,transaction,high,write,0,19,11.68,0,1,1
2025-09-23 23:08:40,user_4732,service,pqc,,EU,high,payroll,medium,update,0,17,9.27,1,1,0
2025-09-23 23:08:50,user_4733,service,classical,,India,high,payroll,high,write,0,14,13.09,1,0,0
2025-09-23 23:09:00,user_4734,auditor,classical,,USA,medium,logs,medium,update,0,19,9.49,0,0,0
2025-09-23 23:09:10,user_4735,third_party,classical,65.0,EU,medium,catalog,medium,read,0,27,9.19,0,0,0
2025-09-23 23:09:20,user_4736,auditor,classical,,Unknown,medium,customer_kyc,high,write,0,21,5.22,2,1,0
2025-09-23 23:09:30,user_4737,admin,classical,,EU,medium,customer_kyc,high,write,0,15,8.82,1,0,0
2025-09-23 23:09:40,user_4738,admin,classical,,USA,low,customer_kyc,medium,write,0,11,13.75,0,0,0
2025-09-23 23:09:50,user_4739,employee,pqc,,India,high,backend_sync,low,update,0,24,9.16,2,1,0
2025-09-23 23:10:00,user_4740,employee,pqc,,India,medium,catalog,low,update,0,29,14.82,0,0,0
2025-09-23 23:10:10,user_4741,guest,classical,,Unknown,low,customer_kyc,low,update,0,21,11.25,2,1,1
2025-09-23 23:10:20,user_4742,third_party,pqc,65.0,India,high,catalog,low,write,0,23,13.96,0,1,0
2025-09-23 23:10:30,user_4743,third_party,pqc,65.0,Unknown,medium,payroll,medium,write,0,13,12.23,4,0,0
2025-09-23 23:10:40,user_4744,service,pqc,,EU,low,catalog,low,write,0,25,3.71,2,1,0
2025-09-23 23:10:50,user_4745,service,classical,,USA,medium,payroll,high,update,0,26,15.48,1,1,0
2025-09-23 23:11:00,user_4746,employee,pqc,,EU,medium,catalog,low,write,0,20,10.3,2,0,0
2025-09-23 23:11:10,user_4747,employee,pqc,,Unknown,low,customer_kyc,medium,write,0,14,6.16,0,1,0
2025-09-23 23:11:20,user_4748,service,pqc,,EU,medium,transaction,low,update,0,20,3.39,2,0,0
2025-09-23 23:11:30,user_4749,service,classical,,USA,low,logs,medium,delete,0,23,11.28,0,1,0
2025-09-23 23:11:40,user_4750,admin,classical,,USA,high,logs,low,delete,0,16,11.68,2,0,0
2025-09-23 23:11:50,user_4751,guest,classical,,Unknown,low,catalog,high,delete,0,23,1.19,0,1,1
2025-09-23 23:12:00,user_4752,guest,classical,,USA,medium,payroll,medium,read,0,11,4.85,0,0,0
2025-09-23 23:12:10,user_4753,service,pqc,,India,low,catalog,low,update,0,23,8.31,3,1,0
2025-09-23 23:12:20,user_4754,admin,classical,,USA,medium,transaction,low,write,0,21,7.85,0,0,0
2025-09-23 23:12:30,user_4755,guest,classical,,India,high,catalog,low,write,0,12,9.56,1,1,0
2025-09-23 23:12:40,user_4756,third_party,pqc,65.0,India,high,backend_sync,high,delete,0,25,2.0,1,0,0
2025-09-23 23:12:50,user_4757,service,classical,,India,low,customer_kyc,high,read,0,23,10.29,1,0,1
2025-09-23 23:13:00,user_4758,third_party,classical,92.0,India,low,logs,high,read,0,19,5.45,0,0,1
2025-09-23 23:13:10,user_4759,employee,classical,,USA,high,customer_kyc,high,write,0,29,2.25,1,0,0
2025-09-23 23:13:20,user_4760,third_party,classical,92.0,India,medium,transaction,low,write,45030,20,9.97,2,0,0
2025-09-23 23:13:30,user_4761,employee,classical,,India,low,payroll,medium,delete,0,21,3.41,1,0,0
2025-09-23 23:13:40,user_4762,admin,classical,,EU,low,logs,low,read,0,24,10.56,1,0,0
2025-09-23 23:13:50,user_4763,admin,pqc,,Unknown,low,logs,medium,read,0,15,17.56,0,0,0
2025-09-23 23:14:00,user_4764,service,classical,,India,low,payroll,low,read,0,20,11.29,2,1,0
2025-09-23 23:14:10,user_4765,third_party,pqc,65.0,EU,high,logs,medium,write,0,17,6.7,0,0,0
2025-09-23 23:14:20,user_4766,guest,pqc,,India,medium,transaction,medium,update,189424,22,14.64,3,1,1
2025-09-23 23:14:30,user_4767,third_party,classical,92.0,India,medium,backend_sync,high,delete,0,23,7.79,2,0,0
2025-09-23 23:14:40,user_4768,third_party,classical,40.0,EU,high,logs,high,read,0,13,12.42,0,0,1
2025-09-23 23:14:50,user_4769,service,classical,,EU,medium,backend_sync,low,read,0,24,15.21,1,0,0
2025-09-23 23:15:00,user_4770,employee,classical,,India,medium,backend_sync,low,read,0,26,8.6,2,0,0
2025-09-23 23:15:10,user_4771,auditor,classical,,EU,medium,backend_sync,high,write,0,13,7.12,1,0,0
2025-09-23 23:15:20,user_4772,service,pqc,,EU,low,catalog,medium,write,0,16,3.53,2,1,0
2025-09-23 23:15:30,user_4773,employee,classical,,EU,high,customer_kyc,high,read,0,9,8.19,2,1,0
2025-09-23 23:15:40,user_4774,third_party,pqc,92.0,USA,high,payroll,low,write,0,21,21.74,2,1,0
2025-09-23 23:15:50,user_4775,third_party,classical,40.0,India,low,transaction,medium,delete,0,17,13.05,1,1,1
2025-09-23 23:16:00,user_4776,third_party,pqc,92.0,EU,low,transaction,high,update,0,18,11.04,0,1,1
2025-09-23 23:16:10,user_4777,auditor,classical,,Unknown,medium,customer_kyc,high,write,0,20,2.29,1,0,0
2025-09-23 23:16:20,user_4778,admin,pqc,,India,medium,backend_sync,medium,write,0,18,9.63,0,0,0
2025-09-23 23:16:30,user_4779,auditor,classical,,USA,high,transaction,low,update,0,27,6.94,1,1,0
2025-09-23 23:16:40,user_4780,admin,pqc,,USA,medium,transaction,low,update,132544,26,5.44,2,0,1
2025-09-23 23:16:50,user_4781,guest,pqc,,Unknown,medium,catalog,high,write,0,19,11.81,0,1,0
2025-09-23 23:17:00,user_4782,guest,pqc,,Unknown,medium,payroll,medium,read,0,18,3.87,1,0,0
2025-09-23 23:17:10,user_4783,guest,classical,,India,low,catalog,medium,update,0,23,2.37,1,1,0
2025-09-23 23:17:20,user_4784,admin,pqc,,EU,medium,logs,low,read,0,17,19.45,2,0,0
2025-09-23 23:17:30,user_4785,third_party,classical,92.0,Unknown,high,catalog,low,delete,0,24,19.52,1,0,0
2025-09-23 23:17:40,user_4786,guest,classical,,India,high,backend_sync,low,write,0,23,19.07,0,0,0
2025-09-23 23:17:50,user_4787,admin,pqc,,India,high,customer_kyc,high,write,0,16,7.01,1,1,0
2025-09-23 23:18:00,user_4788,admin,pqc,,EU,medium,payroll,high,read,0,17,3.93,2,0,0
2025-09-23 23:18:10,user_4789,auditor,classical,,EU,medium,transaction,medium,update,0,16,19.29,1,1,0
2025-09-23 23:18:20,user_4790,service,pqc,,Unknown,high,backend_sync,high,delete,0,20,11.17,0,0,0
2025-09-23 23:18:30,user_4791,service,pqc,,USA,low,logs,medium,delete,0,28,11.57,4,1,0
2025-09-23 23:18:40,user_4792,employee,classical,,EU,medium,transaction,medium,read,81715,17,11.27,0,0,0
2025-09-23 23:18:50,user_4793,employee,classical,,India,high,transaction,medium,update,184160,19,18.58,0,1,1
2025-09-23 23:19:00,user_4794,service,pqc,,Unknown,medium,catalog,high,update,0,16,19.17,0,0,0
2025-09-23 23:19:10,user_4795,auditor,pqc,,India,high,catalog,high,write,0,21,12.5,2,0,0
2025-09-23 23:19:20,user_4796,third_party,pqc,92.0,USA,medium,transaction,medium,delete,0,17,7.48,0,0,0
2025-09-23 23:19:30,user_4797,guest,classical,,USA,low,logs,high,update,0,17,4.41,1,1,1
2025-09-23 23:19:40,user_4798,guest,classical,,Unknown,medium,backend_sync,high,update,0,17,6.05,1,0,0
2025-09-23 23:19:50,user_4799,service,classical,,India,low,logs,low,write,0,17,1.26,0,1,0
2025-09-23 23:20:00,user_4800,guest,pqc,,EU,medium,backend_sync,low,delete,0,31,18.62,0,0,0
2025-09-23 23:20:10,user_4801,third_party,classical,40.0,EU,high,backend_sync,low,update,0,16,11.0,1,1,1
2025-09-23 23:20:20,user_4802,service,classical,,EU,low,logs,high,write,0,18,6.69,0,1,1
2025-09-23 23:20:30,user_4803,service,pqc,,EU,low,payroll,low,update,0,18,8.23,1,1,0
2025-09-23 23:20:40,user_4804,auditor,pqc,,USA,high,backend_sync,medium,write,0,20,18.78,0,0,0
2025-09-23 23:20:50,user_4805,auditor,pqc,,USA,high,backend_sync,high,read,0,11,7.49,0,1,0
2025-09-23 23:21:00,user_4806,service,pqc,,Unknown,high,customer_kyc,medium,write,0,29,15.03,1,1,0
2025-09-23 23:21:10,user_4807,employee,classical,,USA,high,catalog,low,write,0,16,4.77,0,0,0
2025-09-23 23:21:20,user_4808,admin,pqc,,Unknown,high,customer_kyc,medium,read,0,17,13.11,3,0,0
2025-09-23 23:21:30,user_4809,auditor,classical,,India,medium,catalog,low,write,0,11,4.91,1,1,0
2025-09-23 23:21:40,user_4810,service,pqc,,EU,medium,customer_kyc,medium,write,0,19,10.16,1,1,0
2025-09-23 23:21:50,user_4811,employee,classical,,EU,medium,catalog,high,update,0,17,4.04,0,1,0
2025-09-23 23:22:00,user_4812,auditor,pqc,,USA,low,transaction,low,update,54316,23,1.38,0,1,0
2025-09-23 23:22:10,user_4813,employee,classical,,India,high,catalog,medium,update,0,22,14.28,1,1,0
2025-09-23 23:22:20,user_4814,auditor,pqc,,Unknown,low,logs,high,read,0,15,3.17,2,1,1
2025-09-23 23:22:30,user_4815,employee,pqc,,Unknown,high,payroll,high,update,0,22,9.68,0,0,0
2025-09-23 23:22:40,user_4816,employee,classical,,India,medium,logs,medium,write,0,18,10.37,1,1,0
2025-09-23 23:22:50,user_4817,service,pqc,,USA,high,payroll,low,delete,0,17,4.9,0,0,0
2025-09-23 23:23:00,user_4818,auditor,pqc,,EU,medium,customer_kyc,low,delete,0,17,6.88,1,1,0
2025-09-23 23:23:10,user_4819,service,classical,,USA,high,transaction,high,delete,0,24,5.89,0,1,0
2025-09-23 23:23:20,user_4820,auditor,classical,,EU,medium,catalog,low,write,0,21,14.99,1,0,0
2025-09-23 23:23:30,user_4821,admin,pqc,,Unknown,low,customer_kyc,medium,update,0,16,10.91,3,0,0
2025-09-23 23:23:40,user_4822,admin,classical,,India,high,logs,medium,update,0,28,21.2,1,0,0
2025-09-23 23:23:50,user_4823,service,pqc,,Unknown,high,logs,high,read,0,16,9.33,1,0,0
2025-09-23 23:24:00,user_4824,auditor,pqc,,India,medium,catalog,low,delete,0,17,10.85,1,0,0
2025-09-23 23:24:10,user_4825,service,classical,,Unknown,low,backend_sync,medium,write,0,25,6.99,1,1,0
2025-09-23 23:24:20,user_4826,auditor,classical,,EU,high,payroll,medium,read,0,25,11.29,1,1,0
2025-09-23 23:24:30,user_4827,auditor,classical,,Unknown,high,logs,medium,read,0,28,6.46,1,1,0
2025-09-23 23:24:40,user_4828,guest,classical,,India,high,customer_kyc,medium,read,0,21,22.94,1,0,1
2025-09-23 23:24:50,user_4829,service,classical,,India,medium,transaction,high,update,0,13,9.55,4,1,0
2025-09-23 23:25:00,user_4830,employee,pqc,,EU,low,customer_kyc,high,write,0,13,7.26,1,0,1
2025-09-23 23:25:10,user_4831,guest,pqc,,India,medium,backend_sync,low,update,0,17,6.66,0,0,0
2025-09-23 23:25:20,user_4832,auditor,classical,,Unknown,low,catalog,medium,delete,0,25,5.37,0,1,0
2025-09-23 23:25:30,user_4833,employee,classical,,India,low,transaction,medium,read,73945,22,15.03,2,0,0
2025-09-23 23:25:40,user_4834,auditor,pqc,,India,low,catalog,high,delete,0,25,12.93,0,0,1
2025-09-23 23:25:50,user_4835,employee,pqc,,India,low,logs,low,update,0,12,13.28,0,0,0
2025-09-23 23:26:00,user_4836,guest,pqc,,USA,medium,logs,low,delete,0,16,16.43,0,1,0
2025-09-23 23:26:10,user_4837,employee,pqc,,EU,low,customer_kyc,high,update,0,18,4.4,0,1,1
2025-09-23 23:26:20,user_4838,third_party,pqc,65.0,Unknown,low,payroll,low,write,0,23,12.33,2,1,0
2025-09-23 23:26:30,user_4839,third_party,classical,92.0,Unknown,medium,backend_sync,low,read,0,22,6.12,4,1,0
2025-09-23 23:26:40,user_4840,guest,classical,,USA,low,backend_sync,low,read,0,14,12.43,1,1,0
2025-09-23 23:26:50,user_4841,admin,pqc,,EU,low,transaction,high,update,0,19,12.57,1,0,1
2025-09-23 23:27:00,user_4842,guest,pqc,,Unknown,low,backend_sync,medium,delete,0,20,3.63,1,0,0
2025-09-23 23:27:10,user_4843,guest,pqc,,EU,medium,logs,low,delete,0,24,10.27,0,1,0
2025-09-23 23:27:20,user_4844,admin,pqc,,USA,high,customer_kyc,high,read,0,12,9.99,2,0,0
2025-09-23 23:27:30,user_4845,guest,pqc,,EU,medium,customer_kyc,low,write,0,18,5.47,0,1,1
2025-09-23 23:27:40,user_4846,auditor,pqc,,India,low,transaction,high,update,91500,18,14.3,1,0,1
2025-09-23 23:27:50,user_4847,guest,pqc,,EU,medium,catalog,medium,write,0,15,11.51,0,1,0
2025-09-23 23:28:00,user_4848,employee,pqc,,EU,medium,catalog,low,update,0,17,16.02,3,0,0
2025-09-23 23:28:10,user_4849,third_party,pqc,65.0,USA,medium,catalog,high,delete,0,22,0.52,0,1,0
2025-09-23 23:28:20,user_4850,service,classical,,USA,high,customer_kyc,high,update,0,16,8.58,1,1,0
2025-09-23 23:28:30,user_4851,third_party,pqc,92.0,India,high,backend_sync,medium,update,0,19,15.5,1,0,0
2025-09-23 23:28:40,user_4852,third_party,classical,92.0,USA,low,backend_sync,medium,update,0,20,15.77,0,0,0
2025-09-23 23:28:50,user_4853,guest,pqc,,Unknown,medium,backend_sync,low,read,0,12,10.34,0,0,0
2025-09-23 23:29:00,user_4854,admin,classical,,USA,medium,transaction,medium,read,16427,15,6.0,0,0,0
2025-09-23 23:29:10,user_4855,auditor,classical,,EU,medium,customer_kyc,medium,update,0,27,17.82,0,1,0
2025-09-23 23:29:20,user_4856,auditor,classical,,USA,high,backend_sync,high,delete,0,20,11.47,1,1,0
2025-09-23 23:29:30,user_4857,service,classical,,USA,high,payroll,medium,delete,0,24,0.5,1,0,0
2025-09-23 23:29:40,user_4858,auditor,classical,,Unknown,low,customer_kyc,high,update,0,19,4.68,0,0,1
2025-09-23 23:29:50,user_4859,guest,pqc,,EU,high,catalog,high,write,0,15,19.51,1,1,0
2025-09-23 23:30:00,user_4860,third_party,classical,92.0,India,low,payroll,medium,delete,0,30,13.41,1,1,0
2025-09-23 23:30:10,user_4861,employee,classical,,Unknown,medium,payroll,high,write,0,18,13.88,2,0,0
2025-09-23 23:30:20,user_4862,auditor,classical,,India,medium,transaction,medium,read,0,24,10.88,2,0,0
2025-09-23 23:30:30,user_4863,admin,pqc,,USA,medium,transaction,low,update,66483,25,3.53,1,1,0
2025-09-23 23:30:40,user_4864,admin,classical,,India,low,payroll,high,read,0,18,13.07,0,0,1
2025-09-23 23:30:50,user_4865,third_party,classical,65.0,EU,low,transaction,high,write,128276,8,7.19,1,1,1
2025-09-23 23:31:00,user_4866,third_party,pqc,65.0,Unknown,high,catalog,medium,delete,0,22,8.28,2,1,0
2025-09-23 23:31:10,user_4867,auditor,pqc,,USA,medium,payroll,high,write,0,15,0.63,4,1,0
2025-09-23 23:31:20,user_4868,guest,classical,,USA,low,logs,high,update,0,19,8.78,2,0,1
2025-09-23 23:31:30,user_4869,admin,classical,,EU,medium,payroll,high,update,0,20,13.11,1,1,0
2025-09-23 23:31:40,user_4870,employee,classical,,India,low,payroll,low,write,0,18,9.56,0,0,0
2025-09-23 23:31:50,user_4871,service,classical,,EU,low,transaction,high,update,0,23,17.73,2,1,1
2025-09-23 23:32:00,user_4872,service,pqc,,USA,low,transaction,medium,read,38553,29,6.56,2,1,0
2025-09-23 23:32:10,user_4873,admin,pqc,,EU,medium,transaction,medium,delete,0,17,18.1,0,1,0
2025-09-23 23:32:20,user_4874,service,classical,,USA,medium,payroll,medium,delete,0,23,1.82,2,0,0
2025-09-23 23:32:30,user_4875,admin,pqc,,USA,low,customer_kyc,low,update,0,21,9.18,0,0,0
2025-09-23 23:32:40,user_4876,third_party,pqc,92.0,EU,high,customer_kyc,low,update,0,23,10.63,0,1,0
2025-09-23 23:32:50,user_4877,guest,pqc,,Unknown,high,logs,high,read,0,25,4.8,0,0,0
2025-09-23 23:33:00,user_4878,employee,pqc,,EU,medium,catalog,high,write,0,20,5.39,3,1,0
2025-09-23 23:33:10,user_4879,guest,classical,,USA,low,payroll,low,read,0,20,14.41,0,1,0
2025-09-23 23:33:20,user_4880,guest,pqc,,India,medium,backend_sync,low,update,0,16,14.62,0,0,0
2025-09-23 23:33:30,user_4881,service,pqc,,USA,medium,backend_sync,medium,update,0,24,3.5,3,1,0
2025-09-23 23:33:40,user_4882,auditor,pqc,,EU,high,payroll,high,read,0,16,1.35,0,1,0
2025-09-23 23:33:50,user_4883,admin,pqc,,EU,medium,customer_kyc,low,delete,0,21,11.69,0,1,0
2025-09-23 23:34:00,user_4884,guest,pqc,,USA,medium,catalog,high,read,0,20,7.56,1,1,0
2025-09-23 23:34:10,user_4885,third_party,pqc,65.0,India,high,backend_sync,medium,delete,0,19,11.44,0,0,0
2025-09-23 23:34:20,user_4886,service,classical,,Unknown,medium,customer_kyc,low,update,0,25,11.73,1,0,0
2025-09-23 23:34:30,user_4887,service,classical,,India,high,backend_sync,medium,read,0,17,10.7,2,1,0
2025-09-23 23:34:40,user_4888,third_party,classical,92.0,Unknown,high,logs,low,delete,0,25,13.59,1,0,0
2025-09-23 23:34:50,user_4889,admin,pqc,,India,high,backend_sync,medium,read,0,24,2.18,1,1,0
2025-09-23 23:35:00,user_4890,guest,classical,,India,medium,logs,medium,delete,0,18,12.11,0,1,0
2025-09-23 23:35:10,user_4891,employee,pqc,,USA,medium,backend_sync,high,write,0,13,4.09,0,0,0
2025-09-23 23:35:20,user_4892,guest,pqc,,Unknown,low,payroll,medium,read,0,19,12.73,0,1,0
2025-09-23 23:35:30,user_4893,service,classical,,Unknown,medium,payroll,low,read,0,27,6.98,0,1,0
2025-09-23 23:35:40,user_4894,auditor,pqc,,India,low,logs,medium,delete,0,32,1.21,1,1,0
2025-09-23 23:35:50,user_4895,admin,pqc,,Unknown,low,payroll,medium,read,0,14,7.96,1,0,0
2025-09-23 23:36:00,user_4896,third_party,classical,65.0,Unknown,medium,catalog,low,read,0,14,6.84,0,1,0
2025-09-23 23:36:10,user_4897,auditor,classical,,Unknown,high,transaction,high,write,154881,25,14.33,3,1,1
2025-09-23 23:36:20,user_4898,employee,classical,,EU,medium,logs,high,write,0,17,13.67,1,1,0
2025-09-23 23:36:30,user_4899,third_party,pqc,40.0,India,low,customer_kyc,high,write,0,15,4.27,2,1,1
2025-09-23 23:36:40,user_4900,guest,pqc,,USA,low,backend_sync,medium,delete,0,14,16.9,1,1,0
2025-09-23 23:36:50,user_4901,guest,pqc,,Unknown,low,customer_kyc,high,delete,0,21,7.74,2,0,1
2025-09-23 23:37:00,user_4902,admin,pqc,,EU,medium,backend_sync,high,update,0,20,21.75,2,0,0
2025-09-23 23:37:10,user_4903,third_party,classical,65.0,EU,medium,payroll,low,read,0,20,16.35,1,1,0
2025-09-23 23:37:20,user_4904,employee,classical,,India,high,customer_kyc,medium,update,0,25,9.79,1,1,0
2025-09-23 23:37:30,user_4905,guest,classical,,India,medium,catalog,high,read,0,20,9.91,1,0,0
2025-09-23 23:37:40,user_4906,guest,pqc,,EU,medium,backend_sync,low,read,0,11,4.8,1,1,0
2025-09-23 23:37:50,user_4907,service,pqc,,EU,medium,transaction,medium,write,0,22,6.04,0,0,0
2025-09-23 23:38:00,user_4908,third_party,classical,65.0,USA,medium,catalog,high,update,0,16,0.01,1,1,0
2025-09-23 23:38:10,user_4909,auditor,pqc,,USA,high,payroll,low,update,0,35,7.7,1,0,0
2025-09-23 23:38:20,user_4910,admin,pqc,,India,low,transaction,high,write,0,26,2.52,2,0,1
2025-09-23 23:38:30,user_4911,employee,classical,,USA,low,customer_kyc,low,delete,0,22,4.31,0,1,0
2025-09-23 23:38:40,user_4912,service,pqc,,EU,low,logs,high,write,0,19,6.5,1,1,1
2025-09-23 23:38:50,user_4913,third_party,classical,92.0,India,low,payroll,low,write,0,19,5.69,0,0,0
2025-09-23 23:39:00,user_4914,guest,classical,,Unknown,low,backend_sync,low,update,0,15,8.17,0,1,0
2025-09-23 23:39:10,user_4915,employee,classical,,USA,high,backend_sync,low,read,0,17,0.74,1,0,0
2025-09-23 23:39:20,user_4916,admin,classical,,India,medium,catalog,low,read,0,22,11.32,0,0,0
2025-09-23 23:39:30,user_4917,service,pqc,,Unknown,medium,catalog,high,delete,0,22,21.84,0,1,0
2025-09-23 23:39:40,user_4918,third_party,classical,65.0,India,low,customer_kyc,high,delete,0,18,6.43,1,1,1
2025-09-23 23:39:50,user_4919,auditor,classical,,EU,high,backend_sync,medium,read,0,21,11.49,2,0,0
2025-09-23 23:40:00,user_4920,service,pqc,,India,high,catalog,medium,write,0,16,4.88,0,1,0
2025-09-23 23:40:10,user_4921,service,classical,,India,low,customer_kyc,high,update,0,22,8.31,0,1,1
2025-09-23 23:40:20,user_4922,employee,pqc,,USA,medium,catalog,high,update,0,16,8.95,0,0,0
2025-09-23 23:40:30,user_4923,service,classical,,India,medium,catalog,low,delete,0,23,14.58,0,0,0
2025-09-23 23:40:40,user_4924,third_party,classical,65.0,EU,low,catalog,medium,write,0,21,16.9,1,1,0
2025-09-23 23:40:50,user_4925,guest,classical,,USA,high,backend_sync,low,write,0,20,6.65,3,0,0
2025-09-23 23:41:00,user_4926,admin,classical,,USA,high,logs,low,delete,0,13,10.56,2,1,0
2025-09-23 23:41:10,user_4927,third_party,pqc,40.0,USA,low,transaction,high,delete,23255,14,9.39,1,1,1
2025-09-23 23:41:20,user_4928,third_party,pqc,40.0,USA,high,payroll,high,write,0,17,10.3,2,1,1
2025-09-23 23:41:30,user_4929,admin,pqc,,USA,low,payroll,low,read,0,19,8.7,1,0,0
2025-09-23 23:41:40,user_4930,guest,pqc,,USA,low,logs,high,update,0,18,12.23,0,1,1
2025-09-23 23:41:50,user_4931,third_party,pqc,40.0,Unknown,medium,transaction,low,write,141523,25,20.51,0,1,1
2025-09-23 23:42:00,user_4932,service,pqc,,India,low,transaction,low,read,183829,15,10.59,2,1,1
2025-09-23 23:42:10,user_4933,service,pqc,,Unknown,low,customer_kyc,high,write,0,20,12.64,0,1,1
2025-09-23 23:42:20,user_4934,guest,classical,,Unknown,high,transaction,low,update,0,19,5.51,0,1,1
2025-09-23 23:42:30,user_4935,admin,pqc,,Unknown,high,payroll,medium,write,0,18,6.35,5,1,0
2025-09-23 23:42:40,user_4936,admin,pqc,,India,medium,customer_kyc,high,write,0,21,4.98,0,0,0
2025-09-23 23:42:50,user_4937,employee,classical,,India,high,customer_kyc,high,delete,0,16,13.23,0,1,0
2025-09-23 23:43:00,user_4938,third_party,pqc,40.0,EU,medium,customer_kyc,high,write,0,26,10.88,0,1,1
2025-09-23 23:43:10,user_4939,employee,pqc,,USA,low,customer_kyc,medium,update,0,13,10.1,1,1,0
2025-09-23 23:43:20,user_4940,third_party,classical,65.0,Unknown,low,transaction,low,read,107333,17,12.8,0,1,1
2025-09-23 23:43:30,user_4941,auditor,classical,,Unknown,medium,catalog,high,update,0,16,8.75,1,1,0
2025-09-23 23:43:40,user_4942,third_party,pqc,65.0,EU,low,customer_kyc,high,delete,0,17,6.02,0,0,1
2025-09-23 23:43:50,user_4943,guest,pqc,,USA,medium,payroll,low,delete,0,21,7.69,0,0,0
2025-09-23 23:44:00,user_4944,service,classical,,USA,low,payroll,medium,read,0,18,16.4,0,0,0
2025-09-23 23:44:10,user_4945,employee,pqc,,EU,high,customer_kyc,low,write,0,21,13.67,1,1,0
2025-09-23 23:44:20,user_4946,third_party,classical,40.0,USA,medium,catalog,low,read,0,16,10.89,1,0,1
2025-09-23 23:44:30,user_4947,guest,pqc,,India,medium,transaction,high,update,0,19,14.74,3,1,1
2025-09-23 23:44:40,user_4948,guest,pqc,,India,high,transaction,high,read,10154,18,9.92,1,0,1
2025-09-23 23:44:50,user_4949,guest,pqc,,USA,medium,catalog,low,write,0,15,14.13,0,1,0
2025-09-23 23:45:00,user_4950,service,pqc,,USA,high,catalog,low,write,0,19,1.9,1,0,0
2025-09-23 23:45:10,user_4951,guest,pqc,,India,high,transaction,low,update,151795,13,15.11,1,1,1
2025-09-23 23:45:20,user_4952,admin,classical,,EU,high,customer_kyc,high,update,0,25,18.8,2,1,0
2025-09-23 23:45:30,user_4953,employee,pqc,,EU,medium,backend_sync,high,read,0,15,10.33,2,0,0
2025-09-23 23:45:40,user_4954,guest,classical,,EU,medium,payroll,medium,read,0,15,7.58,0,1,0
2025-09-23 23:45:50,user_4955,employee,pqc,,India,high,logs,low,delete,0,19,17.16,2,0,0
2025-09-23 23:46:00,user_4956,service,classical,,EU,high,payroll,low,delete,0,22,17.3,0,1,0
2025-09-23 23:46:10,user_4957,third_party,pqc,40.0,Unknown,high,backend_sync,medium,write,0,21,6.74,0,1,1
2025-09-23 23:46:20,user_4958,admin,classical,,USA,high,backend_sync,high,delete,0,20,7.94,0,0,0
2025-09-23 23:46:30,user_4959,guest,pqc,,USA,medium,backend_sync,low,write,0,15,8.51,2,0,0
2025-09-23 23:46:40,user_4960,guest,classical,,EU,medium,customer_kyc,high,write,0,30,7.38,0,1,1
2025-09-23 23:46:50,user_4961,service,classical,,EU,medium,catalog,high,write,0,20,6.14,1,0,0
2025-09-23 23:47:00,user_4962,third_party,classical,92.0,USA,medium,payroll,high,update,0,24,8.57,1,0,0
2025-09-23 23:47:10,user_4963,employee,classical,,India,medium,payroll,medium,read,0,12,8.9,0,1,0
2025-09-23 23:47:20,user_4964,third_party,pqc,40.0,Unknown,medium,catalog,high,write,0,24,10.07,2,0,1
2025-09-23 23:47:30,user_4965,admin,classical,,India,high,payroll,medium,update,0,20,6.5,0,1,0
2025-09-23 23:47:40,user_4966,auditor,classical,,USA,low,payroll,high,write,0,29,11.31,3,0,1
2025-09-23 23:47:50,user_4967,employee,pqc,,India,medium,catalog,medium,delete,0,15,15.39,1,0,0
2025-09-23 23:48:00,user_4968,guest,classical,,USA,low,catalog,low,write,0,21,7.97,0,1,0
2025-09-23 23:48:10,user_4969,auditor,pqc,,Unknown,high,customer_kyc,medium,update,0,23,10.44,1,1,0
2025-09-23 23:48:20,user_4970,third_party,pqc,65.0,USA,high,backend_sync,low,update,0,19,8.65,2,0,0
2025-09-23 23:48:30,user_4971,third_party,pqc,65.0,EU,medium,catalog,low,update,0,15,5.45,0,0,0
2025-09-23 23:48:40,user_4972,auditor,classical,,Unknown,low,payroll,low,read,0,25,7.89,0,0,0
2025-09-23 23:48:50,user_4973,guest,pqc,,India,high,transaction,medium,delete,0,26,9.42,1,0,1
2025-09-23 23:49:00,user_4974,guest,pqc,,India,medium,catalog,medium,update,0,22,3.16,2,1,0
2025-09-23 23:49:10,user_4975,third_party,classical,40.0,USA,high,backend_sync,medium,read,0,25,15.13,0,0,1
2025-09-23 23:49:20,user_4976,guest,classical,,India,low,customer_kyc,medium,delete,0,12,11.39,1,1,1
2025-09-23 23:49:30,user_4977,service,classical,,EU,medium,logs,low,delete,0,13,11.65,2,0,0
2025-09-23 23:49:40,user_4978,employee,pqc,,USA,medium,customer_kyc,low,write,0,24,10.23,1,0,0
2025-09-23 23:49:50,user_4979,guest,classical,,EU,medium,payroll,medium,write,0,27,7.53,0,1,0
2025-09-23 23:50:00,user_4980,auditor,pqc,,India,medium,transaction,medium,update,190390,15,16.7,1,0,1
2025-09-23 23:50:10,user_4981,third_party,classical,40.0,India,low,customer_kyc,high,update,0,24,8.13,1,0,1
2025-09-23 23:50:20,user_4982,third_party,classical,92.0,Unknown,high,backend_sync,low,delete,0,22,9.01,1,1,0
2025-09-23 23:50:30,user_4983,guest,pqc,,USA,medium,catalog,low,write,0,18,11.43,0,0,0
2025-09-23 23:50:40,user_4984,service,pqc,,India,high,backend_sync,low,update,0,25,15.65,0,1,0
2025-09-23 23:50:50,user_4985,third_party,pqc,92.0,EU,medium,payroll,high,write,0,25,7.98,1,0,0
2025-09-23 23:51:00,user_4986,employee,pqc,,India,low,customer_kyc,low,write,0,25,9.43,1,0,0
2025-09-23 23:51:10,user_4987,guest,classical,,Unknown,high,logs,high,update,0,21,10.36,2,0,0
2025-09-23 23:51:20,user_4988,guest,pqc,,USA,medium,logs,medium,read,0,25,14.45,0,0,0
2025-09-23 23:51:30,user_4989,auditor,classical,,India,medium,transaction,high,write,92004,25,11.42,1,0,0
2025-09-23 23:51:40,user_4990,admin,classical,,EU,low,customer_kyc,medium,delete,0,19,11.79,0,0,0
2025-09-23 23:51:50,user_4991,auditor,pqc,,India,medium,catalog,low,delete,0,16,3.29,0,1,0
2025-09-23 23:52:00,user_4992,third_party,classical,40.0,Unknown,low,payroll,low,delete,0,20,1.51,1,0,1
2025-09-23 23:52:10,user_4993,admin,classical,,EU,low,logs,high,delete,0,22,14.23,2,0,1
2025-09-23 23:52:20,user_4994,guest,pqc,,USA,medium,logs,low,write,0,15,8.09,1,1,0
2025-09-23 23:52:30,user_4995,third_party,pqc,92.0,India,low,backend_sync,low,write,0,12,8.54,3,0,0
2025-09-23 23:52:40,user_4996,guest,classical,,USA,low,catalog,high,update,0,11,3.49,4,1,1
2025-09-23 23:52:50,user_4997,third_party,classical,92.0,Unknown,high,transaction,medium,write,5311,23,10.9,1,1,0
2025-09-23 23:53:00,user_4998,admin,classical,,Unknown,high,backend_sync,medium,write,0,9,9.06,0,0,0
2025-09-23 23:53:10,user_4999,employee,classical,,Unknown,medium,payroll,high,update,0,24,4.92,1,1,0
