timestamp,user_id,role,crypto_mode,vendor_reputation,geo_location,device_trust_level,resource_type,sensitivity_level,action,transaction_amount,frequency,payload_size,failed_login_attempts,geo_location_change,label
2025-09-23 09:00:00,user_0,third_party,classical,65.0,India,medium,backend_sync,high,delete,0,21,3.67,0,1,0
2025-09-23 09:00:05,user_1,auditor,pqc,,India,medium,transaction,high,read,78663,20,14.11,1,1,0
2025-09-23 09:00:10,user_2,admin,classical,,EU,medium,backend_sync,high,write,0,21,6.3,2,0,0
2025-09-23 09:00:15,user_3,service,pqc,,Unknown,medium,catalog,low,update,0,20,2.64,1,0,0
2025-09-23 09:00:20,user_4,third_party,pqc,65.0,EU,low,logs,medium,update,0,14,17.38,0,0,0
2025-09-23 09:00:25,user_5,guest,pqc,,India,low,catalog,low,update,0,33,18.8,2,1,0
2025-09-23 09:00:30,user_6,admin,pqc,,India,low,transaction,medium,read,0,28,8.87,0,1,0
2025-09-23 09:00:35,user_7,auditor,classical,,USA,high,logs,medium,read,0,10,4.64,0,1,0
2025-09-23 09:00:40,user_8,auditor,classical,,EU,low,transaction,medium,update,158959,28,18.92,0,0,1
2025-09-23 09:00:45,user_9,service,pqc,,EU,high,customer_kyc,medium,write,0,14,11.28,1,0,0
2025-09-23 09:00:50,user_10,employee,pqc,,EU,high,transaction,low,read,0,17,10.43,1,0,0
2025-09-23 09:00:55,user_11,service,pqc,,USA,high,backend_sync,low,write,0,13,10.98,3,0,0
2025-09-23 09:01:00,user_12,third_party,pqc,40.0,USA,high,transaction,low,update,0,15,13.71,1,1,1
2025-09-23 09:01:05,user_13,employee,classical,,EU,low,backend_sync,high,read,0,17,13.52,1,1,1
2025-09-23 09:01:10,user_14,service,classical,,India,medium,transaction,high,read,1885,15,3.38,0,1,0
2025-09-23 09:01:15,user_15,employee,pqc,,USA,high,payroll,medium,write,0,19,15.12,1,1,0
2025-09-23 09:01:20,user_16,auditor,pqc,,India,high,logs,low,delete,0,20,5.55,1,0,0
2025-09-23 09:01:25,user_17,service,classical,,India,low,transaction,medium,update,9075,21,7.07,0,0,0
2025-09-23 09:01:30,user_18,auditor,classical,,Unknown,high,transaction,medium,delete,141262,19,0.67,1,1,1
2025-09-23 09:01:35,user_19,admin,pqc,,India,low,customer_kyc,high,update,0,25,0.7,0,0,1
2025-09-23 09:01:40,user_20,auditor,classical,,Unknown,high,backend_sync,medium,update,0,22,4.1,0,1,0
2025-09-23 09:01:45,user_21,service,pqc,,Unknown,high,logs,medium,delete,0,13,14.49,2,1,0
2025-09-23 09:01:50,user_22,guest,pqc,,India,low,catalog,high,write,0,16,7.67,1,0,1
2025-09-23 09:01:55,user_23,auditor,pqc,,Unknown,high,customer_kyc,medium,update,0,17,7.14,1,1,0
2025-09-23 09:02:00,user_24,guest,pqc,,Unknown,high,logs,medium,update,0,10,12.05,0,0,0
2025-09-23 09:02:05,user_25,service,classical,,Unknown,low,customer_kyc,low,write,0,21,17.42,0,0,0
2025-09-23 09:02:10,user_26,third_party,classical,92.0,India,low,catalog,high,update,0,20,14.73,2,0,1
2025-09-23 09:02:15,user_27,employee,classical,,India,medium,backend_sync,medium,write,0,20,8.85,0,1,0
2025-09-23 09:02:20,user_28,employee,pqc,,Unknown,high,customer_kyc,low,update,0,14,12.42,1,0,0
2025-09-23 09:02:25,user_29,guest,pqc,,EU,low,customer_kyc,medium,write,0,20,14.99,0,0,1
2025-09-23 09:02:30,user_30,auditor,pqc,,Unknown,medium,customer_kyc,high,update,0,23,8.88,0,1,0
2025-09-23 09:02:35,user_31,guest,classical,,India,high,catalog,medium,update,0,19,4.83,0,0,0
2025-09-23 09:02:40,user_32,guest,pqc,,India,low,catalog,high,write,0,20,6.46,0,1,1
2025-09-23 09:02:45,user_33,third_party,classical,40.0,USA,high,customer_kyc,low,delete,0,17,18.07,2,0,1
2025-09-23 09:02:50,user_34,guest,pqc,,EU,high,logs,low,update,0,21,12.34,1,0,0
2025-09-23 09:02:55,user_35,auditor,classical,,Unknown,medium,customer_kyc,medium,update,0,22,10.77,2,0,0
2025-09-23 09:03:00,user_36,guest,classical,,EU,low,payroll,low,read,0,16,4.63,0,0,0
2025-09-23 09:03:05,user_37,guest,pqc,,India,low,catalog,high,read,0,22,4.17,0,1,1
2025-09-23 09:03:10,user_38,guest,pqc,,EU,medium,customer_kyc,high,read,0,24,9.36,2,1,1
2025-09-23 09:03:15,user_39,guest,pqc,,India,high,transaction,medium,update,0,29,4.56,3,1,1
2025-09-23 09:03:20,user_40,employee,pqc,,Unknown,high,payroll,high,write,0,19,10.91,1,1,0
2025-09-23 09:03:25,user_41,third_party,pqc,40.0,EU,low,payroll,medium,delete,0,22,17.22,0,1,1
2025-09-23 09:03:30,user_42,admin,classical,,EU,high,catalog,low,delete,0,23,11.19,2,0,0
2025-09-23 09:03:35,user_43,third_party,pqc,65.0,EU,medium,customer_kyc,low,delete,0,23,6.17,1,1,0
2025-09-23 09:03:40,user_44,service,pqc,,Unknown,high,catalog,low,delete,0,24,7.03,1,0,0
2025-09-23 09:03:45,user_45,auditor,pqc,,EU,medium,catalog,high,delete,0,24,9.72,1,0,0
2025-09-23 09:03:50,user_46,admin,classical,,Unknown,low,payroll,high,delete,0,19,7.75,1,0,1
2025-09-23 09:03:55,user_47,service,pqc,,USA,high,payroll,high,read,0,20,16.78,1,0,0
2025-09-23 09:04:00,user_48,guest,classical,,USA,low,transaction,medium,update,72144,24,9.33,1,0,1
2025-09-23 09:04:05,user_49,admin,classical,,USA,medium,payroll,medium,update,0,21,12.79,1,0,0
2025-09-23 09:04:10,user_50,guest,pqc,,EU,high,payroll,high,write,0,18,17.63,2,0,0
2025-09-23 09:04:15,user_51,auditor,classical,,EU,low,transaction,medium,read,0,13,12.06,1,1,0
2025-09-23 09:04:20,user_52,employee,pqc,,Unknown,medium,backend_sync,high,read,0,14,15.17,0,0,0
2025-09-23 09:04:25,user_53,admin,pqc,,EU,low,logs,high,write,0,24,8.1,1,0,1
2025-09-23 09:04:30,user_54,admin,classical,,India,low,payroll,low,delete,0,21,2.7,1,1,0
2025-09-23 09:04:35,user_55,service,classical,,Unknown,high,customer_kyc,medium,update,0,23,7.54,1,0,0
2025-09-23 09:04:40,user_56,auditor,classical,,EU,high,catalog,low,read,0,23,3.78,1,1,0
2025-09-23 09:04:45,user_57,auditor,pqc,,EU,low,logs,high,read,0,16,1.07,1,1,1
2025-09-23 09:04:50,user_58,admin,pqc,,Unknown,medium,payroll,medium,update,0,16,10.44,3,1,0
2025-09-23 09:04:55,user_59,third_party,classical,65.0,Unknown,medium,customer_kyc,high,delete,0,23,0.09,0,1,0
2025-09-23 09:05:00,user_60,service,pqc,,Unknown,low,customer_kyc,high,delete,0,13,10.29,0,0,1
2025-09-23 09:05:05,user_61,guest,pqc,,USA,medium,backend_sync,high,write,0,15,18.73,1,1,0
2025-09-23 09:05:10,user_62,guest,classical,,USA,low,payroll,high,update,0,16,0.79,1,0,1
2025-09-23 09:05:15,user_63,third_party,classical,65.0,Unknown,high,backend_sync,low,delete,0,19,7.25,1,1,0
2025-09-23 09:05:20,user_64,guest,classical,,USA,high,customer_kyc,low,read,0,20,8.93,1,0,1
2025-09-23 09:05:25,user_65,guest,classical,,USA,high,logs,medium,update,0,22,14.92,1,1,0
2025-09-23 09:05:30,user_66,guest,classical,,EU,medium,customer_kyc,high,update,0,20,8.17,0,0,1
2025-09-23 09:05:35,user_67,admin,pqc,,EU,high,backend_sync,low,write,0,22,12.69,4,1,0
2025-09-23 09:05:40,user_68,service,classical,,USA,low,payroll,low,read,0,19,15.44,2,1,0
2025-09-23 09:05:45,user_69,third_party,pqc,40.0,USA,low,payroll,high,read,0,26,14.38,1,1,1
2025-09-23 09:05:50,user_70,guest,pqc,,USA,high,payroll,low,write,0,24,6.44,0,0,0
2025-09-23 09:05:55,user_71,service,pqc,,USA,medium,payroll,low,delete,0,21,6.1,0,0,0
2025-09-23 09:06:00,user_72,employee,classical,,Unknown,low,transaction,medium,write,0,22,8.91,0,1,0
2025-09-23 09:06:05,user_73,service,pqc,,Unknown,low,catalog,medium,read,0,22,7.36,1,1,0
2025-09-23 09:06:10,user_74,admin,pqc,,USA,medium,logs,medium,write,0,22,15.62,1,1,0
2025-09-23 09:06:15,user_75,third_party,classical,92.0,Unknown,low,transaction,high,write,134248,19,8.26,4,0,1
2025-09-23 09:06:20,user_76,employee,pqc,,India,low,customer_kyc,low,read,0,19,13.79,2,0,0
2025-09-23 09:06:25,user_77,service,pqc,,Unknown,low,customer_kyc,medium,update,0,29,12.62,2,0,0
2025-09-23 09:06:30,user_78,auditor,pqc,,Unknown,low,catalog,low,write,0,20,13.2,1,1,0
2025-09-23 09:06:35,user_79,auditor,pqc,,Unknown,medium,backend_sync,low,write,0,17,10.95,1,0,0
2025-09-23 09:06:40,user_80,admin,pqc,,Unknown,high,catalog,high,update,0,18,3.03,0,1,0
2025-09-23 09:06:45,user_81,employee,classical,,India,high,payroll,low,delete,0,16,8.34,0,0,0
2025-09-23 09:06:50,user_82,guest,classical,,EU,low,catalog,low,write,0,18,13.71,2,0,0
2025-09-23 09:06:55,user_83,service,pqc,,India,low,customer_kyc,medium,delete,0,16,7.51,0,1,0
2025-09-23 09:07:00,user_84,admin,classical,,India,high,transaction,low,update,90975,19,5.67,0,1,0
2025-09-23 09:07:05,user_85,guest,pqc,,Unknown,high,transaction,high,update,199601,16,2.54,0,0,1
2025-09-23 09:07:10,user_86,employee,pqc,,Unknown,low,transaction,high,write,21106,16,16.32,2,0,1
2025-09-23 09:07:15,user_87,third_party,pqc,65.0,USA,medium,payroll,low,write,0,17,14.09,0,0,0
2025-09-23 09:07:20,user_88,service,classical,,EU,low,backend_sync,high,read,0,21,18.49,0,0,1
2025-09-23 09:07:25,user_89,admin,classical,,Unknown,low,catalog,medium,write,0,26,9.07,2,0,0
2025-09-23 09:07:30,user_90,service,classical,,EU,high,transaction,medium,update,0,19,12.02,0,1,0
2025-09-23 09:07:35,user_91,service,classical,,USA,medium,payroll,medium,read,0,14,7.69,1,1,0
2025-09-23 09:07:40,user_92,employee,classical,,Unknown,high,customer_kyc,high,read,0,20,16.81,1,1,0
2025-09-23 09:07:45,user_93,employee,pqc,,Unknown,high,customer_kyc,low,write,0,18,14.15,0,0,0
2025-09-23 09:07:50,user_94,employee,classical,,India,medium,payroll,medium,delete,0,21,8.03,1,1,0
2025-09-23 09:07:55,user_95,service,classical,,USA,medium,transaction,low,read,0,21,16.36,0,0,0
2025-09-23 09:08:00,user_96,guest,classical,,USA,low,transaction,high,delete,0,21,9.05,1,0,1
2025-09-23 09:08:05,user_97,employee,pqc,,EU,high,customer_kyc,high,update,0,19,6.96,2,0,0
2025-09-23 09:08:10,user_98,service,classical,,Unknown,high,customer_kyc,high,read,0,21,7.32,0,0,0
2025-09-23 09:08:15,user_99,guest,classical,,Unknown,low,customer_kyc,high,write,0,23,9.14,1,1,1
2025-09-23 09:08:20,user_100,third_party,classical,65.0,EU,high,logs,medium,delete,0,21,2.25,0,1,0
2025-09-23 09:08:25,user_101,third_party,pqc,40.0,USA,low,catalog,low,write,0,19,11.63,2,1,1
2025-09-23 09:08:30,user_102,third_party,classical,92.0,India,high,payroll,medium,update,0,23,8.57,0,0,0
2025-09-23 09:08:35,user_103,employee,pqc,,Unknown,high,backend_sync,low,delete,0,21,16.46,1,0,0
2025-09-23 09:08:40,user_104,employee,classical,,Unknown,high,transaction,high,read,198284,24,5.16,1,1,1
2025-09-23 09:08:45,user_105,guest,classical,,USA,medium,catalog,medium,delete,0,27,10.94,2,1,0
2025-09-23 09:08:50,user_106,service,classical,,EU,low,logs,high,update,0,26,7.39,0,1,1
2025-09-23 09:08:55,user_107,service,pqc,,EU,high,backend_sync,low,write,0,26,11.99,0,1,0
2025-09-23 09:09:00,user_108,employee,pqc,,EU,low,transaction,high,write,78229,22,1.8,0,1,1
2025-09-23 09:09:05,user_109,guest,pqc,,India,medium,transaction,high,write,0,22,6.77,1,0,1
2025-09-23 09:09:10,user_110,guest,pqc,,USA,high,logs,medium,update,0,14,7.82,1,1,0
2025-09-23 09:09:15,user_111,service,pqc,,EU,medium,payroll,high,write,0,22,1.0,0,1,0
2025-09-23 09:09:20,user_112,guest,classical,,Unknown,low,payroll,high,write,0,22,8.0,0,1,1
2025-09-23 09:09:25,user_113,third_party,classical,92.0,USA,high,transaction,low,update,0,23,8.4,1,0,0
2025-09-23 09:09:30,user_114,admin,classical,,EU,medium,payroll,low,write,0,14,15.75,4,1,0
2025-09-23 09:09:35,user_115,auditor,pqc,,USA,low,backend_sync,low,update,0,17,8.52,0,0,0
2025-09-23 09:09:40,user_116,employee,pqc,,EU,medium,payroll,high,write,0,15,5.73,3,0,0
2025-09-23 09:09:45,user_117,admin,pqc,,EU,low,customer_kyc,medium,update,0,17,20.71,1,1,0
2025-09-23 09:09:50,user_118,employee,classical,,USA,medium,transaction,low,update,0,22,12.67,0,0,0
2025-09-23 09:09:55,user_119,guest,classical,,India,low,payroll,high,delete,0,26,8.99,0,1,1
2025-09-23 09:10:00,user_120,employee,classical,,Unknown,low,customer_kyc,high,write,0,27,19.05,1,1,1
2025-09-23 09:10:05,user_121,guest,pqc,,EU,medium,customer_kyc,low,write,0,21,6.86,1,1,1
2025-09-23 09:10:10,user_122,guest,pqc,,Unknown,medium,catalog,medium,delete,0,20,18.36,0,0,0
2025-09-23 09:10:15,user_123,guest,classical,,Unknown,low,catalog,high,write,0,17,5.32,1,0,1
2025-09-23 09:10:20,user_124,auditor,pqc,,USA,low,customer_kyc,medium,update,0,17,11.4,2,1,0
2025-09-23 09:10:25,user_125,service,pqc,,Unknown,high,transaction,high,update,0,20,4.62,2,0,0
2025-09-23 09:10:30,user_126,service,classical,,India,medium,transaction,medium,write,79353,26,0.08,2,0,0
2025-09-23 09:10:35,user_127,employee,classical,,USA,high,backend_sync,medium,write,0,14,12.07,1,1,0
2025-09-23 09:10:40,user_128,service,classical,,EU,medium,logs,low,write,0,26,8.2,1,1,0
2025-09-23 09:10:45,user_129,auditor,classical,,India,medium,catalog,low,read,0,19,13.29,2,0,0
2025-09-23 09:10:50,user_130,admin,pqc,,India,low,catalog,low,write,0,28,12.07,0,0,0
2025-09-23 09:10:55,user_131,guest,pqc,,India,high,catalog,high,delete,0,21,6.72,2,0,0
2025-09-23 09:11:00,user_132,employee,pqc,,Unknown,medium,logs,medium,read,0,28,9.12,2,1,0
2025-09-23 09:11:05,user_133,admin,pqc,,India,low,customer_kyc,high,read,0,21,9.44,1,1,1
2025-09-23 09:11:10,user_134,third_party,classical,40.0,India,low,catalog,high,read,0,21,18.26,1,1,1
2025-09-23 09:11:15,user_135,auditor,pqc,,EU,low,logs,medium,write,0,16,0.37,0,0,0
2025-09-23 09:11:20,user_136,employee,pqc,,Unknown,high,logs,high,delete,0,13,20.97,1,0,0
2025-09-23 09:11:25,user_137,guest,classical,,USA,high,transaction,medium,update,0,24,10.75,0,0,1
2025-09-23 09:11:30,user_138,guest,pqc,,India,low,customer_kyc,low,write,0,25,13.04,1,1,1
2025-09-23 09:11:35,user_139,auditor,classical,,EU,medium,catalog,medium,read,0,24,9.36,1,1,0
2025-09-23 09:11:40,user_140,guest,classical,,India,low,payroll,high,delete,0,26,10.28,1,1,1
2025-09-23 09:11:45,user_141,auditor,pqc,,India,high,payroll,high,write,0,18,9.66,0,0,0
2025-09-23 09:11:50,user_142,guest,pqc,,Unknown,high,backend_sync,low,write,0,27,1.18,0,1,0
2025-09-23 09:11:55,user_143,service,pqc,,Unknown,medium,logs,medium,write,0,23,8.63,2,1,0
2025-09-23 09:12:00,user_144,service,classical,,Unknown,medium,backend_sync,low,delete,0,19,13.19,0,1,0
2025-09-23 09:12:05,user_145,employee,pqc,,USA,high,payroll,low,update,0,25,17.05,0,1,0
2025-09-23 09:12:10,user_146,auditor,classical,,USA,medium,customer_kyc,high,write,0,13,6.63,2,0,0
2025-09-23 09:12:15,user_147,service,pqc,,EU,low,logs,medium,write,0,22,11.11,2,0,0
2025-09-23 09:12:20,user_148,employee,classical,,Unknown,high,transaction,high,read,0,15,7.29,1,0,0
2025-09-23 09:12:25,user_149,admin,pqc,,Unknown,low,backend_sync,low,update,0,17,5.3,3,1,0
2025-09-23 09:12:30,user_150,third_party,pqc,65.0,USA,low,customer_kyc,high,delete,0,20,18.78,1,0,1
2025-09-23 09:12:35,user_151,admin,pqc,,Unknown,high,catalog,medium,update,0,14,2.44,3,0,0
2025-09-23 09:12:40,user_152,service,classical,,Unknown,low,transaction,low,read,181415,27,7.82,2,1,1
2025-09-23 09:12:45,user_153,third_party,classical,65.0,India,high,catalog,medium,update,0,17,13.46,2,0,0
2025-09-23 09:12:50,user_154,service,pqc,,EU,low,transaction,high,delete,174686,16,10.59,2,0,1
2025-09-23 09:12:55,user_155,guest,pqc,,Unknown,high,backend_sync,medium,update,0,15,11.8,1,0,0
2025-09-23 09:13:00,user_156,guest,classical,,EU,low,logs,low,write,0,23,19.61,1,1,0
2025-09-23 09:13:05,user_157,admin,pqc,,EU,medium,transaction,high,write,166756,21,6.29,0,0,1
2025-09-23 09:13:10,user_158,auditor,classical,,USA,high,logs,high,delete,0,17,10.27,1,0,0
2025-09-23 09:13:15,user_159,admin,pqc,,Unknown,high,payroll,medium,delete,0,18,10.69,2,1,0
2025-09-23 09:13:20,user_160,guest,pqc,,EU,high,payroll,high,read,0,26,18.08,1,0,0
2025-09-23 09:13:25,user_161,guest,pqc,,EU,low,logs,high,read,0,22,10.57,1,1,1
2025-09-23 09:13:30,user_162,third_party,pqc,92.0,Unknown,low,catalog,low,write,0,28,6.45,0,1,0
2025-09-23 09:13:35,user_163,auditor,classical,,Unknown,medium,payroll,high,write,0,15,6.53,0,0,0
2025-09-23 09:13:40,user_164,guest,classical,,India,medium,payroll,medium,delete,0,13,19.23,7,0,0
2025-09-23 09:13:45,user_165,employee,pqc,,USA,low,customer_kyc,high,delete,0,15,4.52,3,1,1
2025-09-23 09:13:50,user_166,employee,classical,,USA,low,backend_sync,medium,write,0,20,10.49,2,0,0
2025-09-23 09:13:55,user_167,third_party,classical,65.0,EU,medium,backend_sync,high,write,0,23,14.5,0,0,0
2025-09-23 09:14:00,user_168,third_party,classical,65.0,EU,medium,backend_sync,low,update,0,18,11.86,0,1,0
2025-09-23 09:14:05,user_169,service,pqc,,India,high,logs,high,delete,0,16,12.57,1,0,0
2025-09-23 09:14:10,user_170,service,pqc,,India,high,logs,high,write,0,12,16.27,2,1,0
2025-09-23 09:14:15,user_171,employee,pqc,,India,high,logs,high,update,0,20,2.76,1,1,0
2025-09-23 09:14:20,user_172,third_party,classical,65.0,USA,medium,payroll,high,read,0,27,4.02,0,0,0
2025-09-23 09:14:25,user_173,service,pqc,,USA,high,catalog,medium,delete,0,28,13.1,0,1,0
2025-09-23 09:14:30,user_174,employee,classical,,Unknown,low,customer_kyc,low,delete,0,20,12.99,1,0,0
2025-09-23 09:14:35,user_175,guest,pqc,,India,high,logs,high,update,0,23,23.03,0,1,0
2025-09-23 09:14:40,user_176,admin,pqc,,EU,medium,payroll,medium,write,0,14,7.99,0,0,0
2025-09-23 09:14:45,user_177,service,classical,,USA,medium,catalog,low,write,0,10,3.31,0,1,0
2025-09-23 09:14:50,user_178,auditor,classical,,Unknown,high,payroll,high,delete,0,24,6.49,2,1,0
2025-09-23 09:14:55,user_179,admin,classical,,EU,low,catalog,medium,delete,0,18,15.07,0,1,0
2025-09-23 09:15:00,user_180,service,pqc,,USA,medium,logs,medium,delete,0,18,10.81,1,1,0
2025-09-23 09:15:05,user_181,employee,pqc,,EU,medium,catalog,high,read,0,24,2.45,0,1,0
2025-09-23 09:15:10,user_182,guest,classical,,Unknown,low,backend_sync,medium,write,0,18,17.34,0,0,0
2025-09-23 09:15:15,user_183,auditor,classical,,EU,low,backend_sync,high,read,0,21,5.24,0,1,1
2025-09-23 09:15:20,user_184,auditor,pqc,,India,medium,payroll,low,update,0,12,3.65,0,0,0
2025-09-23 09:15:25,user_185,service,classical,,India,low,logs,high,update,0,19,13.88,0,1,1
2025-09-23 09:15:30,user_186,guest,pqc,,India,high,payroll,low,update,0,27,13.52,1,1,0
2025-09-23 09:15:35,user_187,third_party,pqc,65.0,India,low,logs,medium,update,0,21,16.0,2,0,0
2025-09-23 09:15:40,user_188,third_party,pqc,92.0,EU,medium,logs,low,write,0,16,19.17,1,0,0
2025-09-23 09:15:45,user_189,guest,classical,,EU,low,backend_sync,low,read,0,18,8.17,2,0,0
2025-09-23 09:15:50,user_190,auditor,classical,,India,low,backend_sync,medium,write,0,18,10.88,0,1,0
2025-09-23 09:15:55,user_191,admin,classical,,Unknown,high,payroll,medium,delete,0,35,14.76,1,1,0
2025-09-23 09:16:00,user_192,auditor,classical,,USA,medium,transaction,medium,update,0,19,9.82,1,1,0
2025-09-23 09:16:05,user_193,guest,pqc,,Unknown,high,logs,medium,update,0,32,7.31,1,1,0
2025-09-23 09:16:10,user_194,auditor,classical,,India,low,payroll,medium,update,0,23,3.76,1,0,0
2025-09-23 09:16:15,user_195,employee,classical,,Unknown,high,payroll,medium,read,0,17,4.99,2,1,0
2025-09-23 09:16:20,user_196,service,classical,,EU,low,backend_sync,low,update,0,12,9.83,2,1,0
2025-09-23 09:16:25,user_197,auditor,classical,,Unknown,low,payroll,high,write,0,13,7.33,1,1,1
2025-09-23 09:16:30,user_198,service,classical,,USA,low,customer_kyc,high,update,0,18,14.8,1,1,1
2025-09-23 09:16:35,user_199,service,pqc,,Unknown,high,logs,medium,read,0,16,0.36,1,0,0
2025-09-23 09:16:40,user_200,service,pqc,,EU,low,customer_kyc,medium,update,0,25,11.45,0,1,0
2025-09-23 09:16:45,user_201,admin,classical,,India,low,backend_sync,high,update,0,20,13.87,0,1,1
2025-09-23 09:16:50,user_202,guest,pqc,,USA,low,customer_kyc,low,update,0,7,8.13,1,0,1
2025-09-23 09:16:55,user_203,service,pqc,,USA,medium,customer_kyc,high,delete,0,17,11.46,0,0,0
2025-09-23 09:17:00,user_204,employee,classical,,Unknown,low,transaction,medium,delete,161384,19,15.75,2,0,1
2025-09-23 09:17:05,user_205,guest,pqc,,USA,medium,catalog,medium,delete,0,22,13.37,2,1,0
2025-09-23 09:17:10,user_206,admin,pqc,,EU,high,logs,medium,read,0,19,13.29,1,0,0
2025-09-23 09:17:15,user_207,service,pqc,,USA,low,catalog,low,read,0,14,8.5,2,0,0
2025-09-23 09:17:20,user_208,service,classical,,India,high,catalog,medium,write,0,24,10.95,0,1,0
2025-09-23 09:17:25,user_209,service,pqc,,USA,high,catalog,medium,delete,0,12,6.16,3,1,0
2025-09-23 09:17:30,user_210,admin,classical,,EU,medium,catalog,low,write,0,22,10.65,0,0,0
2025-09-23 09:17:35,user_211,service,pqc,,India,medium,payroll,medium,write,0,20,2.48,4,1,0
2025-09-23 09:17:40,user_212,third_party,classical,40.0,India,high,backend_sync,medium,update,0,17,11.34,0,0,1
2025-09-23 09:17:45,user_213,auditor,classical,,India,medium,transaction,high,read,0,17,6.66,1,1,0
2025-09-23 09:17:50,user_214,admin,pqc,,USA,medium,backend_sync,high,update,0,24,5.92,1,0,0
2025-09-23 09:17:55,user_215,employee,classical,,Unknown,low,catalog,high,read,0,20,6.57,1,1,1
2025-09-23 09:18:00,user_216,employee,classical,,India,low,backend_sync,low,delete,0,27,6.69,1,0,0
2025-09-23 09:18:05,user_217,third_party,pqc,65.0,Unknown,medium,catalog,medium,delete,0,24,6.86,1,1,0
2025-09-23 09:18:10,user_218,guest,classical,,USA,high,payroll,low,delete,0,20,10.59,0,1,0
2025-09-23 09:18:15,user_219,admin,classical,,Unknown,medium,logs,high,write,0,24,6.45,1,1,0
2025-09-23 09:18:20,user_220,service,classical,,USA,low,catalog,high,read,0,17,11.39,2,1,1
2025-09-23 09:18:25,user_221,employee,pqc,,India,high,customer_kyc,high,update,0,26,14.74,1,1,0
2025-09-23 09:18:30,user_222,service,pqc,,USA,medium,catalog,low,delete,0,21,17.45,1,0,0
2025-09-23 09:18:35,user_223,guest,classical,,India,high,transaction,low,delete,198345,23,15.32,1,1,1
2025-09-23 09:18:40,user_224,admin,classical,,Unknown,medium,catalog,high,delete,0,22,2.38,2,0,0
2025-09-23 09:18:45,user_225,employee,pqc,,India,medium,customer_kyc,medium,delete,0,31,5.38,0,0,0
2025-09-23 09:18:50,user_226,employee,classical,,EU,low,catalog,high,read,0,13,12.96,2,0,1
2025-09-23 09:18:55,user_227,auditor,classical,,Unknown,low,transaction,medium,delete,0,9,13.98,2,1,0
2025-09-23 09:19:00,user_228,third_party,pqc,65.0,Unknown,high,transaction,low,update,180015,21,19.17,2,0,1
2025-09-23 09:19:05,user_229,service,pqc,,EU,low,payroll,medium,delete,0,20,9.45,3,0,0
2025-09-23 09:19:10,user_230,employee,pqc,,India,high,logs,medium,write,0,28,3.32,2,1,0
2025-09-23 09:19:15,user_231,service,pqc,,USA,medium,backend_sync,high,write,0,21,6.84,1,0,0
2025-09-23 09:19:20,user_232,third_party,pqc,40.0,Unknown,low,customer_kyc,low,delete,0,9,8.41,2,1,1
2025-09-23 09:19:25,user_233,employee,classical,,USA,low,backend_sync,medium,write,0,12,7.79,3,1,0
2025-09-23 09:19:30,user_234,admin,classical,,India,high,catalog,medium,delete,0,23,5.66,1,0,0
2025-09-23 09:19:35,user_235,employee,pqc,,Unknown,high,catalog,high,delete,0,25,13.95,2,1,0
2025-09-23 09:19:40,user_236,auditor,classical,,USA,low,logs,low,update,0,20,1.28,1,1,0
2025-09-23 09:19:45,user_237,guest,classical,,Unknown,medium,backend_sync,medium,read,0,21,12.59,0,0,0
2025-09-23 09:19:50,user_238,guest,pqc,,USA,high,transaction,medium,read,0,14,18.22,1,1,1
2025-09-23 09:19:55,user_239,third_party,pqc,40.0,EU,low,customer_kyc,low,read,0,29,16.77,0,0,1
2025-09-23 09:20:00,user_240,employee,classical,,EU,high,catalog,low,read,0,12,11.2,2,0,0
2025-09-23 09:20:05,user_241,service,pqc,,Unknown,medium,logs,low,read,0,19,6.96,2,1,0
2025-09-23 09:20:10,user_242,third_party,classical,65.0,EU,high,backend_sync,low,update,0,17,1.79,2,0,0
2025-09-23 09:20:15,user_243,admin,pqc,,USA,low,backend_sync,high,update,0,25,11.45,2,1,1
2025-09-23 09:20:20,user_244,third_party,pqc,40.0,USA,medium,transaction,high,update,0,25,16.8,1,0,1
2025-09-23 09:20:25,user_245,service,pqc,,India,medium,catalog,high,read,0,16,7.93,1,0,0
2025-09-23 09:20:30,user_246,auditor,pqc,,Unknown,medium,catalog,medium,read,0,24,11.76,3,0,0
2025-09-23 09:20:35,user_247,auditor,pqc,,EU,medium,logs,low,update,0,19,9.15,2,1,0
2025-09-23 09:20:40,user_248,auditor,classical,,USA,low,catalog,medium,write,0,13,16.06,1,1,0
2025-09-23 09:20:45,user_249,service,pqc,,USA,medium,backend_sync,low,write,0,18,10.12,2,0,0
2025-09-23 09:20:50,user_250,service,classical,,EU,low,payroll,high,write,0,23,6.48,0,1,1
2025-09-23 09:20:55,user_251,guest,pqc,,Unknown,high,payroll,high,write,0,24,4.66,1,1,0
2025-09-23 09:21:00,user_252,auditor,pqc,,EU,medium,payroll,low,update,0,15,16.68,0,0,0
2025-09-23 09:21:05,user_253,employee,pqc,,Unknown,high,catalog,low,read,0,25,8.72,1,1,0
2025-09-23 09:21:10,user_254,service,classical,,India,medium,backend_sync,medium,write,0,17,13.53,1,0,0
2025-09-23 09:21:15,user_255,admin,pqc,,EU,medium,catalog,high,write,0,20,13.95,2,1,0
2025-09-23 09:21:20,user_256,admin,classical,,USA,medium,transaction,high,update,0,20,13.83,1,1,0
2025-09-23 09:21:25,user_257,service,classical,,USA,high,logs,low,read,0,23,5.84,0,0,0
2025-09-23 09:21:30,user_258,guest,pqc,,Unknown,medium,customer_kyc,medium,update,0,21,11.96,1,0,1
2025-09-23 09:21:35,user_259,employee,classical,,USA,medium,logs,medium,delete,0,29,7.68,1,0,0
2025-09-23 09:21:40,user_260,third_party,classical,65.0,EU,low,transaction,high,delete,0,19,11.34,2,0,1
2025-09-23 09:21:45,user_261,employee,pqc,,India,medium,payroll,low,delete,0,19,17.45,0,1,0
2025-09-23 09:21:50,user_262,service,classical,,Unknown,medium,backend_sync,medium,update,0,14,16.44,0,0,0
2025-09-23 09:21:55,user_263,auditor,classical,,India,medium,catalog,medium,delete,0,26,21.42,1,1,0
2025-09-23 09:22:00,user_264,third_party,pqc,92.0,Unknown,low,catalog,medium,write,0,21,15.42,1,0,0
2025-09-23 09:22:05,user_265,auditor,pqc,,India,low,transaction,low,read,23837,23,11.71,0,0,0
2025-09-23 09:22:10,user_266,admin,classical,,India,high,backend_sync,medium,read,0,21,1.78,1,0,0
2025-09-23 09:22:15,user_267,third_party,classical,92.0,Unknown,high,transaction,high,update,0,21,10.12,1,0,0
2025-09-23 09:22:20,user_268,service,pqc,,India,medium,catalog,low,delete,0,19,3.91,2,1,0
2025-09-23 09:22:25,user_269,third_party,pqc,65.0,USA,high,payroll,high,delete,0,15,15.74,0,1,0
2025-09-23 09:22:30,user_270,employee,classical,,EU,low,backend_sync,medium,write,0,19,4.45,2,1,0
2025-09-23 09:22:35,user_271,guest,pqc,,EU,low,transaction,high,write,0,24,8.23,1,0,1
2025-09-23 09:22:40,user_272,service,pqc,,India,high,logs,high,delete,0,23,10.45,1,0,0
2025-09-23 09:22:45,user_273,employee,pqc,,Unknown,high,logs,high,read,0,16,18.43,1,0,0
2025-09-23 09:22:50,user_274,third_party,classical,92.0,USA,high,payroll,low,read,0,23,13.6,1,0,0
2025-09-23 09:22:55,user_275,service,pqc,,Unknown,low,catalog,high,update,0,23,8.48,0,1,1
2025-09-23 09:23:00,user_276,auditor,pqc,,Unknown,high,catalog,high,read,0,18,6.43,3,1,0
2025-09-23 09:23:05,user_277,service,pqc,,USA,medium,catalog,low,read,0,18,14.22,0,0,0
2025-09-23 09:23:10,user_278,auditor,pqc,,India,low,logs,low,read,0,19,15.96,2,1,0
2025-09-23 09:23:15,user_279,auditor,pqc,,EU,medium,catalog,high,update,0,26,12.36,1,0,0
2025-09-23 09:23:20,user_280,service,pqc,,EU,medium,payroll,high,delete,0,23,11.22,2,0,0
2025-09-23 09:23:25,user_281,auditor,pqc,,EU,medium,payroll,low,read,0,22,7.05,1,1,0
2025-09-23 09:23:30,user_282,guest,pqc,,India,high,backend_sync,low,delete,0,27,9.39,1,0,0
2025-09-23 09:23:35,user_283,guest,classical,,EU,high,logs,low,write,0,17,5.05,1,1,0
2025-09-23 09:23:40,user_284,service,classical,,EU,low,logs,low,update,0,28,20.83,4,0,0
2025-09-23 09:23:45,user_285,third_party,classical,92.0,India,high,transaction,low,update,0,18,10.1,0,0,0
2025-09-23 09:23:50,user_286,guest,classical,,India,low,transaction,high,write,100244,23,7.9,3,0,1
2025-09-23 09:23:55,user_287,third_party,classical,65.0,Unknown,high,catalog,low,delete,0,18,5.72,0,1,0
2025-09-23 09:24:00,user_288,third_party,pqc,40.0,India,high,payroll,low,update,0,16,11.07,1,1,1
2025-09-23 09:24:05,user_289,employee,pqc,,India,low,transaction,low,delete,196829,19,2.91,2,1,1
2025-09-23 09:24:10,user_290,auditor,classical,,India,low,logs,medium,read,0,23,1.51,1,1,0
2025-09-23 09:24:15,user_291,service,classical,,India,medium,customer_kyc,medium,write,0,23,16.28,0,1,0
2025-09-23 09:24:20,user_292,third_party,pqc,40.0,India,high,customer_kyc,medium,delete,0,23,5.03,0,1,1
2025-09-23 09:24:25,user_293,auditor,classical,,Unknown,medium,payroll,high,delete,0,18,6.74,1,1,0
2025-09-23 09:24:30,user_294,third_party,classical,65.0,India,medium,catalog,low,write,0,20,13.8,0,0,0
2025-09-23 09:24:35,user_295,service,classical,,Unknown,medium,backend_sync,high,read,0,15,5.31,2,0,0
2025-09-23 09:24:40,user_296,guest,pqc,,USA,low,logs,low,delete,0,13,9.0,1,0,0
2025-09-23 09:24:45,user_297,admin,pqc,,EU,medium,transaction,medium,read,5462,18,9.17,3,0,0
2025-09-23 09:24:50,user_298,employee,pqc,,USA,low,customer_kyc,high,update,0,13,12.85,0,1,1
2025-09-23 09:24:55,user_299,guest,classical,,EU,medium,payroll,medium,read,0,21,11.88,2,0,0
2025-09-23 09:25:00,user_300,service,pqc,,USA,high,payroll,high,write,0,31,11.51,0,1,0
2025-09-23 09:25:05,user_301,third_party,classical,65.0,India,high,customer_kyc,high,write,0,29,2.27,0,1,0
2025-09-23 09:25:10,user_302,service,classical,,EU,high,logs,low,write,0,18,8.14,0,0,0
2025-09-23 09:25:15,user_303,employee,classical,,EU,medium,payroll,low,read,0,20,16.33,1,1,0
2025-09-23 09:25:20,user_304,third_party,classical,65.0,USA,high,transaction,low,write,114986,23,8.02,1,1,1
2025-09-23 09:25:25,user_305,employee,classical,,EU,low,logs,medium,delete,0,25,4.17,4,0,0
2025-09-23 09:25:30,user_306,third_party,classical,65.0,EU,medium,customer_kyc,medium,read,0,23,9.13,1,1,0
2025-09-23 09:25:35,user_307,service,classical,,India,medium,logs,medium,write,0,23,9.25,2,1,0
2025-09-23 09:25:40,user_308,auditor,classical,,Unknown,low,payroll,low,update,0,18,7.38,1,0,0
2025-09-23 09:25:45,user_309,third_party,classical,92.0,USA,high,customer_kyc,high,write,0,19,12.99,0,1,0
2025-09-23 09:25:50,user_310,admin,classical,,EU,medium,backend_sync,low,delete,0,14,15.66,1,0,0
2025-09-23 09:25:55,user_311,third_party,pqc,65.0,USA,medium,payroll,low,update,0,17,15.25,0,0,0
2025-09-23 09:26:00,user_312,employee,pqc,,USA,high,transaction,high,read,0,23,7.08,0,0,0
2025-09-23 09:26:05,user_313,guest,classical,,Unknown,medium,backend_sync,medium,delete,0,16,17.0,0,0,0
2025-09-23 09:26:10,user_314,service,pqc,,EU,low,catalog,low,delete,0,19,18.1,0,1,0
2025-09-23 09:26:15,user_315,service,classical,,India,low,backend_sync,high,write,0,26,9.57,0,1,1
2025-09-23 09:26:20,user_316,employee,pqc,,Unknown,low,backend_sync,medium,read,0,20,1.34,0,1,0
2025-09-23 09:26:25,user_317,service,classical,,USA,high,transaction,medium,delete,0,20,5.69,2,0,0
2025-09-23 09:26:30,user_318,guest,pqc,,Unknown,low,transaction,medium,read,51077,20,17.36,1,0,1
2025-09-23 09:26:35,user_319,employee,pqc,,Unknown,low,backend_sync,low,update,0,20,7.05,1,1,0
2025-09-23 09:26:40,user_320,service,pqc,,USA,low,payroll,medium,delete,0,22,12.5,1,0,0
2025-09-23 09:26:45,user_321,employee,pqc,,India,high,payroll,medium,write,0,27,3.05,1,0,0
2025-09-23 09:26:50,user_322,third_party,pqc,92.0,EU,medium,customer_kyc,low,read,0,11,15.5,2,1,0
2025-09-23 09:26:55,user_323,auditor,classical,,USA,high,backend_sync,medium,update,0,14,11.88,0,1,0
2025-09-23 09:27:00,user_324,third_party,pqc,40.0,Unknown,low,backend_sync,low,update,0,23,6.82,3,0,1
2025-09-23 09:27:05,user_325,auditor,classical,,USA,high,backend_sync,low,delete,0,20,1.89,0,1,0
2025-09-23 09:27:10,user_326,auditor,pqc,,India,high,catalog,low,delete,0,23,6.86,1,0,0
2025-09-23 09:27:15,user_327,third_party,pqc,92.0,Unknown,medium,catalog,high,update,0,19,7.66,0,0,0
2025-09-23 09:27:20,user_328,service,pqc,,USA,high,logs,high,update,0,28,14.52,0,1,0
2025-09-23 09:27:25,user_329,third_party,classical,40.0,USA,medium,catalog,high,read,0,22,9.11,4,0,1
2025-09-23 09:27:30,user_330,third_party,pqc,92.0,India,high,payroll,low,delete,0,14,2.4,3,0,0
2025-09-23 09:27:35,user_331,service,pqc,,EU,low,customer_kyc,high,read,0,13,7.57,0,0,1
2025-09-23 09:27:40,user_332,employee,pqc,,India,medium,logs,medium,read,0,14,13.31,1,1,0
2025-09-23 09:27:45,user_333,guest,classical,,Unknown,medium,logs,high,update,0,22,8.28,1,1,0
2025-09-23 09:27:50,user_334,auditor,classical,,EU,low,logs,low,update,0,18,17.45,0,0,0
2025-09-23 09:27:55,user_335,guest,classical,,Unknown,low,transaction,medium,delete,0,17,10.84,2,0,1
2025-09-23 09:28:00,user_336,admin,classical,,India,low,payroll,high,delete,0,16,7.47,1,1,1
2025-09-23 09:28:05,user_337,service,pqc,,India,high,transaction,high,write,190423,21,12.91,0,0,1
2025-09-23 09:28:10,user_338,admin,classical,,EU,low,payroll,low,delete,0,22,13.44,0,1,0
2025-09-23 09:28:15,user_339,third_party,classical,92.0,India,low,payroll,low,update,0,18,12.74,2,1,0
2025-09-23 09:28:20,user_340,auditor,pqc,,EU,medium,transaction,low,update,89864,21,9.03,1,0,0
2025-09-23 09:28:25,user_341,service,pqc,,India,medium,payroll,medium,write,0,11,4.88,0,0,0
2025-09-23 09:28:30,user_342,admin,classical,,India,low,backend_sync,high,update,0,13,18.05,1,1,1
2025-09-23 09:28:35,user_343,auditor,classical,,Unknown,high,catalog,medium,read,0,17,13.07,2,1,0
2025-09-23 09:28:40,user_344,admin,classical,,EU,low,customer_kyc,low,update,0,17,15.0,0,0,0
2025-09-23 09:28:45,user_345,employee,pqc,,USA,high,backend_sync,low,read,0,20,11.3,2,0,0
2025-09-23 09:28:50,user_346,third_party,classical,40.0,India,high,backend_sync,medium,update,0,28,21.54,1,1,1
2025-09-23 09:28:55,user_347,admin,pqc,,Unknown,medium,backend_sync,high,write,0,24,16.27,1,0,0
2025-09-23 09:29:00,user_348,auditor,pqc,,India,low,customer_kyc,low,delete,0,17,3.25,1,0,0
2025-09-23 09:29:05,user_349,guest,pqc,,Unknown,medium,customer_kyc,medium,update,0,24,2.37,0,1,1
2025-09-23 09:29:10,user_350,third_party,pqc,40.0,USA,high,transaction,low,update,166192,16,11.69,1,1,1
2025-09-23 09:29:15,user_351,auditor,pqc,,Unknown,high,logs,low,update,0,24,8.63,2,1,0
2025-09-23 09:29:20,user_352,employee,pqc,,India,medium,payroll,medium,write,0,17,15.03,4,0,0
2025-09-23 09:29:25,user_353,auditor,classical,,EU,high,payroll,low,read,0,16,7.79,1,1,0
2025-09-23 09:29:30,user_354,guest,classical,,EU,low,backend_sync,medium,delete,0,21,9.08,1,1,0
2025-09-23 09:29:35,user_355,auditor,classical,,USA,high,transaction,high,delete,0,17,20.07,0,1,0
2025-09-23 09:29:40,user_356,guest,classical,,Unknown,medium,backend_sync,high,update,0,27,10.14,0,1,0
2025-09-23 09:29:45,user_357,admin,pqc,,USA,high,backend_sync,medium,read,0,21,10.23,1,0,0
2025-09-23 09:29:50,user_358,employee,classical,,EU,low,logs,high,read,0,19,13.03,2,0,1
2025-09-23 09:29:55,user_359,third_party,classical,92.0,Unknown,high,transaction,low,delete,0,24,6.3,3,1,0
2025-09-23 09:30:00,user_360,employee,classical,,Unknown,medium,catalog,low,write,0,22,16.97,1,1,0
2025-09-23 09:30:05,user_361,service,pqc,,India,high,backend_sync,low,delete,0,24,10.99,1,1,0
2025-09-23 09:30:10,user_362,guest,classical,,Unknown,low,customer_kyc,low,write,0,16,8.94,3,0,1
2025-09-23 09:30:15,user_363,admin,classical,,USA,low,backend_sync,low,write,0,24,3.45,2,0,0
2025-09-23 09:30:20,user_364,service,classical,,India,high,logs,high,read,0,25,7.73,0,1,0
2025-09-23 09:30:25,user_365,auditor,pqc,,India,medium,backend_sync,medium,delete,0,22,14.29,1,0,0
2025-09-23 09:30:30,user_366,guest,classical,,India,high,logs,high,write,0,27,5.76,0,1,0
2025-09-23 09:30:35,user_367,admin,classical,,USA,medium,customer_kyc,high,read,0,15,14.64,0,0,0
2025-09-23 09:30:40,user_368,third_party,classical,92.0,USA,high,logs,low,write,0,22,5.06,1,1,0
2025-09-23 09:30:45,user_369,service,classical,,Unknown,high,logs,medium,delete,0,13,4.61,0,0,0
2025-09-23 09:30:50,user_370,auditor,classical,,EU,high,backend_sync,low,delete,0,20,5.81,1,0,0
2025-09-23 09:30:55,user_371,guest,pqc,,India,high,catalog,medium,write,0,16,10.56,3,1,0
2025-09-23 09:31:00,user_372,third_party,pqc,40.0,USA,medium,transaction,low,write,179511,17,10.34,1,0,1
2025-09-23 09:31:05,user_373,third_party,pqc,40.0,Unknown,low,payroll,low,update,0,23,10.87,0,0,1
2025-09-23 09:31:10,user_374,auditor,pqc,,India,high,customer_kyc,low,delete,0,19,9.9,1,0,0
2025-09-23 09:31:15,user_375,admin,classical,,EU,low,backend_sync,medium,read,0,23,3.67,1,0,0
2025-09-23 09:31:20,user_376,service,pqc,,Unknown,medium,transaction,medium,read,0,21,9.91,2,0,0
2025-09-23 09:31:25,user_377,admin,classical,,USA,medium,logs,low,read,0,20,14.54,1,1,0
2025-09-23 09:31:30,user_378,employee,pqc,,India,low,customer_kyc,high,read,0,20,12.82,1,0,1
2025-09-23 09:31:35,user_379,employee,pqc,,India,low,customer_kyc,medium,update,0,20,4.69,3,0,0
2025-09-23 09:31:40,user_380,service,pqc,,Unknown,low,catalog,medium,write,0,36,3.28,3,0,0
2025-09-23 09:31:45,user_381,auditor,pqc,,EU,low,logs,medium,update,0,23,10.85,1,0,0
2025-09-23 09:31:50,user_382,employee,classical,,USA,medium,backend_sync,medium,read,0,20,11.9,0,1,0
2025-09-23 09:31:55,user_383,employee,pqc,,Unknown,medium,backend_sync,high,update,0,15,22.58,2,1,0
2025-09-23 09:32:00,user_384,guest,classical,,EU,low,transaction,low,delete,0,26,11.3,1,1,1
2025-09-23 09:32:05,user_385,auditor,pqc,,USA,high,payroll,low,delete,0,19,6.5,0,1,0
2025-09-23 09:32:10,user_386,guest,classical,,India,high,payroll,medium,read,0,21,1.13,0,1,0
2025-09-23 09:32:15,user_387,guest,classical,,USA,low,logs,high,read,0,21,10.14,0,0,1
2025-09-23 09:32:20,user_388,service,pqc,,USA,low,payroll,high,delete,0,27,12.66,1,1,1
2025-09-23 09:32:25,user_389,employee,classical,,Unknown,medium,customer_kyc,low,write,0,17,8.15,0,0,0
2025-09-23 09:32:30,user_390,service,classical,,USA,high,logs,medium,update,0,17,5.91,2,0,0
2025-09-23 09:32:35,user_391,auditor,classical,,EU,medium,transaction,medium,read,52126,21,6.39,1,0,0
2025-09-23 09:32:40,user_392,admin,classical,,Unknown,low,backend_sync,high,update,0,19,15.17,0,0,1
2025-09-23 09:32:45,user_393,auditor,pqc,,India,low,logs,high,delete,0,19,14.88,0,1,1
2025-09-23 09:32:50,user_394,third_party,classical,40.0,USA,low,backend_sync,low,write,0,18,13.75,2,1,1
2025-09-23 09:32:55,user_395,employee,pqc,,Unknown,high,transaction,medium,update,0,14,6.87,1,1,0
2025-09-23 09:33:00,user_396,guest,classical,,EU,high,backend_sync,low,delete,0,24,6.32,0,1,0
2025-09-23 09:33:05,user_397,service,pqc,,Unknown,medium,payroll,high,read,0,26,14.38,1,0,0
2025-09-23 09:33:10,user_398,service,classical,,USA,low,catalog,medium,delete,0,22,1.79,1,1,0
2025-09-23 09:33:15,user_399,third_party,pqc,40.0,USA,high,customer_kyc,high,write,0,18,16.2,3,0,1
2025-09-23 09:33:20,user_400,auditor,classical,,India,medium,payroll,low,update,0,18,15.98,1,0,0
2025-09-23 09:33:25,user_401,guest,classical,,USA,low,backend_sync,medium,write,0,20,1.78,1,0,0
2025-09-23 09:33:30,user_402,service,classical,,USA,high,catalog,low,delete,0,19,10.12,3,1,0
2025-09-23 09:33:35,user_403,auditor,classical,,USA,high,logs,medium,read,0,26,13.77,0,0,0
2025-09-23 09:33:40,user_404,guest,pqc,,Unknown,low,backend_sync,high,delete,0,20,12.38,1,1,1
2025-09-23 09:33:45,user_405,service,classical,,India,low,transaction,high,read,29552,16,1.54,1,0,1
2025-09-23 09:33:50,user_406,guest,classical,,EU,high,customer_kyc,medium,delete,0,26,0.33,1,0,1
2025-09-23 09:33:55,user_407,employee,pqc,,USA,high,catalog,high,delete,0,15,1.31,1,0,0
2025-09-23 09:34:00,user_408,employee,classical,,India,medium,catalog,medium,read,0,19,9.13,1,1,0
2025-09-23 09:34:05,user_409,service,pqc,,USA,low,customer_kyc,high,write,0,22,4.55,1,1,1
2025-09-23 09:34:10,user_410,service,classical,,EU,high,backend_sync,medium,write,0,12,15.87,2,1,0
2025-09-23 09:34:15,user_411,service,pqc,,Unknown,low,backend_sync,high,write,0,20,8.7,0,0,1
2025-09-23 09:34:20,user_412,employee,pqc,,EU,medium,payroll,high,read,0,14,10.12,2,1,0
2025-09-23 09:34:25,user_413,employee,pqc,,USA,medium,transaction,medium,write,22538,26,15.07,3,1,0
2025-09-23 09:34:30,user_414,service,pqc,,USA,low,transaction,high,write,14771,16,13.22,1,0,1
2025-09-23 09:34:35,user_415,auditor,classical,,Unknown,medium,catalog,high,write,0,15,2.2,2,0,0
2025-09-23 09:34:40,user_416,third_party,pqc,92.0,USA,high,payroll,high,update,0,19,13.44,3,1,0
2025-09-23 09:34:45,user_417,guest,pqc,,Unknown,high,logs,medium,update,0,27,11.81,1,1,0
2025-09-23 09:34:50,user_418,auditor,pqc,,Unknown,medium,logs,low,delete,0,22,7.71,1,0,0
2025-09-23 09:34:55,user_419,service,classical,,EU,low,customer_kyc,medium,read,0,19,5.93,4,1,0
2025-09-23 09:35:00,user_420,admin,classical,,EU,high,customer_kyc,low,read,0,21,21.35,2,0,0
2025-09-23 09:35:05,user_421,service,classical,,USA,low,backend_sync,low,delete,0,21,13.62,0,0,0
2025-09-23 09:35:10,user_422,auditor,pqc,,EU,low,payroll,medium,write,0,20,10.16,0,0,0
2025-09-23 09:35:15,user_423,admin,pqc,,EU,low,payroll,high,delete,0,28,11.56,0,1,1
2025-09-23 09:35:20,user_424,employee,pqc,,USA,low,logs,medium,write,0,18,0.19,2,1,0
2025-09-23 09:35:25,user_425,guest,pqc,,EU,high,catalog,medium,write,0,12,11.57,2,1,0
2025-09-23 09:35:30,user_426,guest,pqc,,India,low,customer_kyc,medium,delete,0,27,16.88,0,0,1
2025-09-23 09:35:35,user_427,auditor,classical,,Unknown,high,transaction,medium,update,34680,20,11.91,0,0,0
2025-09-23 09:35:40,user_428,employee,pqc,,Unknown,high,customer_kyc,medium,delete,0,24,3.86,0,0,0
2025-09-23 09:35:45,user_429,admin,pqc,,India,medium,catalog,high,write,0,35,8.11,0,1,0
2025-09-23 09:35:50,user_430,guest,classical,,India,high,catalog,high,delete,0,24,8.79,1,0,0
2025-09-23 09:35:55,user_431,employee,classical,,EU,medium,customer_kyc,low,write,0,17,3.95,1,1,0
2025-09-23 09:36:00,user_432,employee,classical,,India,high,customer_kyc,high,delete,0,19,4.47,1,0,0
2025-09-23 09:36:05,user_433,guest,classical,,Unknown,low,catalog,high,update,0,21,8.09,0,1,1
2025-09-23 09:36:10,user_434,admin,pqc,,USA,low,transaction,medium,read,0,18,17.64,1,0,0
2025-09-23 09:36:15,user_435,third_party,pqc,92.0,Unknown,medium,transaction,medium,write,174948,17,5.41,1,0,1
2025-09-23 09:36:20,user_436,service,pqc,,Unknown,low,transaction,high,delete,83728,33,14.39,1,0,1
2025-09-23 09:36:25,user_437,service,pqc,,USA,high,payroll,high,write,0,20,5.34,2,0,0
2025-09-23 09:36:30,user_438,employee,classical,,Unknown,high,customer_kyc,medium,read,0,29,9.43,1,0,0
2025-09-23 09:36:35,user_439,third_party,classical,65.0,EU,high,backend_sync,medium,read,0,28,14.93,1,1,0
2025-09-23 09:36:40,user_440,service,pqc,,USA,high,backend_sync,low,read,0,25,14.51,0,0,0
2025-09-23 09:36:45,user_441,third_party,pqc,40.0,EU,medium,transaction,medium,read,21682,19,12.09,0,0,1
2025-09-23 09:36:50,user_442,service,pqc,,India,low,payroll,low,delete,0,27,6.52,1,0,0
2025-09-23 09:36:55,user_443,employee,classical,,USA,low,customer_kyc,medium,write,0,18,10.66,1,1,0
2025-09-23 09:37:00,user_444,auditor,pqc,,India,medium,customer_kyc,medium,write,0,14,13.17,0,1,0
2025-09-23 09:37:05,user_445,auditor,pqc,,Unknown,medium,transaction,low,delete,0,22,8.12,0,0,0
2025-09-23 09:37:10,user_446,third_party,pqc,92.0,Unknown,medium,logs,medium,delete,0,21,7.14,0,0,0
2025-09-23 09:37:15,user_447,employee,pqc,,India,medium,payroll,low,write,0,25,6.56,1,1,0
2025-09-23 09:37:20,user_448,third_party,pqc,92.0,India,high,catalog,medium,read,0,25,13.14,1,1,0
2025-09-23 09:37:25,user_449,service,classical,,USA,high,catalog,low,update,0,23,16.37,1,1,0
2025-09-23 09:37:30,user_450,auditor,pqc,,EU,high,logs,medium,read,0,13,7.52,0,1,0
2025-09-23 09:37:35,user_451,third_party,classical,65.0,EU,medium,logs,medium,write,0,24,11.17,0,1,0
2025-09-23 09:37:40,user_452,guest,classical,,EU,medium,transaction,low,update,74600,15,12.4,0,1,1
2025-09-23 09:37:45,user_453,third_party,pqc,40.0,USA,medium,backend_sync,low,delete,0,15,14.72,0,0,1
2025-09-23 09:37:50,user_454,employee,pqc,,India,high,transaction,high,update,87920,16,17.44,3,1,0
2025-09-23 09:37:55,user_455,auditor,classical,,India,medium,logs,low,delete,0,24,13.9,1,1,0
2025-09-23 09:38:00,user_456,employee,classical,,India,high,customer_kyc,high,update,0,14,12.73,0,0,0
2025-09-23 09:38:05,user_457,service,pqc,,EU,medium,backend_sync,high,delete,0,20,11.11,2,0,0
2025-09-23 09:38:10,user_458,employee,classical,,EU,medium,payroll,low,read,0,26,18.79,1,0,0
2025-09-23 09:38:15,user_459,employee,pqc,,USA,medium,logs,medium,write,0,18,5.31,0,0,0
2025-09-23 09:38:20,user_460,employee,pqc,,EU,low,catalog,high,write,0,18,10.41,2,1,1
2025-09-23 09:38:25,user_461,admin,classical,,USA,low,transaction,low,delete,142124,16,2.42,3,0,1
2025-09-23 09:38:30,user_462,admin,classical,,Unknown,medium,logs,medium,read,0,22,6.15,0,1,0
2025-09-23 09:38:35,user_463,guest,pqc,,USA,low,transaction,high,write,0,16,4.8,2,0,1
2025-09-23 09:38:40,user_464,service,pqc,,EU,medium,catalog,medium,delete,0,15,3.17,1,0,0
2025-09-23 09:38:45,user_465,admin,pqc,,Unknown,high,payroll,high,write,0,20,16.86,0,0,0
2025-09-23 09:38:50,user_466,admin,classical,,USA,high,transaction,medium,update,19559,20,7.83,0,1,0
2025-09-23 09:38:55,user_467,guest,classical,,India,high,catalog,high,delete,0,19,4.22,1,1,0
2025-09-23 09:39:00,user_468,service,pqc,,EU,high,customer_kyc,medium,write,0,15,1.13,1,1,0
2025-09-23 09:39:05,user_469,auditor,classical,,USA,low,customer_kyc,low,read,0,20,22.53,2,0,0
2025-09-23 09:39:10,user_470,auditor,pqc,,EU,low,transaction,high,write,0,28,2.55,3,0,1
2025-09-23 09:39:15,user_471,auditor,pqc,,EU,low,payroll,medium,update,0,19,11.36,0,0,0
2025-09-23 09:39:20,user_472,service,classical,,USA,low,transaction,medium,update,152057,24,18.82,2,1,1
2025-09-23 09:39:25,user_473,service,pqc,,Unknown,medium,customer_kyc,medium,read,0,18,6.06,0,1,0
2025-09-23 09:39:30,user_474,auditor,pqc,,Unknown,high,logs,low,write,0,18,10.32,0,1,0
2025-09-23 09:39:35,user_475,auditor,pqc,,Unknown,low,transaction,medium,update,0,18,11.96,1,1,0
2025-09-23 09:39:40,user_476,auditor,classical,,USA,high,customer_kyc,medium,read,0,20,9.4,2,1,0
2025-09-23 09:39:45,user_477,employee,pqc,,Unknown,medium,logs,medium,delete,0,23,5.48,3,1,0
2025-09-23 09:39:50,user_478,auditor,pqc,,EU,medium,logs,low,write,0,22,11.37,1,0,0
2025-09-23 09:39:55,user_479,service,pqc,,India,low,logs,low,read,0,12,5.91,3,0,0
2025-09-23 09:40:00,user_480,third_party,pqc,65.0,Unknown,medium,transaction,medium,update,80760,17,6.61,1,0,0
2025-09-23 09:40:05,user_481,guest,classical,,India,low,customer_kyc,high,read,0,27,18.71,0,0,1
2025-09-23 09:40:10,user_482,employee,pqc,,EU,low,payroll,high,read,0,23,8.67,1,0,1
2025-09-23 09:40:15,user_483,service,pqc,,USA,high,customer_kyc,high,update,0,19,9.58,1,0,0
2025-09-23 09:40:20,user_484,admin,classical,,USA,high,logs,medium,read,0,13,11.3,1,1,0
2025-09-23 09:40:25,user_485,service,pqc,,Unknown,medium,catalog,low,delete,0,29,10.15,0,0,0
2025-09-23 09:40:30,user_486,auditor,classical,,India,high,transaction,high,read,0,18,15.16,0,1,0
2025-09-23 09:40:35,user_487,guest,pqc,,USA,medium,logs,high,delete,0,20,10.1,0,0,0
2025-09-23 09:40:40,user_488,guest,classical,,USA,medium,transaction,low,delete,0,20,8.48,2,1,1
2025-09-23 09:40:45,user_489,service,pqc,,USA,medium,transaction,low,update,0,23,11.83,0,0,0
2025-09-23 09:40:50,user_490,admin,classical,,EU,high,transaction,medium,write,20209,20,2.59,0,0,0
2025-09-23 09:40:55,user_491,employee,classical,,USA,medium,customer_kyc,high,read,0,23,7.12,0,1,0
2025-09-23 09:41:00,user_492,employee,classical,,Unknown,medium,transaction,medium,read,197477,10,16.68,0,0,1
2025-09-23 09:41:05,user_493,admin,pqc,,Unknown,high,customer_kyc,high,write,0,14,11.78,1,0,0
2025-09-23 09:41:10,user_494,third_party,pqc,92.0,EU,high,transaction,low,read,169206,18,0.03,0,1,1
2025-09-23 09:41:15,user_495,third_party,pqc,65.0,Unknown,medium,transaction,low,read,9985,18,4.03,1,0,0
2025-09-23 09:41:20,user_496,admin,classical,,India,medium,catalog,high,read,0,17,2.84,1,1,0
2025-09-23 09:41:25,user_497,admin,pqc,,Unknown,high,catalog,high,update,0,22,17.2,3,1,0
2025-09-23 09:41:30,user_498,guest,pqc,,Unknown,high,catalog,low,delete,0,20,15.85,1,0,0
2025-09-23 09:41:35,user_499,admin,classical,,India,high,backend_sync,medium,write,0,25,9.4,4,1,0
2025-09-23 09:41:40,user_500,service,classical,,India,medium,logs,low,read,0,16,1.64,1,0,0
2025-09-23 09:41:45,user_501,third_party,classical,40.0,Unknown,low,logs,medium,read,0,20,11.64,1,0,1
2025-09-23 09:41:50,user_502,auditor,classical,,Unknown,high,backend_sync,high,read,0,18,6.37,1,0,0
2025-09-23 09:41:55,user_503,service,pqc,,Unknown,medium,transaction,low,update,0,22,12.44,2,1,0
2025-09-23 09:42:00,user_504,third_party,classical,92.0,Unknown,high,logs,high,write,0,21,3.25,1,0,0
2025-09-23 09:42:05,user_505,employee,classical,,USA,medium,logs,medium,delete,0,19,13.06,1,0,0
2025-09-23 09:42:10,user_506,third_party,pqc,65.0,EU,high,transaction,medium,write,43105,19,3.28,0,1,0
2025-09-23 09:42:15,user_507,guest,classical,,EU,medium,transaction,high,write,0,22,14.27,2,0,1
2025-09-23 09:42:20,user_508,employee,pqc,,EU,medium,customer_kyc,high,write,0,15,7.3,2,0,0
2025-09-23 09:42:25,user_509,employee,classical,,Unknown,low,catalog,high,delete,0,30,14.25,1,0,1
2025-09-23 09:42:30,user_510,third_party,classical,92.0,USA,medium,catalog,medium,update,0,28,13.23,0,0,0
2025-09-23 09:42:35,user_511,third_party,classical,92.0,EU,high,catalog,medium,delete,0,23,12.09,0,0,0
2025-09-23 09:42:40,user_512,auditor,classical,,USA,medium,backend_sync,low,delete,0,31,13.01,0,0,0
2025-09-23 09:42:45,user_513,third_party,classical,40.0,USA,low,catalog,high,write,0,20,8.4,2,1,1
2025-09-23 09:42:50,user_514,service,classical,,USA,low,catalog,low,read,0,24,21.05,2,1,0
2025-09-23 09:42:55,user_515,admin,classical,,India,medium,customer_kyc,medium,update,0,27,13.86,1,0,0
2025-09-23 09:43:00,user_516,employee,classical,,EU,low,payroll,high,update,0,33,14.82,0,1,1
2025-09-23 09:43:05,user_517,employee,pqc,,Unknown,medium,logs,medium,write,0,20,18.58,0,1,0
2025-09-23 09:43:10,user_518,guest,classical,,EU,high,backend_sync,low,delete,0,19,4.72,0,1,0
2025-09-23 09:43:15,user_519,employee,pqc,,USA,medium,logs,low,update,0,14,15.24,1,1,0
2025-09-23 09:43:20,user_520,employee,pqc,,India,high,backend_sync,low,write,0,11,4.61,1,0,0
2025-09-23 09:43:25,user_521,auditor,classical,,India,medium,logs,high,update,0,21,11.97,0,1,0
2025-09-23 09:43:30,user_522,third_party,classical,65.0,USA,high,catalog,low,update,0,16,16.46,1,0,0
2025-09-23 09:43:35,user_523,service,pqc,,EU,high,customer_kyc,medium,write,0,19,10.8,2,1,0
2025-09-23 09:43:40,user_524,admin,classical,,Unknown,high,transaction,medium,read,0,14,9.4,0,1,0
2025-09-23 09:43:45,user_525,employee,pqc,,EU,medium,logs,medium,update,0,17,10.73,0,0,0
2025-09-23 09:43:50,user_526,auditor,classical,,India,medium,transaction,high,delete,20677,16,8.82,1,0,0
2025-09-23 09:43:55,user_527,guest,classical,,EU,low,transaction,medium,write,0,24,10.68,0,1,1
2025-09-23 09:44:00,user_528,service,classical,,India,high,backend_sync,low,delete,0,28,16.31,4,1,0
2025-09-23 09:44:05,user_529,employee,classical,,USA,high,backend_sync,low,update,0,17,3.61,0,0,0
2025-09-23 09:44:10,user_530,service,classical,,EU,medium,catalog,low,update,0,13,12.26,0,1,0
2025-09-23 09:44:15,user_531,third_party,classical,92.0,India,medium,catalog,medium,write,0,21,2.75,2,1,0
2025-09-23 09:44:20,user_532,employee,pqc,,USA,low,backend_sync,medium,read,0,20,9.89,0,0,0
2025-09-23 09:44:25,user_533,auditor,classical,,EU,low,payroll,low,update,0,15,17.2,3,1,0
2025-09-23 09:44:30,user_534,auditor,pqc,,EU,high,logs,medium,write,0,23,18.48,0,0,0
2025-09-23 09:44:35,user_535,auditor,classical,,India,low,customer_kyc,low,read,0,16,2.39,0,0,0
2025-09-23 09:44:40,user_536,employee,classical,,India,medium,logs,high,write,0,24,11.94,1,1,0
2025-09-23 09:44:45,user_537,third_party,classical,65.0,India,high,catalog,high,read,0,23,19.43,2,0,0
2025-09-23 09:44:50,user_538,third_party,pqc,65.0,Unknown,high,catalog,low,write,0,32,16.08,1,0,0
2025-09-23 09:44:55,user_539,third_party,classical,40.0,USA,low,backend_sync,low,delete,0,28,4.75,4,0,1
2025-09-23 09:45:00,user_540,guest,classical,,India,high,catalog,medium,delete,0,28,6.57,0,0,0
2025-09-23 09:45:05,user_541,third_party,pqc,65.0,EU,high,backend_sync,medium,read,0,19,10.55,1,1,0
2025-09-23 09:45:10,user_542,admin,classical,,Unknown,low,customer_kyc,medium,delete,0,21,4.66,4,1,0
2025-09-23 09:45:15,user_543,third_party,pqc,40.0,India,low,catalog,medium,delete,0,23,10.89,0,0,1
2025-09-23 09:45:20,user_544,auditor,classical,,USA,medium,payroll,low,update,0,15,11.39,0,0,0
2025-09-23 09:45:25,user_545,auditor,pqc,,Unknown,high,logs,high,write,0,16,2.64,0,0,0
2025-09-23 09:45:30,user_546,employee,pqc,,EU,low,transaction,medium,read,0,25,9.16,0,1,0
2025-09-23 09:45:35,user_547,third_party,pqc,65.0,EU,medium,logs,medium,read,0,18,17.56,0,0,0
2025-09-23 09:45:40,user_548,auditor,pqc,,USA,medium,payroll,medium,update,0,25,7.57,0,0,0
2025-09-23 09:45:45,user_549,third_party,pqc,40.0,EU,medium,backend_sync,medium,read,0,26,9.95,1,0,1
2025-09-23 09:45:50,user_550,third_party,classical,92.0,India,high,logs,medium,write,0,24,7.61,0,1,0
2025-09-23 09:45:55,user_551,third_party,pqc,65.0,EU,low,payroll,medium,write,0,26,12.33,1,1,0
2025-09-23 09:46:00,user_552,employee,classical,,EU,low,transaction,low,write,0,22,14.64,1,0,0
2025-09-23 09:46:05,user_553,admin,pqc,,India,medium,transaction,high,delete,113455,29,7.5,2,0,1
2025-09-23 09:46:10,user_554,third_party,classical,65.0,USA,high,backend_sync,medium,delete,0,19,7.47,0,0,0
2025-09-23 09:46:15,user_555,auditor,pqc,,EU,medium,catalog,medium,update,0,16,10.78,1,0,0
2025-09-23 09:46:20,user_556,guest,classical,,Unknown,high,backend_sync,high,delete,0,17,6.14,0,1,0
2025-09-23 09:46:25,user_557,auditor,pqc,,EU,low,customer_kyc,low,delete,0,17,2.58,3,0,0
2025-09-23 09:46:30,user_558,guest,pqc,,USA,medium,backend_sync,medium,update,0,18,8.94,2,1,0
2025-09-23 09:46:35,user_559,auditor,classical,,India,medium,transaction,medium,write,76838,18,11.83,1,1,0
2025-09-23 09:46:40,user_560,employee,classical,,EU,low,backend_sync,medium,update,0,15,5.11,4,0,0
2025-09-23 09:46:45,user_561,employee,classical,,USA,high,payroll,medium,delete,0,17,4.36,0,1,0
2025-09-23 09:46:50,user_562,third_party,pqc,92.0,India,high,logs,high,delete,0,13,9.1,1,0,0
2025-09-23 09:46:55,user_563,service,pqc,,India,medium,catalog,medium,update,0,15,15.64,0,1,0
2025-09-23 09:47:00,user_564,auditor,classical,,India,high,logs,low,delete,0,16,10.38,0,1,0
2025-09-23 09:47:05,user_565,third_party,classical,92.0,Unknown,high,customer_kyc,low,update,0,11,16.23,3,0,0
2025-09-23 09:47:10,user_566,auditor,pqc,,USA,high,transaction,medium,delete,0,23,10.68,3,1,0
2025-09-23 09:47:15,user_567,third_party,classical,92.0,USA,medium,logs,medium,write,0,19,0.87,2,1,0
2025-09-23 09:47:20,user_568,auditor,pqc,,EU,medium,catalog,high,write,0,26,7.51,0,0,0
2025-09-23 09:47:25,user_569,auditor,pqc,,USA,high,customer_kyc,high,read,0,14,17.51,2,0,0
2025-09-23 09:47:30,user_570,guest,classical,,EU,medium,logs,medium,update,0,21,5.95,1,1,0
2025-09-23 09:47:35,user_571,service,classical,,USA,medium,transaction,medium,read,187861,18,7.32,0,1,1
2025-09-23 09:47:40,user_572,auditor,classical,,USA,medium,payroll,low,write,0,21,2.76,0,0,0
2025-09-23 09:47:45,user_573,third_party,classical,65.0,USA,high,customer_kyc,high,read,0,12,5.34,2,1,0
2025-09-23 09:47:50,user_574,guest,pqc,,EU,medium,catalog,medium,update,0,27,10.89,0,0,0
2025-09-23 09:47:55,user_575,guest,pqc,,Unknown,high,transaction,high,update,89196,12,16.06,0,0,1
2025-09-23 09:48:00,user_576,service,pqc,,Unknown,high,logs,low,read,0,23,9.74,1,0,0
2025-09-23 09:48:05,user_577,third_party,pqc,65.0,USA,high,catalog,high,delete,0,20,16.23,2,0,0
2025-09-23 09:48:10,user_578,service,pqc,,India,medium,backend_sync,low,write,0,16,20.71,1,1,0
2025-09-23 09:48:15,user_579,third_party,pqc,40.0,Unknown,low,customer_kyc,high,write,0,17,7.8,2,0,1
2025-09-23 09:48:20,user_580,service,pqc,,India,low,catalog,low,read,0,19,16.56,1,1,0
2025-09-23 09:48:25,user_581,service,classical,,Unknown,low,backend_sync,medium,write,0,21,10.76,0,0,0
2025-09-23 09:48:30,user_582,auditor,pqc,,USA,medium,payroll,medium,update,0,18,7.79,3,0,0
2025-09-23 09:48:35,user_583,auditor,classical,,EU,low,customer_kyc,high,update,0,21,9.41,0,1,1
2025-09-23 09:48:40,user_584,employee,pqc,,USA,high,payroll,high,read,0,21,5.77,1,1,0
2025-09-23 09:48:45,user_585,third_party,pqc,92.0,India,medium,backend_sync,high,delete,0,35,1.04,1,1,0
2025-09-23 09:48:50,user_586,admin,classical,,Unknown,medium,customer_kyc,high,update,0,12,9.12,1,1,0
2025-09-23 09:48:55,user_587,admin,pqc,,Unknown,low,payroll,medium,delete,0,26,11.85,1,1,0
2025-09-23 09:49:00,user_588,guest,pqc,,Unknown,medium,customer_kyc,low,update,0,24,14.7,2,1,1
2025-09-23 09:49:05,user_589,admin,pqc,,India,high,catalog,low,read,0,24,14.99,2,1,0
2025-09-23 09:49:10,user_590,employee,pqc,,USA,high,catalog,high,write,0,32,7.63,1,1,0
2025-09-23 09:49:15,user_591,employee,pqc,,USA,medium,customer_kyc,medium,write,0,23,20.04,0,0,0
2025-09-23 09:49:20,user_592,admin,classical,,USA,medium,catalog,medium,read,0,17,9.76,0,0,0
2025-09-23 09:49:25,user_593,employee,pqc,,India,high,logs,medium,update,0,21,4.14,2,0,0
2025-09-23 09:49:30,user_594,employee,pqc,,India,medium,backend_sync,low,delete,0,14,8.33,3,0,0
2025-09-23 09:49:35,user_595,admin,pqc,,USA,high,backend_sync,high,write,0,22,6.66,0,0,0
2025-09-23 09:49:40,user_596,admin,classical,,India,medium,payroll,medium,delete,0,20,10.38,2,0,0
2025-09-23 09:49:45,user_597,service,classical,,India,medium,transaction,low,update,0,18,8.16,2,0,0
2025-09-23 09:49:50,user_598,employee,pqc,,Unknown,low,logs,medium,delete,0,24,11.22,1,1,0
2025-09-23 09:49:55,user_599,third_party,pqc,40.0,EU,high,transaction,high,update,89274,21,11.52,1,1,1
2025-09-23 09:50:00,user_600,service,pqc,,EU,high,transaction,low,delete,0,21,10.23,1,1,0
2025-09-23 09:50:05,user_601,third_party,pqc,92.0,USA,low,transaction,high,update,82222,13,9.03,0,0,1
2025-09-23 09:50:10,user_602,admin,pqc,,Unknown,medium,logs,high,read,0,20,7.23,2,1,0
2025-09-23 09:50:15,user_603,employee,classical,,India,medium,transaction,low,update,129697,19,10.75,0,0,1
2025-09-23 09:50:20,user_604,admin,pqc,,EU,high,backend_sync,medium,read,0,20,10.63,0,0,0
2025-09-23 09:50:25,user_605,service,pqc,,Unknown,high,customer_kyc,high,delete,0,24,5.1,1,1,0
2025-09-23 09:50:30,user_606,service,classical,,EU,low,transaction,medium,delete,29046,22,6.03,2,0,0
2025-09-23 09:50:35,user_607,employee,classical,,India,medium,backend_sync,medium,update,0,21,1.19,0,1,0
2025-09-23 09:50:40,user_608,service,classical,,USA,low,catalog,medium,write,0,21,16.31,0,1,0
2025-09-23 09:50:45,user_609,third_party,classical,92.0,Unknown,low,customer_kyc,medium,write,0,13,4.41,2,0,0
2025-09-23 09:50:50,user_610,admin,pqc,,Unknown,low,catalog,low,delete,0,23,13.31,0,1,0
2025-09-23 09:50:55,user_611,service,classical,,USA,high,payroll,high,delete,0,26,9.05,1,0,0
2025-09-23 09:51:00,user_612,guest,classical,,USA,low,customer_kyc,medium,update,0,13,4.91,5,0,1
2025-09-23 09:51:05,user_613,third_party,classical,65.0,USA,medium,customer_kyc,low,update,0,23,17.58,0,0,0
2025-09-23 09:51:10,user_614,third_party,classical,65.0,India,medium,payroll,high,delete,0,20,14.58,0,0,0
2025-09-23 09:51:15,user_615,guest,pqc,,India,high,catalog,low,update,0,21,3.09,2,1,0
2025-09-23 09:51:20,user_616,service,pqc,,Unknown,low,payroll,medium,write,0,16,15.06,1,0,0
2025-09-23 09:51:25,user_617,guest,pqc,,EU,high,backend_sync,medium,write,0,23,1.95,3,0,0
2025-09-23 09:51:30,user_618,third_party,classical,65.0,India,high,transaction,medium,read,0,20,4.18,3,0,0
2025-09-23 09:51:35,user_619,service,pqc,,Unknown,high,catalog,high,read,0,19,13.86,0,1,0
2025-09-23 09:51:40,user_620,auditor,pqc,,USA,medium,payroll,low,delete,0,17,17.14,2,1,0
2025-09-23 09:51:45,user_621,employee,classical,,Unknown,low,backend_sync,high,update,0,21,6.27,0,0,1
2025-09-23 09:51:50,user_622,admin,pqc,,Unknown,high,customer_kyc,medium,read,0,24,9.71,0,1,0
2025-09-23 09:51:55,user_623,auditor,classical,,Unknown,medium,payroll,medium,read,0,22,11.21,0,0,0
2025-09-23 09:52:00,user_624,service,pqc,,EU,low,catalog,high,update,0,19,13.27,2,1,1
2025-09-23 09:52:05,user_625,service,classical,,EU,medium,logs,low,update,0,18,10.79,0,0,0
2025-09-23 09:52:10,user_626,auditor,pqc,,EU,medium,customer_kyc,medium,read,0,19,7.53,2,0,0
2025-09-23 09:52:15,user_627,service,classical,,India,low,catalog,low,write,0,24,7.17,0,0,0
2025-09-23 09:52:20,user_628,guest,classical,,USA,high,logs,low,read,0,13,15.2,1,0,0
2025-09-23 09:52:25,user_629,auditor,classical,,Unknown,high,customer_kyc,medium,read,0,16,11.38,3,1,0
2025-09-23 09:52:30,user_630,guest,pqc,,EU,medium,customer_kyc,low,read,0,16,14.76,0,1,1
2025-09-23 09:52:35,user_631,service,classical,,Unknown,medium,logs,high,update,0,21,0.32,0,1,0
2025-09-23 09:52:40,user_632,guest,pqc,,EU,low,customer_kyc,high,read,0,20,8.38,2,1,1
2025-09-23 09:52:45,user_633,employee,classical,,USA,low,payroll,medium,update,0,11,6.56,1,0,0
2025-09-23 09:52:50,user_634,guest,pqc,,India,low,catalog,low,write,0,22,6.91,2,0,0
2025-09-23 09:52:55,user_635,guest,classical,,India,high,payroll,medium,update,0,20,11.76,0,0,0
2025-09-23 09:53:00,user_636,guest,pqc,,Unknown,high,backend_sync,medium,update,0,17,10.33,0,0,0
2025-09-23 09:53:05,user_637,admin,classical,,EU,high,transaction,high,read,0,18,8.27,1,0,0
2025-09-23 09:53:10,user_638,auditor,pqc,,EU,medium,transaction,low,read,145845,22,4.84,0,0,1
2025-09-23 09:53:15,user_639,employee,pqc,,EU,high,payroll,medium,delete,0,19,7.2,0,0,0
2025-09-23 09:53:20,user_640,admin,classical,,EU,low,payroll,high,delete,0,17,6.17,0,0,1
2025-09-23 09:53:25,user_641,auditor,classical,,India,high,logs,low,delete,0,14,8.76,0,0,0
2025-09-23 09:53:30,user_642,third_party,pqc,92.0,USA,low,payroll,low,delete,0,25,7.96,2,1,0
2025-09-23 09:53:35,user_643,guest,pqc,,EU,low,catalog,medium,delete,0,25,10.76,1,1,0
2025-09-23 09:53:40,user_644,admin,classical,,India,low,logs,low,delete,0,16,12.71,1,1,0
2025-09-23 09:53:45,user_645,guest,classical,,India,high,transaction,high,update,0,20,7.02,0,1,1
2025-09-23 09:53:50,user_646,guest,classical,,USA,medium,backend_sync,low,delete,0,18,3.9,0,0,0
2025-09-23 09:53:55,user_647,guest,classical,,India,medium,transaction,medium,write,1147,23,12.07,0,1,1
2025-09-23 09:54:00,user_648,guest,pqc,,Unknown,high,catalog,high,read,0,20,7.66,1,0,0
2025-09-23 09:54:05,user_649,admin,pqc,,India,high,transaction,medium,write,43939,19,10.16,0,0,0
2025-09-23 09:54:10,user_650,third_party,classical,40.0,India,medium,backend_sync,high,update,0,18,4.66,0,0,1
2025-09-23 09:54:15,user_651,employee,pqc,,India,high,logs,high,read,0,14,8.38,1,0,0
2025-09-23 09:54:20,user_652,third_party,pqc,65.0,USA,medium,customer_kyc,high,read,0,24,11.99,0,1,0
2025-09-23 09:54:25,user_653,auditor,pqc,,EU,high,customer_kyc,high,update,0,18,13.68,1,0,0
2025-09-23 09:54:30,user_654,third_party,classical,65.0,Unknown,high,backend_sync,low,delete,0,11,11.56,0,0,0
2025-09-23 09:54:35,user_655,employee,classical,,Unknown,low,transaction,low,update,175172,29,14.84,3,1,1
2025-09-23 09:54:40,user_656,auditor,pqc,,EU,high,transaction,low,read,0,21,5.98,1,0,0
2025-09-23 09:54:45,user_657,auditor,pqc,,USA,medium,payroll,high,write,0,23,14.5,3,1,0
2025-09-23 09:54:50,user_658,service,classical,,India,high,catalog,high,write,0,25,7.11,0,0,0
2025-09-23 09:54:55,user_659,third_party,pqc,40.0,USA,high,customer_kyc,high,read,0,14,14.74,2,0,1
2025-09-23 09:55:00,user_660,auditor,pqc,,India,low,payroll,low,read,0,21,4.88,0,0,0
2025-09-23 09:55:05,user_661,service,classical,,India,high,logs,high,read,0,21,15.96,2,0,0
2025-09-23 09:55:10,user_662,employee,pqc,,EU,low,catalog,high,delete,0,21,18.8,1,1,1
2025-09-23 09:55:15,user_663,employee,classical,,Unknown,low,transaction,high,read,0,15,18.08,0,0,1
2025-09-23 09:55:20,user_664,admin,classical,,India,medium,customer_kyc,high,read,0,18,2.33,1,0,0
2025-09-23 09:55:25,user_665,auditor,pqc,,India,low,backend_sync,high,write,0,20,13.15,3,1,1
2025-09-23 09:55:30,user_666,admin,pqc,,EU,low,payroll,medium,delete,0,15,7.91,1,0,0
2025-09-23 09:55:35,user_667,service,classical,,USA,high,customer_kyc,medium,delete,0,16,12.04,1,1,0
2025-09-23 09:55:40,user_668,admin,pqc,,USA,medium,payroll,low,write,0,21,16.35,0,0,0
2025-09-23 09:55:45,user_669,third_party,pqc,92.0,India,medium,logs,low,write,0,22,13.47,1,0,0
2025-09-23 09:55:50,user_670,third_party,pqc,40.0,USA,medium,logs,low,update,0,13,2.5,1,1,1
2025-09-23 09:55:55,user_671,employee,pqc,,India,high,logs,low,read,0,29,15.05,0,0,0
2025-09-23 09:56:00,user_672,employee,classical,,Unknown,high,logs,high,write,0,16,9.91,3,1,0
2025-09-23 09:56:05,user_673,guest,classical,,Unknown,high,catalog,low,write,0,21,11.97,1,0,0
2025-09-23 09:56:10,user_674,third_party,classical,40.0,USA,high,catalog,low,read,0,20,19.04,1,1,1
2025-09-23 09:56:15,user_675,service,classical,,EU,medium,logs,medium,write,0,25,7.77,0,0,0
2025-09-23 09:56:20,user_676,employee,classical,,EU,high,catalog,high,update,0,24,20.59,1,0,0
2025-09-23 09:56:25,user_677,service,classical,,India,low,backend_sync,high,delete,0,18,12.3,2,0,1
2025-09-23 09:56:30,user_678,guest,pqc,,EU,low,backend_sync,low,read,0,24,1.73,2,1,0
2025-09-23 09:56:35,user_679,auditor,classical,,EU,medium,transaction,low,write,96226,17,7.02,1,0,0
2025-09-23 09:56:40,user_680,admin,classical,,EU,high,backend_sync,high,write,0,22,6.03,2,0,0
2025-09-23 09:56:45,user_681,auditor,pqc,,Unknown,high,customer_kyc,medium,delete,0,21,3.43,0,0,0
2025-09-23 09:56:50,user_682,third_party,classical,65.0,EU,medium,customer_kyc,low,delete,0,18,11.91,0,0,0
2025-09-23 09:56:55,user_683,guest,classical,,EU,high,customer_kyc,medium,read,0,23,11.58,0,0,1
2025-09-23 09:57:00,user_684,guest,classical,,EU,low,customer_kyc,low,delete,0,15,12.65,1,1,1
2025-09-23 09:57:05,user_685,employee,classical,,India,medium,transaction,high,update,82411,24,10.84,2,0,0
2025-09-23 09:57:10,user_686,employee,classical,,India,medium,backend_sync,medium,update,0,12,12.22,1,1,0
2025-09-23 09:57:15,user_687,auditor,pqc,,India,low,catalog,medium,delete,0,19,3.83,0,1,0
2025-09-23 09:57:20,user_688,employee,classical,,India,medium,customer_kyc,medium,write,0,13,17.54,1,0,0
2025-09-23 09:57:25,user_689,admin,pqc,,India,medium,transaction,medium,write,193145,20,9.35,0,1,1
2025-09-23 09:57:30,user_690,service,classical,,Unknown,low,payroll,medium,write,0,16,17.19,3,0,0
2025-09-23 09:57:35,user_691,admin,pqc,,USA,high,catalog,high,delete,0,20,4.69,0,0,0
2025-09-23 09:57:40,user_692,third_party,classical,40.0,USA,low,transaction,low,read,62061,19,6.43,1,1,1
2025-09-23 09:57:45,user_693,admin,classical,,Unknown,low,logs,high,read,0,25,11.27,3,0,1
2025-09-23 09:57:50,user_694,employee,classical,,USA,medium,catalog,low,update,0,17,12.01,0,0,0
2025-09-23 09:57:55,user_695,service,classical,,Unknown,high,logs,high,read,0,20,9.46,1,0,0
2025-09-23 09:58:00,user_696,auditor,pqc,,India,high,payroll,medium,write,0,20,1.95,0,0,0
2025-09-23 09:58:05,user_697,guest,classical,,EU,low,logs,high,write,0,16,5.14,3,0,1
2025-09-23 09:58:10,user_698,guest,pqc,,India,low,logs,low,read,0,16,16.57,2,0,0
2025-09-23 09:58:15,user_699,third_party,pqc,40.0,Unknown,high,payroll,high,update,0,20,10.57,3,0,1
2025-09-23 09:58:20,user_700,auditor,classical,,EU,medium,logs,low,read,0,20,4.93,3,0,0
2025-09-23 09:58:25,user_701,auditor,pqc,,USA,low,backend_sync,high,read,0,16,15.65,0,0,1
2025-09-23 09:58:30,user_702,guest,pqc,,USA,high,logs,high,read,0,19,12.6,0,1,0
2025-09-23 09:58:35,user_703,admin,classical,,EU,medium,logs,low,delete,0,22,5.33,2,1,0
2025-09-23 09:58:40,user_704,guest,classical,,India,low,customer_kyc,low,delete,0,18,13.44,1,1,1
2025-09-23 09:58:45,user_705,guest,pqc,,Unknown,medium,transaction,medium,read,0,24,1.72,0,1,1
2025-09-23 09:58:50,user_706,guest,classical,,Unknown,medium,customer_kyc,high,write,0,14,20.84,1,0,1
2025-09-23 09:58:55,user_707,employee,classical,,EU,high,payroll,high,read,0,22,11.69,1,0,0
2025-09-23 09:59:00,user_708,auditor,pqc,,India,high,customer_kyc,high,update,0,15,7.51,2,0,0
2025-09-23 09:59:05,user_709,guest,classical,,Unknown,high,backend_sync,medium,write,0,29,8.52,0,0,0
2025-09-23 09:59:10,user_710,third_party,pqc,40.0,EU,high,transaction,high,update,0,21,8.59,0,0,1
2025-09-23 09:59:15,user_711,admin,classical,,EU,low,customer_kyc,low,read,0,21,16.02,1,1,0
2025-09-23 09:59:20,user_712,auditor,pqc,,Unknown,medium,logs,low,delete,0,12,5.9,2,1,0
2025-09-23 09:59:25,user_713,auditor,classical,,USA,high,payroll,high,update,0,17,7.61,0,1,0
2025-09-23 09:59:30,user_714,guest,pqc,,USA,low,backend_sync,high,write,0,26,13.18,1,1,1
2025-09-23 09:59:35,user_715,auditor,pqc,,Unknown,high,customer_kyc,low,write,0,22,7.04,1,0,0
2025-09-23 09:59:40,user_716,third_party,classical,65.0,Unknown,medium,transaction,low,write,146171,12,5.05,0,1,1
2025-09-23 09:59:45,user_717,admin,pqc,,India,medium,logs,high,write,0,27,7.97,2,0,0
2025-09-23 09:59:50,user_718,service,pqc,,India,high,catalog,medium,delete,0,21,11.12,1,1,0
2025-09-23 09:59:55,user_719,third_party,pqc,92.0,Unknown,low,logs,high,update,0,21,4.87,2,1,1
2025-09-23 10:00:00,user_720,admin,pqc,,EU,low,payroll,high,update,0,22,7.89,0,1,1
2025-09-23 10:00:05,user_721,admin,classical,,India,high,catalog,low,update,0,20,7.51,1,0,0
2025-09-23 10:00:10,user_722,auditor,pqc,,India,high,backend_sync,high,update,0,17,7.55,1,0,0
2025-09-23 10:00:15,user_723,admin,pqc,,USA,high,payroll,low,write,0,20,10.66,1,0,0
2025-09-23 10:00:20,user_724,admin,pqc,,USA,medium,catalog,low,update,0,20,7.96,0,1,0
2025-09-23 10:00:25,user_725,employee,classical,,Unknown,high,payroll,high,read,0,24,3.99,0,0,0
2025-09-23 10:00:30,user_726,guest,pqc,,EU,high,customer_kyc,low,write,0,18,16.07,1,0,1
2025-09-23 10:00:35,user_727,service,pqc,,Unknown,medium,catalog,high,write,0,22,6.92,1,0,0
2025-09-23 10:00:40,user_728,admin,classical,,EU,medium,transaction,medium,write,153987,22,12.83,2,1,1
2025-09-23 10:00:45,user_729,third_party,pqc,40.0,EU,high,logs,medium,write,0,13,18.81,1,0,1
2025-09-23 10:00:50,user_730,admin,pqc,,Unknown,low,backend_sync,medium,update,0,20,15.11,2,1,0
2025-09-23 10:00:55,user_731,third_party,classical,92.0,EU,medium,catalog,medium,write,0,18,16.83,0,0,0
2025-09-23 10:01:00,user_732,auditor,classical,,India,high,customer_kyc,low,delete,0,26,7.64,3,0,0
2025-09-23 10:01:05,user_733,guest,classical,,USA,low,transaction,high,write,0,24,10.24,1,1,1
2025-09-23 10:01:10,user_734,third_party,pqc,40.0,USA,low,catalog,medium,read,0,12,13.68,1,1,1
2025-09-23 10:01:15,user_735,admin,pqc,,USA,high,catalog,high,delete,0,16,5.82,1,1,0
2025-09-23 10:01:20,user_736,third_party,classical,92.0,EU,high,logs,medium,read,0,16,11.63,3,0,0
2025-09-23 10:01:25,user_737,guest,classical,,EU,low,logs,medium,delete,0,11,12.53,1,0,0
2025-09-23 10:01:30,user_738,employee,classical,,Unknown,medium,customer_kyc,medium,delete,0,19,9.77,0,0,0
2025-09-23 10:01:35,user_739,auditor,classical,,India,high,backend_sync,low,write,0,22,10.31,0,1,0
2025-09-23 10:01:40,user_740,guest,pqc,,EU,medium,backend_sync,medium,delete,0,19,11.58,0,0,0
2025-09-23 10:01:45,user_741,service,pqc,,India,low,catalog,low,write,0,26,7.28,0,0,0
2025-09-23 10:01:50,user_742,third_party,classical,65.0,USA,medium,logs,medium,delete,0,23,13.13,1,0,0
2025-09-23 10:01:55,user_743,employee,classical,,India,medium,backend_sync,medium,update,0,14,8.53,3,1,0
2025-09-23 10:02:00,user_744,employee,pqc,,Unknown,low,customer_kyc,medium,read,0,14,15.89,0,1,0
2025-09-23 10:02:05,user_745,auditor,classical,,EU,high,backend_sync,high,update,0,26,11.34,0,1,0
2025-09-23 10:02:10,user_746,auditor,pqc,,India,medium,logs,low,read,0,17,6.78,0,0,0
2025-09-23 10:02:15,user_747,service,pqc,,India,low,logs,low,update,0,20,15.72,1,1,0
2025-09-23 10:02:20,user_748,admin,pqc,,EU,medium,logs,low,read,0,20,5.82,1,0,0
2025-09-23 10:02:25,user_749,admin,classical,,Unknown,low,payroll,high,write,0,24,8.98,1,0,1
2025-09-23 10:02:30,user_750,third_party,pqc,40.0,Unknown,high,transaction,medium,update,0,23,8.24,2,1,1
2025-09-23 10:02:35,user_751,auditor,pqc,,USA,low,logs,low,write,0,24,2.66,0,1,0
2025-09-23 10:02:40,user_752,guest,classical,,Unknown,medium,catalog,high,update,0,13,11.95,2,0,0
2025-09-23 10:02:45,user_753,guest,classical,,USA,low,customer_kyc,high,update,0,22,12.5,1,1,1
2025-09-23 10:02:50,user_754,third_party,classical,65.0,USA,low,logs,medium,read,0,18,10.1,0,0,0
2025-09-23 10:02:55,user_755,auditor,classical,,EU,low,logs,high,delete,0,23,4.63,0,0,1
2025-09-23 10:03:00,user_756,employee,classical,,USA,medium,catalog,medium,delete,0,22,11.18,0,1,0
2025-09-23 10:03:05,user_757,employee,pqc,,Unknown,medium,transaction,medium,update,59493,21,13.81,0,1,0
2025-09-23 10:03:10,user_758,service,classical,,EU,medium,customer_kyc,medium,update,0,17,15.49,1,1,0
2025-09-23 10:03:15,user_759,employee,pqc,,EU,low,catalog,medium,read,0,26,5.1,0,1,0
2025-09-23 10:03:20,user_760,auditor,classical,,Unknown,low,catalog,high,delete,0,17,14.24,0,0,1
2025-09-23 10:03:25,user_761,service,classical,,Unknown,high,catalog,low,delete,0,24,9.78,0,0,0
2025-09-23 10:03:30,user_762,guest,pqc,,India,low,logs,low,write,0,26,8.14,1,1,0
2025-09-23 10:03:35,user_763,service,pqc,,Unknown,medium,transaction,medium,read,148161,21,11.45,1,1,1
2025-09-23 10:03:40,user_764,third_party,pqc,92.0,Unknown,high,payroll,low,delete,0,19,12.27,0,0,0
2025-09-23 10:03:45,user_765,third_party,classical,40.0,USA,low,backend_sync,medium,delete,0,17,5.67,1,1,1
2025-09-23 10:03:50,user_766,guest,pqc,,USA,medium,payroll,low,update,0,21,13.19,1,0,0
2025-09-23 10:03:55,user_767,service,classical,,USA,high,customer_kyc,medium,update,0,19,21.19,2,1,0
2025-09-23 10:04:00,user_768,auditor,pqc,,USA,low,payroll,low,read,0,19,10.79,1,0,0
2025-09-23 10:04:05,user_769,service,classical,,USA,high,logs,medium,read,0,16,9.39,2,0,0
2025-09-23 10:04:10,user_770,admin,pqc,,USA,medium,logs,medium,read,0,17,3.11,2,0,0
2025-09-23 10:04:15,user_771,employee,pqc,,Unknown,medium,payroll,high,read,0,21,10.96,0,0,0
2025-09-23 10:04:20,user_772,admin,pqc,,EU,low,payroll,low,write,0,27,4.21,1,1,0
2025-09-23 10:04:25,user_773,admin,pqc,,USA,high,logs,low,write,0,26,8.18,3,1,0
2025-09-23 10:04:30,user_774,auditor,pqc,,USA,low,customer_kyc,medium,write,0,21,5.19,0,1,0
2025-09-23 10:04:35,user_775,guest,classical,,Unknown,low,catalog,low,update,0,25,15.59,1,0,0
2025-09-23 10:04:40,user_776,third_party,classical,40.0,India,low,payroll,low,read,0,14,3.73,0,0,1
2025-09-23 10:04:45,user_777,employee,classical,,USA,medium,customer_kyc,high,read,0,24,7.23,0,1,0
2025-09-23 10:04:50,user_778,service,pqc,,Unknown,medium,logs,medium,read,0,23,7.44,1,0,0
2025-09-23 10:04:55,user_779,guest,classical,,USA,high,customer_kyc,high,write,0,15,9.09,0,1,1
2025-09-23 10:05:00,user_780,guest,pqc,,EU,medium,transaction,medium,read,0,16,4.96,1,0,1
2025-09-23 10:05:05,user_781,employee,classical,,USA,high,payroll,medium,read,0,24,11.18,0,1,0
2025-09-23 10:05:10,user_782,admin,classical,,Unknown,medium,backend_sync,medium,update,0,13,14.77,0,1,0
2025-09-23 10:05:15,user_783,admin,pqc,,USA,low,logs,low,update,0,14,12.19,0,0,0
2025-09-23 10:05:20,user_784,employee,classical,,India,high,customer_kyc,medium,write,0,16,8.86,2,0,0
2025-09-23 10:05:25,user_785,employee,pqc,,Unknown,low,catalog,medium,write,0,13,13.21,3,1,0
2025-09-23 10:05:30,user_786,admin,pqc,,USA,high,backend_sync,high,write,0,17,7.27,1,1,0
2025-09-23 10:05:35,user_787,admin,classical,,EU,medium,catalog,high,update,0,20,12.39,2,1,0
2025-09-23 10:05:40,user_788,admin,pqc,,Unknown,high,backend_sync,low,update,0,26,9.15,3,0,0
2025-09-23 10:05:45,user_789,employee,classical,,Unknown,low,catalog,medium,delete,0,24,11.44,1,1,0
2025-09-23 10:05:50,user_790,auditor,pqc,,Unknown,low,transaction,low,delete,159741,17,15.13,0,1,1
2025-09-23 10:05:55,user_791,guest,pqc,,Unknown,low,backend_sync,low,write,0,14,12.2,1,0,0
2025-09-23 10:06:00,user_792,service,classical,,EU,high,payroll,medium,update,0,16,11.1,0,0,0
2025-09-23 10:06:05,user_793,employee,classical,,EU,high,catalog,high,read,0,25,16.95,1,1,0
2025-09-23 10:06:10,user_794,auditor,classical,,EU,low,transaction,low,delete,0,14,12.62,0,1,0
2025-09-23 10:06:15,user_795,guest,classical,,USA,medium,backend_sync,low,read,0,25,7.35,2,1,0
2025-09-23 10:06:20,user_796,guest,classical,,USA,low,logs,high,read,0,27,11.06,0,0,1
2025-09-23 10:06:25,user_797,admin,pqc,,USA,low,transaction,medium,read,0,17,13.54,0,0,0
2025-09-23 10:06:30,user_798,third_party,classical,40.0,India,low,transaction,low,delete,0,11,12.23,1,0,1
2025-09-23 10:06:35,user_799,auditor,pqc,,USA,medium,customer_kyc,medium,write,0,16,11.03,1,0,0
2025-09-23 10:06:40,user_800,admin,pqc,,India,low,catalog,low,read,0,19,14.92,0,1,0
2025-09-23 10:06:45,user_801,third_party,classical,65.0,India,medium,backend_sync,medium,update,0,21,5.66,0,1,0
2025-09-23 10:06:50,user_802,third_party,pqc,92.0,USA,high,logs,low,read,0,23,0.58,1,1,0
2025-09-23 10:06:55,user_803,service,classical,,Unknown,high,backend_sync,medium,update,0,27,10.05,2,1,0
2025-09-23 10:07:00,user_804,service,classical,,EU,high,transaction,medium,read,146505,20,11.83,1,1,1
2025-09-23 10:07:05,user_805,auditor,classical,,USA,medium,catalog,high,write,0,21,12.06,0,1,0
2025-09-23 10:07:10,user_806,employee,classical,,EU,medium,logs,low,delete,0,21,16.96,2,0,0
2025-09-23 10:07:15,user_807,employee,classical,,Unknown,high,backend_sync,low,write,0,21,8.63,0,0,0
2025-09-23 10:07:20,user_808,employee,classical,,USA,medium,payroll,medium,update,0,25,2.72,3,0,0
2025-09-23 10:07:25,user_809,auditor,pqc,,India,high,transaction,low,update,0,33,5.9,0,0,0
2025-09-23 10:07:30,user_810,service,pqc,,USA,medium,backend_sync,medium,read,0,16,14.06,0,1,0
2025-09-23 10:07:35,user_811,third_party,classical,65.0,India,medium,backend_sync,low,read,0,15,15.85,1,0,0
2025-09-23 10:07:40,user_812,auditor,classical,,USA,low,catalog,low,read,0,23,11.64,1,0,0
2025-09-23 10:07:45,user_813,service,pqc,,Unknown,medium,backend_sync,medium,delete,0,23,16.59,1,1,0
2025-09-23 10:07:50,user_814,auditor,pqc,,Unknown,high,payroll,low,read,0,17,11.73,0,1,0
2025-09-23 10:07:55,user_815,guest,pqc,,USA,high,customer_kyc,low,delete,0,18,6.2,1,1,1
2025-09-23 10:08:00,user_816,employee,classical,,EU,high,payroll,low,update,0,15,4.61,1,1,0
2025-09-23 10:08:05,user_817,auditor,classical,,India,high,catalog,medium,delete,0,23,10.32,2,1,0
2025-09-23 10:08:10,user_818,auditor,classical,,USA,low,transaction,low,write,113497,24,11.14,1,1,1
2025-09-23 10:08:15,user_819,employee,pqc,,EU,high,transaction,high,write,0,22,20.31,1,1,0
2025-09-23 10:08:20,user_820,employee,pqc,,EU,low,logs,medium,write,0,21,10.11,3,0,0
2025-09-23 10:08:25,user_821,auditor,classical,,Unknown,high,customer_kyc,medium,update,0,27,7.77,0,0,0
2025-09-23 10:08:30,user_822,guest,classical,,EU,medium,payroll,high,delete,0,16,4.49,0,1,0
2025-09-23 10:08:35,user_823,employee,pqc,,EU,medium,customer_kyc,low,read,0,23,7.05,1,0,0
2025-09-23 10:08:40,user_824,service,classical,,Unknown,medium,backend_sync,low,update,0,21,9.02,0,0,0
2025-09-23 10:08:45,user_825,admin,pqc,,Unknown,medium,logs,medium,delete,0,23,6.99,2,1,0
2025-09-23 10:08:50,user_826,admin,pqc,,USA,medium,payroll,high,delete,0,25,15.3,2,0,0
2025-09-23 10:08:55,user_827,guest,pqc,,Unknown,medium,backend_sync,high,update,0,19,15.45,1,1,0
2025-09-23 10:09:00,user_828,admin,classical,,Unknown,low,transaction,low,read,61734,22,8.79,1,0,0
2025-09-23 10:09:05,user_829,service,pqc,,USA,low,payroll,medium,read,0,22,8.99,0,1,0
2025-09-23 10:09:10,user_830,admin,classical,,EU,high,payroll,low,delete,0,29,5.97,1,1,0
2025-09-23 10:09:15,user_831,admin,classical,,EU,high,customer_kyc,low,delete,0,15,14.26,2,0,0
2025-09-23 10:09:20,user_832,auditor,classical,,USA,high,customer_kyc,medium,read,0,23,9.01,0,0,0
2025-09-23 10:09:25,user_833,service,classical,,EU,low,payroll,high,update,0,23,6.37,1,0,1
2025-09-23 10:09:30,user_834,admin,pqc,,USA,medium,logs,high,read,0,19,11.71,0,0,0
2025-09-23 10:09:35,user_835,guest,classical,,India,low,transaction,low,write,0,16,14.72,1,0,1
2025-09-23 10:09:40,user_836,admin,pqc,,USA,low,payroll,medium,read,0,24,17.17,0,1,0
2025-09-23 10:09:45,user_837,employee,pqc,,Unknown,high,catalog,high,update,0,25,10.16,0,0,0
2025-09-23 10:09:50,user_838,service,pqc,,Unknown,high,payroll,medium,read,0,19,18.43,2,0,0
2025-09-23 10:09:55,user_839,guest,pqc,,USA,low,customer_kyc,low,update,0,15,12.79,2,0,1
2025-09-23 10:10:00,user_840,guest,classical,,India,high,payroll,high,write,0,17,2.98,2,0,0
2025-09-23 10:10:05,user_841,service,pqc,,Unknown,medium,backend_sync,medium,write,0,23,6.85,1,0,0
2025-09-23 10:10:10,user_842,auditor,pqc,,Unknown,high,customer_kyc,high,write,0,28,16.61,0,0,0
2025-09-23 10:10:15,user_843,service,classical,,USA,low,logs,high,delete,0,19,15.36,1,1,1
2025-09-23 10:10:20,user_844,admin,pqc,,EU,medium,payroll,medium,update,0,22,9.08,1,1,0
2025-09-23 10:10:25,user_845,admin,classical,,India,medium,backend_sync,low,write,0,33,9.56,0,0,0
2025-09-23 10:10:30,user_846,guest,classical,,Unknown,medium,transaction,low,update,117939,18,2.11,2,0,1
2025-09-23 10:10:35,user_847,admin,pqc,,Unknown,high,catalog,high,update,0,25,16.27,1,0,0
2025-09-23 10:10:40,user_848,third_party,classical,40.0,USA,high,payroll,high,update,0,23,9.52,2,0,1
2025-09-23 10:10:45,user_849,employee,pqc,,Unknown,high,logs,medium,write,0,20,2.57,1,0,0
2025-09-23 10:10:50,user_850,service,pqc,,EU,low,customer_kyc,medium,delete,0,26,15.79,1,1,0
2025-09-23 10:10:55,user_851,admin,classical,,EU,low,payroll,medium,write,0,26,14.01,0,0,0
2025-09-23 10:11:00,user_852,guest,classical,,USA,medium,customer_kyc,high,delete,0,20,8.75,0,1,1
2025-09-23 10:11:05,user_853,auditor,pqc,,USA,high,customer_kyc,high,delete,0,9,6.22,0,0,0
2025-09-23 10:11:10,user_854,admin,classical,,India,medium,transaction,medium,delete,37911,13,9.84,3,1,0
2025-09-23 10:11:15,user_855,admin,classical,,India,low,backend_sync,high,read,0,19,12.16,0,1,1
2025-09-23 10:11:20,user_856,auditor,classical,,USA,low,catalog,medium,delete,0,23,3.31,3,1,0
2025-09-23 10:11:25,user_857,third_party,classical,65.0,USA,medium,backend_sync,medium,delete,0,15,10.31,4,1,0
2025-09-23 10:11:30,user_858,auditor,pqc,,India,medium,transaction,high,delete,0,25,11.57,0,1,0
2025-09-23 10:11:35,user_859,auditor,pqc,,EU,medium,catalog,low,read,0,18,12.08,3,1,0
2025-09-23 10:11:40,user_860,admin,classical,,Unknown,medium,transaction,medium,read,0,24,6.57,1,1,0
2025-09-23 10:11:45,user_861,third_party,pqc,40.0,USA,low,payroll,medium,read,0,20,9.87,0,0,1
2025-09-23 10:11:50,user_862,third_party,classical,65.0,India,medium,payroll,low,read,0,17,11.64,0,1,0
2025-09-23 10:11:55,user_863,auditor,classical,,India,medium,customer_kyc,medium,write,0,23,3.69,5,1,0
2025-09-23 10:12:00,user_864,third_party,classical,92.0,Unknown,low,transaction,medium,read,0,24,12.41,2,0,0
2025-09-23 10:12:05,user_865,service,classical,,EU,low,catalog,medium,delete,0,33,7.08,2,1,0
2025-09-23 10:12:10,user_866,service,classical,,EU,low,payroll,high,update,0,12,14.09,1,1,1
2025-09-23 10:12:15,user_867,employee,classical,,India,high,backend_sync,high,update,0,17,16.69,2,1,0
2025-09-23 10:12:20,user_868,admin,classical,,EU,low,customer_kyc,low,read,0,22,12.53,1,1,0
2025-09-23 10:12:25,user_869,third_party,classical,40.0,India,low,customer_kyc,low,read,0,28,0.61,0,0,1
2025-09-23 10:12:30,user_870,admin,classical,,USA,low,payroll,medium,write,0,21,9.25,0,0,0
2025-09-23 10:12:35,user_871,admin,pqc,,India,medium,logs,medium,write,0,22,15.17,1,1,0
2025-09-23 10:12:40,user_872,guest,pqc,,EU,medium,customer_kyc,medium,delete,0,25,8.64,4,1,1
2025-09-23 10:12:45,user_873,service,pqc,,India,high,customer_kyc,high,update,0,24,5.48,0,0,0
2025-09-23 10:12:50,user_874,guest,classical,,India,high,backend_sync,low,delete,0,28,17.13,1,0,0
2025-09-23 10:12:55,user_875,auditor,pqc,,Unknown,medium,catalog,low,write,0,21,7.99,1,1,0
2025-09-23 10:13:00,user_876,admin,classical,,Unknown,high,transaction,high,write,36729,18,3.16,1,0,0
2025-09-23 10:13:05,user_877,admin,classical,,India,low,catalog,medium,update,0,24,6.92,0,0,0
2025-09-23 10:13:10,user_878,guest,pqc,,Unknown,medium,logs,high,delete,0,32,9.2,1,1,0
2025-09-23 10:13:15,user_879,auditor,classical,,Unknown,medium,backend_sync,medium,write,0,22,13.54,1,1,0
2025-09-23 10:13:20,user_880,auditor,pqc,,EU,medium,backend_sync,high,update,0,13,14.91,2,1,0
2025-09-23 10:13:25,user_881,service,pqc,,India,high,logs,low,write,0,21,16.59,0,1,0
2025-09-23 10:13:30,user_882,admin,classical,,EU,high,payroll,medium,update,0,22,14.35,0,1,0
2025-09-23 10:13:35,user_883,service,classical,,USA,medium,backend_sync,medium,read,0,18,5.44,0,0,0
2025-09-23 10:13:40,user_884,admin,classical,,India,medium,transaction,medium,read,0,14,10.29,2,1,0
2025-09-23 10:13:45,user_885,third_party,classical,65.0,Unknown,low,logs,medium,update,0,36,8.56,1,0,0
2025-09-23 10:13:50,user_886,guest,classical,,USA,medium,transaction,low,write,32757,20,19.05,0,0,1
2025-09-23 10:13:55,user_887,guest,pqc,,USA,medium,customer_kyc,low,delete,0,21,6.67,1,0,1
2025-09-23 10:14:00,user_888,guest,pqc,,USA,low,customer_kyc,medium,write,0,27,11.59,1,0,1
2025-09-23 10:14:05,user_889,guest,pqc,,EU,medium,payroll,high,read,0,23,2.03,2,0,0
2025-09-23 10:14:10,user_890,auditor,pqc,,USA,medium,payroll,low,write,0,15,1.69,1,1,0
2025-09-23 10:14:15,user_891,auditor,classical,,EU,high,catalog,high,write,0,17,4.27,0,0,0
2025-09-23 10:14:20,user_892,employee,classical,,India,high,catalog,high,write,0,24,20.29,1,1,0
2025-09-23 10:14:25,user_893,third_party,pqc,65.0,Unknown,medium,catalog,low,write,0,20,12.7,2,1,0
2025-09-23 10:14:30,user_894,guest,classical,,Unknown,high,logs,low,update,0,21,7.6,1,0,0
2025-09-23 10:14:35,user_895,third_party,pqc,65.0,EU,medium,backend_sync,high,delete,0,22,23.82,2,0,0
2025-09-23 10:14:40,user_896,service,classical,,EU,low,logs,low,update,0,26,10.75,2,1,0
2025-09-23 10:14:45,user_897,service,pqc,,India,high,backend_sync,low,write,0,21,1.92,2,1,0
2025-09-23 10:14:50,user_898,service,pqc,,Unknown,low,backend_sync,high,delete,0,20,5.88,0,0,1
2025-09-23 10:14:55,user_899,auditor,classical,,USA,low,transaction,low,delete,0,24,7.8,0,0,0
2025-09-23 10:15:00,user_900,service,classical,,USA,low,backend_sync,medium,write,0,27,16.27,1,1,0
2025-09-23 10:15:05,user_901,admin,classical,,Unknown,high,backend_sync,medium,delete,0,25,6.06,1,0,0
2025-09-23 10:15:10,user_902,admin,classical,,Unknown,medium,transaction,low,delete,119060,32,12.77,0,0,1
2025-09-23 10:15:15,user_903,guest,pqc,,USA,low,catalog,low,write,0,26,6.79,2,0,0
2025-09-23 10:15:20,user_904,service,classical,,USA,medium,logs,medium,read,0,20,14.65,1,0,0
2025-09-23 10:15:25,user_905,guest,classical,,Unknown,high,backend_sync,low,delete,0,10,10.41,3,1,0
2025-09-23 10:15:30,user_906,admin,pqc,,USA,low,payroll,low,read,0,24,9.96,0,0,0
2025-09-23 10:15:35,user_907,auditor,classical,,EU,medium,customer_kyc,medium,read,0,17,14.22,0,1,0
2025-09-23 10:15:40,user_908,guest,pqc,,India,medium,customer_kyc,low,update,0,25,6.02,2,1,1
2025-09-23 10:15:45,user_909,auditor,pqc,,EU,high,backend_sync,high,delete,0,13,0.11,1,0,0
2025-09-23 10:15:50,user_910,third_party,classical,65.0,USA,low,logs,low,delete,0,17,13.22,1,1,0
2025-09-23 10:15:55,user_911,auditor,pqc,,EU,medium,customer_kyc,medium,update,0,14,13.13,1,1,0
2025-09-23 10:16:00,user_912,third_party,classical,92.0,USA,low,logs,high,delete,0,23,13.82,0,0,1
2025-09-23 10:16:05,user_913,guest,pqc,,Unknown,low,backend_sync,high,write,0,21,17.29,0,0,1
2025-09-23 10:16:10,user_914,guest,pqc,,India,low,transaction,low,update,10465,18,11.62,1,0,1
2025-09-23 10:16:15,user_915,admin,classical,,USA,high,transaction,low,write,0,12,15.78,1,1,0
2025-09-23 10:16:20,user_916,guest,classical,,USA,medium,catalog,low,write,0,15,16.2,0,0,0
2025-09-23 10:16:25,user_917,employee,pqc,,EU,low,customer_kyc,low,write,0,20,10.72,1,0,0
2025-09-23 10:16:30,user_918,employee,pqc,,India,high,logs,medium,read,0,25,10.88,1,1,0
2025-09-23 10:16:35,user_919,admin,pqc,,Unknown,high,transaction,medium,update,198673,21,9.61,1,1,1
2025-09-23 10:16:40,user_920,third_party,pqc,40.0,Unknown,low,logs,high,read,0,26,6.3,2,0,1
2025-09-23 10:16:45,user_921,guest,classical,,EU,high,payroll,high,update,0,18,1.57,0,1,0
2025-09-23 10:16:50,user_922,guest,classical,,India,low,catalog,medium,delete,0,14,11.56,3,0,0
2025-09-23 10:16:55,user_923,auditor,classical,,EU,medium,catalog,medium,delete,0,13,10.55,0,1,0
2025-09-23 10:17:00,user_924,guest,pqc,,Unknown,high,backend_sync,high,update,0,18,20.28,2,0,0
2025-09-23 10:17:05,user_925,service,pqc,,USA,low,customer_kyc,low,delete,0,28,15.93,0,1,0
2025-09-23 10:17:10,user_926,service,pqc,,EU,high,customer_kyc,low,update,0,24,8.12,0,1,0
2025-09-23 10:17:15,user_927,employee,classical,,USA,high,backend_sync,low,delete,0,25,5.22,1,0,0
2025-09-23 10:17:20,user_928,employee,pqc,,USA,high,payroll,medium,read,0,22,1.96,1,0,0
2025-09-23 10:17:25,user_929,employee,classical,,USA,low,catalog,medium,read,0,15,17.42,0,0,0
2025-09-23 10:17:30,user_930,auditor,pqc,,USA,medium,payroll,low,write,0,20,10.94,2,0,0
2025-09-23 10:17:35,user_931,employee,classical,,Unknown,high,payroll,low,update,0,10,16.74,0,0,0
2025-09-23 10:17:40,user_932,third_party,classical,40.0,India,low,customer_kyc,medium,update,0,20,11.12,1,0,1
2025-09-23 10:17:45,user_933,guest,classical,,EU,medium,backend_sync,high,update,0,20,13.3,2,0,0
2025-09-23 10:17:50,user_934,auditor,pqc,,USA,high,payroll,low,read,0,20,11.02,0,0,0
2025-09-23 10:17:55,user_935,third_party,classical,92.0,India,medium,backend_sync,high,update,0,19,13.64,2,0,0
2025-09-23 10:18:00,user_936,admin,classical,,Unknown,low,logs,high,read,0,15,11.18,1,1,1
2025-09-23 10:18:05,user_937,guest,pqc,,EU,low,payroll,low,update,0,23,11.07,1,1,0
2025-09-23 10:18:10,user_938,guest,pqc,,India,high,customer_kyc,low,read,0,20,13.58,0,0,1
2025-09-23 10:18:15,user_939,auditor,classical,,EU,low,payroll,low,read,0,20,6.52,1,0,0
2025-09-23 10:18:20,user_940,guest,pqc,,Unknown,medium,payroll,low,update,0,15,8.29,1,1,0
2025-09-23 10:18:25,user_941,third_party,classical,65.0,EU,high,catalog,high,update,0,19,2.97,3,0,0
2025-09-23 10:18:30,user_942,admin,classical,,EU,low,customer_kyc,high,delete,0,22,16.59,2,1,1
2025-09-23 10:18:35,user_943,third_party,classical,40.0,Unknown,medium,logs,low,write,0,26,6.35,2,0,1
2025-09-23 10:18:40,user_944,employee,pqc,,EU,high,customer_kyc,medium,read,0,13,8.08,2,0,0
2025-09-23 10:18:45,user_945,third_party,classical,40.0,Unknown,high,logs,high,delete,0,16,6.91,1,1,1
2025-09-23 10:18:50,user_946,guest,pqc,,Unknown,low,payroll,medium,delete,0,16,14.99,1,1,0
2025-09-23 10:18:55,user_947,guest,classical,,USA,low,payroll,low,delete,0,17,7.0,0,0,0
2025-09-23 10:19:00,user_948,admin,classical,,Unknown,medium,customer_kyc,low,read,0,20,10.46,1,0,0
2025-09-23 10:19:05,user_949,service,classical,,EU,medium,logs,high,read,0,14,13.53,2,0,0
2025-09-23 10:19:10,user_950,employee,classical,,Unknown,high,catalog,low,write,0,18,1.03,2,1,0
2025-09-23 10:19:15,user_951,employee,pqc,,India,high,backend_sync,medium,update,0,26,7.84,1,1,0
2025-09-23 10:19:20,user_952,third_party,classical,92.0,India,low,payroll,high,read,0,11,4.14,1,0,1
2025-09-23 10:19:25,user_953,third_party,classical,92.0,India,medium,payroll,low,update,0,18,15.76,0,1,0
2025-09-23 10:19:30,user_954,auditor,classical,,India,high,logs,medium,read,0,29,11.39,3,0,0
2025-09-23 10:19:35,user_955,admin,pqc,,EU,medium,customer_kyc,high,delete,0,22,14.99,1,0,0
2025-09-23 10:19:40,user_956,third_party,classical,40.0,EU,low,catalog,low,write,0,25,9.71,0,0,1
2025-09-23 10:19:45,user_957,employee,classical,,Unknown,high,logs,medium,write,0,9,14.49,2,0,0
2025-09-23 10:19:50,user_958,auditor,pqc,,USA,low,transaction,medium,read,0,20,15.12,0,1,0
2025-09-23 10:19:55,user_959,guest,pqc,,India,low,transaction,high,delete,173305,26,4.34,0,1,1
2025-09-23 10:20:00,user_960,admin,pqc,,USA,high,payroll,low,write,0,25,4.81,2,0,0
2025-09-23 10:20:05,user_961,employee,classical,,India,medium,logs,medium,delete,0,13,7.69,2,1,0
2025-09-23 10:20:10,user_962,guest,classical,,EU,low,catalog,high,delete,0,21,8.59,0,0,1
2025-09-23 10:20:15,user_963,employee,pqc,,Unknown,medium,logs,low,update,0,16,12.71,0,0,0
2025-09-23 10:20:20,user_964,guest,classical,,Unknown,medium,customer_kyc,high,read,0,14,18.43,1,0,1
2025-09-23 10:20:25,user_965,service,pqc,,Unknown,high,backend_sync,medium,write,0,22,9.49,3,0,0
2025-09-23 10:20:30,user_966,admin,classical,,India,medium,customer_kyc,high,read,0,17,12.58,1,1,0
2025-09-23 10:20:35,user_967,guest,pqc,,USA,low,logs,high,update,0,17,6.93,1,0,1
2025-09-23 10:20:40,user_968,third_party,classical,65.0,India,high,logs,low,read,0,19,4.39,1,0,0
2025-09-23 10:20:45,user_969,service,classical,,India,low,transaction,low,update,178367,24,12.56,2,0,1
2025-09-23 10:20:50,user_970,auditor,classical,,USA,low,payroll,low,update,0,20,7.73,1,1,0
2025-09-23 10:20:55,user_971,third_party,classical,40.0,Unknown,high,payroll,low,update,0,14,8.1,1,0,1
2025-09-23 10:21:00,user_972,employee,pqc,,Unknown,medium,transaction,high,write,0,18,21.48,1,1,0
2025-09-23 10:21:05,user_973,employee,pqc,,Unknown,medium,customer_kyc,medium,delete,0,17,3.95,2,1,0
2025-09-23 10:21:10,user_974,guest,pqc,,India,medium,catalog,low,read,0,21,2.89,0,0,0
2025-09-23 10:21:15,user_975,auditor,pqc,,EU,high,backend_sync,high,delete,0,22,10.88,0,1,0
2025-09-23 10:21:20,user_976,service,classical,,USA,medium,customer_kyc,high,write,0,22,16.15,0,1,0
2025-09-23 10:21:25,user_977,third_party,pqc,40.0,USA,medium,catalog,medium,write,0,14,15.32,0,1,1
2025-09-23 10:21:30,user_978,third_party,classical,40.0,Unknown,high,customer_kyc,low,delete,0,19,8.86,0,0,1
2025-09-23 10:21:35,user_979,service,classical,,India,medium,customer_kyc,medium,update,0,20,8.14,2,0,0
2025-09-23 10:21:40,user_980,auditor,pqc,,EU,low,logs,medium,read,0,23,22.61,1,1,0
2025-09-23 10:21:45,user_981,service,pqc,,USA,high,transaction,medium,read,0,14,10.96,6,1,0
2025-09-23 10:21:50,user_982,auditor,classical,,India,high,catalog,medium,write,0,22,3.13,0,1,0
2025-09-23 10:21:55,user_983,third_party,classical,65.0,Unknown,low,payroll,medium,delete,0,17,2.69,1,1,0
2025-09-23 10:22:00,user_984,third_party,classical,65.0,EU,high,customer_kyc,medium,read,0,22,2.45,1,0,0
2025-09-23 10:22:05,user_985,service,classical,,Unknown,medium,backend_sync,medium,write,0,17,11.98,0,0,0
2025-09-23 10:22:10,user_986,service,pqc,,USA,low,logs,low,delete,0,18,10.95,3,0,0
2025-09-23 10:22:15,user_987,third_party,classical,92.0,Unknown,high,customer_kyc,low,read,0,23,8.12,2,0,0
2025-09-23 10:22:20,user_988,third_party,classical,92.0,USA,medium,logs,medium,write,0,15,11.65,1,1,0
2025-09-23 10:22:25,user_989,guest,pqc,,EU,low,catalog,medium,read,0,17,16.27,4,0,0
2025-09-23 10:22:30,user_990,service,classical,,USA,high,catalog,high,read,0,22,11.24,1,1,0
2025-09-23 10:22:35,user_991,admin,classical,,India,low,logs,medium,read,0,11,13.38,2,1,0
2025-09-23 10:22:40,user_992,guest,classical,,Unknown,high,payroll,high,read,0,16,9.26,2,0,0
2025-09-23 10:22:45,user_993,service,classical,,USA,high,payroll,low,write,0,21,1.5,1,1,0
2025-09-23 10:22:50,user_994,admin,classical,,Unknown,low,customer_kyc,high,read,0,17,8.9,1,1,1
2025-09-23 10:22:55,user_995,third_party,classical,40.0,Unknown,low,transaction,low,read,0,27,7.16,1,1,1
2025-09-23 10:23:00,user_996,employee,classical,,Unknown,low,payroll,low,write,0,20,1.15,1,1,0
2025-09-23 10:23:05,user_997,admin,pqc,,USA,low,logs,low,update,0,19,13.18,1,0,0
2025-09-23 10:23:10,user_998,employee,pqc,,Unknown,high,customer_kyc,high,update,0,16,11.59,1,0,0
2025-09-23 10:23:15,user_999,service,classical,,India,low,backend_sync,low,read,0,20,19.07,0,0,0
2025-09-23 10:23:20,user_1000,employee,classical,,USA,medium,customer_kyc,medium,read,0,28,21.28,1,1,0
2025-09-23 10:23:25,user_1001,third_party,classical,40.0,India,low,customer_kyc,medium,write,0,17,6.9,1,0,1
2025-09-23 10:23:30,user_1002,service,classical,,USA,medium,logs,high,update,0,22,17.98,0,1,0
2025-09-23 10:23:35,user_1003,auditor,classical,,Unknown,high,logs,low,write,0,12,3.26,0,0,0
2025-09-23 10:23:40,user_1004,service,pqc,,EU,low,customer_kyc,high,delete,0,15,14.49,1,0,1
2025-09-23 10:23:45,user_1005,guest,classical,,Unknown,low,catalog,low,write,0,26,4.41,2,1,0
2025-09-23 10:23:50,user_1006,auditor,classical,,India,high,customer_kyc,low,delete,0,20,6.56,1,0,0
2025-09-23 10:23:55,user_1007,employee,classical,,EU,medium,logs,medium,read,0,15,8.41,2,0,0
2025-09-23 10:24:00,user_1008,third_party,pqc,65.0,USA,medium,catalog,low,write,0,20,12.01,0,1,0
2025-09-23 10:24:05,user_1009,service,classical,,India,high,payroll,low,read,0,23,9.38,0,1,0
2025-09-23 10:24:10,user_1010,service,pqc,,USA,low,transaction,medium,delete,102822,15,0.89,0,1,1
2025-09-23 10:24:15,user_1011,third_party,pqc,65.0,EU,medium,backend_sync,high,read,0,24,12.86,2,0,0
2025-09-23 10:24:20,user_1012,auditor,pqc,,EU,medium,customer_kyc,high,write,0,21,22.98,0,1,0
2025-09-23 10:24:25,user_1013,employee,pqc,,Unknown,high,transaction,low,update,49409,28,12.13,1,0,0
2025-09-23 10:24:30,user_1014,employee,classical,,India,high,catalog,low,read,0,19,13.75,1,1,0
2025-09-23 10:24:35,user_1015,guest,pqc,,USA,low,customer_kyc,high,write,0,19,9.32,2,0,1
2025-09-23 10:24:40,user_1016,guest,pqc,,India,high,payroll,low,read,0,20,2.81,0,0,0
2025-09-23 10:24:45,user_1017,auditor,pqc,,EU,medium,customer_kyc,medium,delete,0,25,6.37,0,1,0
2025-09-23 10:24:50,user_1018,employee,pqc,,India,medium,logs,low,delete,0,18,1.6,2,1,0
2025-09-23 10:24:55,user_1019,service,classical,,India,medium,payroll,medium,delete,0,15,1.0,1,0,0
2025-09-23 10:25:00,user_1020,employee,pqc,,EU,medium,transaction,low,update,0,16,9.12,1,1,0
2025-09-23 10:25:05,user_1021,auditor,pqc,,India,medium,logs,high,update,0,23,4.09,1,1,0
2025-09-23 10:25:10,user_1022,auditor,pqc,,Unknown,low,logs,high,delete,0,21,17.65,1,1,1
2025-09-23 10:25:15,user_1023,guest,classical,,USA,high,transaction,high,update,0,21,7.58,1,0,1
2025-09-23 10:25:20,user_1024,employee,pqc,,India,medium,backend_sync,medium,delete,0,27,10.07,1,0,0
2025-09-23 10:25:25,user_1025,third_party,pqc,92.0,India,low,catalog,medium,write,0,19,11.03,0,1,0
2025-09-23 10:25:30,user_1026,auditor,pqc,,Unknown,medium,payroll,low,write,0,29,11.22,1,1,0
2025-09-23 10:25:35,user_1027,guest,pqc,,USA,high,customer_kyc,high,delete,0,17,2.32,1,1,1
2025-09-23 10:25:40,user_1028,admin,pqc,,India,low,backend_sync,high,update,0,16,15.87,2,1,1
2025-09-23 10:25:45,user_1029,third_party,classical,40.0,Unknown,low,catalog,medium,delete,0,18,3.0,1,0,1
2025-09-23 10:25:50,user_1030,service,pqc,,EU,medium,backend_sync,high,write,0,18,8.9,1,1,0
2025-09-23 10:25:55,user_1031,admin,pqc,,EU,low,logs,low,update,0,15,18.57,0,1,0
2025-09-23 10:26:00,user_1032,guest,pqc,,EU,medium,backend_sync,high,delete,0,23,14.43,0,0,0
2025-09-23 10:26:05,user_1033,third_party,classical,92.0,India,high,customer_kyc,medium,write,0,21,8.43,1,1,0
2025-09-23 10:26:10,user_1034,auditor,classical,,EU,low,catalog,high,update,0,16,12.05,2,1,1
2025-09-23 10:26:15,user_1035,employee,pqc,,EU,high,backend_sync,high,read,0,28,17.66,2,1,0
2025-09-23 10:26:20,user_1036,third_party,classical,40.0,EU,high,payroll,high,delete,0,13,17.4,0,1,1
2025-09-23 10:26:25,user_1037,auditor,classical,,Unknown,high,catalog,high,write,0,19,2.61,2,0,0
2025-09-23 10:26:30,user_1038,third_party,classical,40.0,India,medium,customer_kyc,medium,update,0,22,3.26,1,0,1
2025-09-23 10:26:35,user_1039,auditor,classical,,Unknown,low,payroll,medium,read,0,34,4.0,0,0,0
2025-09-23 10:26:40,user_1040,employee,pqc,,EU,medium,payroll,low,delete,0,28,5.37,0,0,0
2025-09-23 10:26:45,user_1041,employee,pqc,,Unknown,medium,payroll,high,delete,0,21,9.78,2,1,0
2025-09-23 10:26:50,user_1042,auditor,classical,,EU,high,customer_kyc,medium,update,0,18,6.49,2,0,0
2025-09-23 10:26:55,user_1043,third_party,classical,65.0,EU,high,customer_kyc,medium,update,0,17,12.95,2,1,0
2025-09-23 10:27:00,user_1044,guest,classical,,USA,medium,customer_kyc,low,read,0,29,1.06,0,1,1
2025-09-23 10:27:05,user_1045,service,classical,,USA,medium,transaction,medium,read,88222,20,16.28,1,1,0
2025-09-23 10:27:10,user_1046,guest,classical,,USA,medium,backend_sync,medium,delete,0,24,7.93,1,1,0
2025-09-23 10:27:15,user_1047,employee,pqc,,EU,high,transaction,low,delete,146813,18,18.59,0,0,1
2025-09-23 10:27:20,user_1048,employee,classical,,Unknown,medium,backend_sync,low,delete,0,19,1.3,1,1,0
2025-09-23 10:27:25,user_1049,third_party,pqc,65.0,India,high,logs,medium,delete,0,25,9.54,1,0,0
2025-09-23 10:27:30,user_1050,admin,classical,,USA,low,transaction,low,update,0,20,6.36,1,1,0
2025-09-23 10:27:35,user_1051,admin,pqc,,EU,medium,backend_sync,high,update,0,17,7.17,1,0,0
2025-09-23 10:27:40,user_1052,service,pqc,,Unknown,low,logs,medium,update,0,19,9.12,0,0,0
2025-09-23 10:27:45,user_1053,third_party,classical,92.0,Unknown,medium,customer_kyc,high,delete,0,21,13.13,1,1,0
2025-09-23 10:27:50,user_1054,third_party,pqc,92.0,Unknown,medium,backend_sync,low,read,0,20,11.33,0,1,0
2025-09-23 10:27:55,user_1055,employee,classical,,Unknown,high,logs,high,delete,0,19,4.58,2,1,0
2025-09-23 10:28:00,user_1056,employee,classical,,Unknown,medium,customer_kyc,medium,write,0,20,22.92,2,0,0
2025-09-23 10:28:05,user_1057,guest,pqc,,EU,high,catalog,low,read,0,21,10.86,0,1,0
2025-09-23 10:28:10,user_1058,service,classical,,EU,medium,payroll,low,read,0,13,9.71,0,0,0
2025-09-23 10:28:15,user_1059,third_party,classical,92.0,India,high,transaction,high,update,0,14,14.99,1,1,0
2025-09-23 10:28:20,user_1060,admin,classical,,EU,medium,backend_sync,medium,update,0,21,5.9,0,1,0
2025-09-23 10:28:25,user_1061,guest,classical,,Unknown,medium,backend_sync,low,read,0,21,0.81,1,1,0
2025-09-23 10:28:30,user_1062,guest,classical,,Unknown,low,catalog,high,update,0,21,13.92,0,0,1
2025-09-23 10:28:35,user_1063,auditor,pqc,,India,low,catalog,medium,delete,0,29,19.38,1,1,0
2025-09-23 10:28:40,user_1064,third_party,pqc,92.0,Unknown,medium,logs,medium,read,0,17,3.72,0,1,0
2025-09-23 10:28:45,user_1065,service,pqc,,Unknown,medium,logs,medium,write,0,20,9.97,0,0,0
2025-09-23 10:28:50,user_1066,guest,pqc,,India,low,logs,medium,update,0,19,7.64,1,0,0
2025-09-23 10:28:55,user_1067,third_party,pqc,92.0,Unknown,high,payroll,medium,write,0,21,14.62,1,0,0
2025-09-23 10:29:00,user_1068,service,pqc,,Unknown,medium,customer_kyc,high,read,0,17,12.32,0,0,0
2025-09-23 10:29:05,user_1069,guest,pqc,,India,medium,transaction,low,read,0,22,8.65,0,1,1
2025-09-23 10:29:10,user_1070,admin,classical,,EU,medium,transaction,low,update,0,24,14.71,0,1,0
2025-09-23 10:29:15,user_1071,third_party,pqc,40.0,USA,high,transaction,low,delete,181128,16,18.57,1,1,1
2025-09-23 10:29:20,user_1072,employee,pqc,,EU,low,transaction,medium,update,0,23,3.09,0,0,0
2025-09-23 10:29:25,user_1073,guest,pqc,,EU,medium,customer_kyc,medium,write,0,28,4.79,0,0,1
2025-09-23 10:29:30,user_1074,third_party,classical,92.0,USA,medium,catalog,high,delete,0,17,12.15,3,1,0
2025-09-23 10:29:35,user_1075,admin,classical,,India,low,backend_sync,low,write,0,18,11.57,0,0,0
2025-09-23 10:29:40,user_1076,employee,classical,,USA,low,payroll,low,write,0,22,3.58,2,1,0
2025-09-23 10:29:45,user_1077,admin,pqc,,Unknown,low,transaction,medium,write,162620,16,9.79,1,1,1
2025-09-23 10:29:50,user_1078,service,pqc,,India,low,backend_sync,low,delete,0,20,12.01,1,1,0
2025-09-23 10:29:55,user_1079,guest,pqc,,India,low,backend_sync,high,write,0,17,18.39,2,1,1
2025-09-23 10:30:00,user_1080,service,classical,,Unknown,medium,backend_sync,low,delete,0,14,15.38,0,1,0
2025-09-23 10:30:05,user_1081,employee,pqc,,Unknown,high,backend_sync,medium,read,0,20,9.42,1,1,0
2025-09-23 10:30:10,user_1082,service,pqc,,India,high,transaction,medium,read,0,18,5.42,0,0,0
2025-09-23 10:30:15,user_1083,auditor,classical,,Unknown,medium,backend_sync,medium,delete,0,17,2.03,3,1,0
2025-09-23 10:30:20,user_1084,auditor,classical,,Unknown,high,transaction,low,read,144812,18,19.09,0,0,1
2025-09-23 10:30:25,user_1085,guest,pqc,,Unknown,high,payroll,medium,update,0,25,11.29,2,0,0
2025-09-23 10:30:30,user_1086,employee,pqc,,Unknown,low,customer_kyc,medium,write,0,22,8.04,3,0,0
2025-09-23 10:30:35,user_1087,admin,classical,,EU,medium,customer_kyc,low,update,0,24,1.47,2,1,0
2025-09-23 10:30:40,user_1088,employee,pqc,,India,medium,transaction,low,write,139049,23,17.56,0,1,1
2025-09-23 10:30:45,user_1089,employee,classical,,Unknown,high,customer_kyc,high,read,0,19,12.37,0,1,0
2025-09-23 10:30:50,user_1090,admin,classical,,India,high,logs,medium,update,0,25,8.94,1,0,0
2025-09-23 10:30:55,user_1091,employee,pqc,,Unknown,high,payroll,high,read,0,19,4.36,2,1,0
2025-09-23 10:31:00,user_1092,third_party,classical,92.0,Unknown,low,transaction,medium,update,82186,11,10.67,0,0,0
2025-09-23 10:31:05,user_1093,third_party,pqc,92.0,EU,high,backend_sync,high,write,0,18,20.92,1,1,0
2025-09-23 10:31:10,user_1094,guest,pqc,,USA,low,backend_sync,high,update,0,17,12.16,0,0,1
2025-09-23 10:31:15,user_1095,service,pqc,,USA,high,catalog,medium,update,0,17,9.66,1,0,0
2025-09-23 10:31:20,user_1096,employee,pqc,,India,low,payroll,high,write,0,18,4.78,2,0,1
2025-09-23 10:31:25,user_1097,third_party,classical,40.0,Unknown,low,catalog,high,read,0,25,8.73,0,0,1
2025-09-23 10:31:30,user_1098,auditor,pqc,,India,high,logs,high,update,0,26,8.76,0,1,0
2025-09-23 10:31:35,user_1099,admin,classical,,India,high,backend_sync,low,delete,0,20,2.49,0,1,0
2025-09-23 10:31:40,user_1100,auditor,classical,,Unknown,medium,customer_kyc,high,delete,0,16,13.67,2,0,0
2025-09-23 10:31:45,user_1101,auditor,pqc,,India,high,backend_sync,high,write,0,23,7.73,1,0,0
2025-09-23 10:31:50,user_1102,third_party,pqc,40.0,India,low,backend_sync,low,read,0,18,8.07,2,1,1
2025-09-23 10:31:55,user_1103,third_party,pqc,40.0,Unknown,high,payroll,high,delete,0,25,12.56,1,0,1
2025-09-23 10:32:00,user_1104,auditor,pqc,,EU,medium,customer_kyc,medium,update,0,13,15.89,2,0,0
2025-09-23 10:32:05,user_1105,employee,pqc,,India,low,backend_sync,high,read,0,24,7.37,0,1,1
2025-09-23 10:32:10,user_1106,admin,classical,,EU,medium,logs,high,read,0,21,15.02,3,1,0
2025-09-23 10:32:15,user_1107,employee,classical,,Unknown,low,catalog,high,read,0,21,13.26,2,1,1
2025-09-23 10:32:20,user_1108,third_party,classical,40.0,EU,high,payroll,high,write,0,17,9.47,1,0,1
2025-09-23 10:32:25,user_1109,guest,pqc,,USA,low,logs,low,delete,0,20,7.19,0,0,0
2025-09-23 10:32:30,user_1110,service,pqc,,India,high,logs,high,read,0,12,10.5,1,1,0
2025-09-23 10:32:35,user_1111,employee,classical,,EU,high,catalog,medium,update,0,14,9.17,1,1,0
2025-09-23 10:32:40,user_1112,employee,pqc,,Unknown,high,transaction,medium,read,0,18,6.76,3,0,0
2025-09-23 10:32:45,user_1113,service,pqc,,USA,medium,catalog,high,read,0,23,14.15,3,1,0
2025-09-23 10:32:50,user_1114,service,classical,,India,medium,logs,low,update,0,21,7.51,0,0,0
2025-09-23 10:32:55,user_1115,employee,pqc,,EU,low,transaction,high,write,0,17,4.55,0,1,1
2025-09-23 10:33:00,user_1116,employee,pqc,,EU,high,catalog,high,write,0,20,11.08,2,0,0
2025-09-23 10:33:05,user_1117,admin,classical,,EU,high,customer_kyc,medium,write,0,14,5.87,2,0,0
2025-09-23 10:33:10,user_1118,employee,classical,,USA,high,payroll,low,write,0,12,10.79,1,1,0
2025-09-23 10:33:15,user_1119,auditor,classical,,Unknown,medium,catalog,high,write,0,20,17.91,0,1,0
2025-09-23 10:33:20,user_1120,auditor,pqc,,India,low,payroll,medium,read,0,21,13.41,0,0,0
2025-09-23 10:33:25,user_1121,admin,pqc,,USA,medium,transaction,low,delete,131531,21,19.12,3,0,1
2025-09-23 10:33:30,user_1122,service,classical,,EU,medium,customer_kyc,medium,delete,0,22,12.0,1,0,0
2025-09-23 10:33:35,user_1123,admin,classical,,India,low,logs,medium,write,0,16,12.55,2,1,0
2025-09-23 10:33:40,user_1124,service,classical,,EU,high,customer_kyc,medium,delete,0,12,8.17,0,1,0
2025-09-23 10:33:45,user_1125,service,classical,,India,medium,catalog,high,update,0,20,5.41,0,0,0
2025-09-23 10:33:50,user_1126,guest,pqc,,India,high,logs,medium,read,0,25,10.37,0,0,0
2025-09-23 10:33:55,user_1127,service,pqc,,Unknown,medium,transaction,low,delete,108733,17,12.21,2,0,1
2025-09-23 10:34:00,user_1128,employee,pqc,,USA,low,transaction,high,delete,35270,29,5.28,2,1,1
2025-09-23 10:34:05,user_1129,auditor,classical,,India,low,payroll,low,update,0,22,9.05,2,1,0
2025-09-23 10:34:10,user_1130,employee,pqc,,India,low,payroll,low,delete,0,16,14.11,1,0,0
2025-09-23 10:34:15,user_1131,service,pqc,,USA,high,transaction,high,read,133376,17,11.71,3,1,1
2025-09-23 10:34:20,user_1132,guest,classical,,Unknown,medium,transaction,high,update,0,25,8.28,0,0,1
2025-09-23 10:34:25,user_1133,employee,pqc,,Unknown,high,customer_kyc,medium,update,0,17,4.76,1,0,0
2025-09-23 10:34:30,user_1134,admin,pqc,,Unknown,medium,backend_sync,low,read,0,22,8.69,1,1,0
2025-09-23 10:34:35,user_1135,guest,classical,,USA,low,transaction,low,update,130091,24,14.72,3,1,1
2025-09-23 10:34:40,user_1136,auditor,classical,,EU,medium,payroll,medium,update,0,17,6.44,2,1,0
2025-09-23 10:34:45,user_1137,guest,classical,,India,low,customer_kyc,low,write,0,19,14.53,1,1,1
2025-09-23 10:34:50,user_1138,guest,classical,,EU,medium,logs,high,read,0,26,2.78,1,1,0
2025-09-23 10:34:55,user_1139,third_party,classical,65.0,India,medium,transaction,low,write,184917,17,9.21,0,0,1
2025-09-23 10:35:00,user_1140,third_party,pqc,40.0,India,low,catalog,medium,update,0,27,19.34,1,1,1
2025-09-23 10:35:05,user_1141,auditor,pqc,,Unknown,high,backend_sync,high,write,0,21,9.66,1,0,0
2025-09-23 10:35:10,user_1142,employee,classical,,EU,medium,payroll,medium,read,0,29,11.11,0,1,0
2025-09-23 10:35:15,user_1143,third_party,pqc,92.0,India,low,logs,medium,delete,0,20,16.69,0,1,0
2025-09-23 10:35:20,user_1144,admin,classical,,USA,low,payroll,low,delete,0,17,12.55,0,1,0
2025-09-23 10:35:25,user_1145,guest,pqc,,India,high,logs,high,write,0,31,14.04,1,1,0
2025-09-23 10:35:30,user_1146,employee,classical,,EU,medium,logs,low,read,0,19,12.81,1,1,0
2025-09-23 10:35:35,user_1147,employee,classical,,USA,high,catalog,high,read,0,20,5.26,4,0,0
2025-09-23 10:35:40,user_1148,guest,classical,,EU,low,payroll,high,read,0,19,7.92,2,1,1
2025-09-23 10:35:45,user_1149,guest,pqc,,Unknown,high,payroll,medium,delete,0,18,3.58,0,1,0
2025-09-23 10:35:50,user_1150,auditor,classical,,India,low,backend_sync,low,read,0,13,6.3,1,0,0
2025-09-23 10:35:55,user_1151,third_party,pqc,65.0,EU,medium,logs,high,read,0,14,10.06,0,0,0
2025-09-23 10:36:00,user_1152,admin,classical,,USA,high,transaction,low,delete,0,29,17.19,2,0,0
2025-09-23 10:36:05,user_1153,employee,pqc,,Unknown,low,backend_sync,medium,update,0,25,7.73,0,0,0
2025-09-23 10:36:10,user_1154,third_party,pqc,92.0,Unknown,medium,logs,low,delete,0,16,1.96,2,1,0
2025-09-23 10:36:15,user_1155,employee,pqc,,USA,low,payroll,medium,delete,0,31,10.98,1,0,0
2025-09-23 10:36:20,user_1156,guest,pqc,,USA,medium,customer_kyc,high,update,0,18,14.72,1,1,1
2025-09-23 10:36:25,user_1157,service,classical,,USA,medium,logs,medium,update,0,28,13.8,1,0,0
2025-09-23 10:36:30,user_1158,guest,pqc,,India,medium,backend_sync,medium,write,0,21,9.78,0,1,0
2025-09-23 10:36:35,user_1159,service,classical,,USA,low,logs,medium,read,0,24,1.89,1,1,0
2025-09-23 10:36:40,user_1160,guest,pqc,,USA,high,catalog,medium,read,0,18,16.0,1,1,0
2025-09-23 10:36:45,user_1161,auditor,pqc,,USA,low,payroll,high,update,0,17,9.65,1,1,1
2025-09-23 10:36:50,user_1162,service,classical,,Unknown,high,customer_kyc,low,read,0,14,5.12,0,0,0
2025-09-23 10:36:55,user_1163,service,pqc,,India,low,backend_sync,low,read,0,22,12.59,0,0,0
2025-09-23 10:37:00,user_1164,third_party,pqc,65.0,India,high,transaction,low,delete,0,22,9.9,0,1,0
2025-09-23 10:37:05,user_1165,guest,classical,,India,medium,payroll,high,read,0,21,10.19,0,1,0
2025-09-23 10:37:10,user_1166,admin,classical,,India,low,catalog,low,delete,0,21,6.88,0,1,0
2025-09-23 10:37:15,user_1167,third_party,classical,40.0,Unknown,medium,backend_sync,medium,read,0,15,6.16,1,1,1
2025-09-23 10:37:20,user_1168,employee,classical,,EU,low,transaction,high,read,0,15,13.04,0,1,1
2025-09-23 10:37:25,user_1169,auditor,pqc,,EU,medium,backend_sync,low,delete,0,15,9.97,0,0,0
2025-09-23 10:37:30,user_1170,guest,classical,,Unknown,low,payroll,medium,delete,0,16,15.72,0,1,0
2025-09-23 10:37:35,user_1171,auditor,classical,,India,low,catalog,low,write,0,22,14.32,1,0,0
2025-09-23 10:37:40,user_1172,auditor,pqc,,Unknown,high,customer_kyc,high,update,0,22,7.91,1,1,0
2025-09-23 10:37:45,user_1173,auditor,classical,,India,high,payroll,high,write,0,18,22.99,0,1,0
2025-09-23 10:37:50,user_1174,third_party,pqc,65.0,Unknown,medium,catalog,high,delete,0,14,14.05,0,1,0
2025-09-23 10:37:55,user_1175,employee,pqc,,Unknown,low,payroll,low,update,0,20,15.83,0,1,0
2025-09-23 10:38:00,user_1176,auditor,classical,,Unknown,high,backend_sync,low,read,0,12,9.65,3,0,0
2025-09-23 10:38:05,user_1177,third_party,pqc,65.0,USA,medium,backend_sync,high,update,0,19,18.94,1,0,0
2025-09-23 10:38:10,user_1178,admin,pqc,,India,low,customer_kyc,medium,update,0,20,13.45,2,1,0
2025-09-23 10:38:15,user_1179,auditor,pqc,,Unknown,high,customer_kyc,medium,read,0,18,5.74,2,0,0
2025-09-23 10:38:20,user_1180,employee,pqc,,USA,low,catalog,medium,read,0,18,7.5,0,0,0
2025-09-23 10:38:25,user_1181,auditor,pqc,,India,high,payroll,medium,write,0,16,11.31,0,1,0
2025-09-23 10:38:30,user_1182,guest,classical,,EU,medium,logs,low,read,0,23,17.18,0,0,0
2025-09-23 10:38:35,user_1183,admin,classical,,EU,medium,transaction,medium,update,0,25,7.83,1,1,0
2025-09-23 10:38:40,user_1184,guest,classical,,India,medium,transaction,low,delete,86509,22,10.58,0,0,1
2025-09-23 10:38:45,user_1185,auditor,pqc,,USA,medium,backend_sync,high,delete,0,12,7.15,3,0,0
2025-09-23 10:38:50,user_1186,auditor,pqc,,EU,medium,backend_sync,medium,write,0,16,11.38,2,0,0
2025-09-23 10:38:55,user_1187,employee,classical,,India,high,payroll,low,read,0,21,13.54,2,0,0
2025-09-23 10:39:00,user_1188,guest,pqc,,EU,high,backend_sync,low,update,0,21,12.45,0,1,0
2025-09-23 10:39:05,user_1189,employee,classical,,EU,medium,transaction,low,delete,0,24,6.25,0,1,0
2025-09-23 10:39:10,user_1190,auditor,classical,,Unknown,high,backend_sync,low,write,0,16,22.07,3,1,0
2025-09-23 10:39:15,user_1191,admin,classical,,Unknown,medium,customer_kyc,high,write,0,18,6.12,1,0,0
2025-09-23 10:39:20,user_1192,third_party,pqc,40.0,EU,medium,transaction,low,delete,105809,22,0.44,0,0,1
2025-09-23 10:39:25,user_1193,auditor,classical,,India,low,customer_kyc,low,read,0,21,13.04,2,0,0
2025-09-23 10:39:30,user_1194,auditor,classical,,India,low,backend_sync,low,write,0,22,15.94,0,1,0
2025-09-23 10:39:35,user_1195,guest,classical,,Unknown,low,logs,medium,delete,0,22,5.82,1,0,0
2025-09-23 10:39:40,user_1196,admin,pqc,,Unknown,medium,backend_sync,high,write,0,15,1.73,2,1,0
2025-09-23 10:39:45,user_1197,third_party,classical,92.0,India,low,customer_kyc,high,read,0,27,12.65,3,0,1
2025-09-23 10:39:50,user_1198,admin,classical,,EU,high,payroll,medium,write,0,25,9.35,3,1,0
2025-09-23 10:39:55,user_1199,admin,pqc,,Unknown,high,customer_kyc,medium,write,0,22,11.61,0,1,0
2025-09-23 10:40:00,user_1200,admin,pqc,,USA,medium,catalog,high,read,0,19,7.84,2,1,0
2025-09-23 10:40:05,user_1201,service,pqc,,India,high,catalog,high,delete,0,26,20.53,0,0,0
2025-09-23 10:40:10,user_1202,employee,classical,,EU,low,catalog,medium,update,0,16,21.82,2,1,0
2025-09-23 10:40:15,user_1203,guest,pqc,,India,low,backend_sync,low,write,0,21,0.79,1,0,0
2025-09-23 10:40:20,user_1204,employee,pqc,,EU,low,payroll,high,write,0,16,5.98,0,0,1
2025-09-23 10:40:25,user_1205,service,classical,,USA,high,payroll,medium,delete,0,21,8.73,0,1,0
2025-09-23 10:40:30,user_1206,auditor,classical,,EU,high,payroll,low,delete,0,23,4.05,1,0,0
2025-09-23 10:40:35,user_1207,service,classical,,USA,medium,logs,high,update,0,13,6.6,2,1,0
2025-09-23 10:40:40,user_1208,admin,classical,,EU,high,catalog,low,write,0,22,9.42,2,0,0
2025-09-23 10:40:45,user_1209,service,pqc,,India,medium,logs,medium,read,0,23,10.46,0,0,0
2025-09-23 10:40:50,user_1210,auditor,classical,,USA,medium,logs,low,write,0,19,8.21,2,1,0
2025-09-23 10:40:55,user_1211,guest,classical,,USA,high,payroll,medium,delete,0,16,4.77,0,0,0
2025-09-23 10:41:00,user_1212,guest,pqc,,USA,high,transaction,low,delete,173435,22,7.95,2,1,1
2025-09-23 10:41:05,user_1213,service,pqc,,EU,medium,catalog,medium,update,0,22,8.79,0,1,0
2025-09-23 10:41:10,user_1214,admin,pqc,,Unknown,medium,payroll,high,delete,0,26,17.76,1,0,0
2025-09-23 10:41:15,user_1215,service,pqc,,Unknown,low,transaction,high,read,0,22,10.92,0,0,1
2025-09-23 10:41:20,user_1216,employee,pqc,,EU,low,logs,medium,read,0,20,19.12,1,1,0
2025-09-23 10:41:25,user_1217,guest,pqc,,Unknown,low,backend_sync,low,write,0,17,6.58,0,0,0
2025-09-23 10:41:30,user_1218,admin,pqc,,USA,low,logs,high,delete,0,25,11.71,0,1,1
2025-09-23 10:41:35,user_1219,employee,classical,,USA,low,backend_sync,low,delete,0,20,10.65,1,0,0
2025-09-23 10:41:40,user_1220,guest,pqc,,USA,high,transaction,low,write,0,21,8.36,1,1,1
2025-09-23 10:41:45,user_1221,third_party,classical,40.0,EU,low,logs,medium,write,0,15,6.68,0,1,1
2025-09-23 10:41:50,user_1222,guest,pqc,,Unknown,high,transaction,low,write,0,18,16.27,2,1,1
2025-09-23 10:41:55,user_1223,admin,pqc,,India,low,backend_sync,low,write,0,22,8.51,1,0,0
2025-09-23 10:42:00,user_1224,auditor,classical,,USA,low,customer_kyc,low,write,0,29,9.48,0,0,0
2025-09-23 10:42:05,user_1225,third_party,classical,65.0,India,medium,payroll,high,delete,0,17,15.72,1,1,0
2025-09-23 10:42:10,user_1226,guest,classical,,EU,medium,payroll,medium,delete,0,19,0.2,0,1,0
2025-09-23 10:42:15,user_1227,employee,pqc,,India,high,transaction,low,delete,0,23,8.32,0,0,0
2025-09-23 10:42:20,user_1228,auditor,pqc,,India,low,transaction,high,update,194197,28,0.8,1,1,1
2025-09-23 10:42:25,user_1229,service,classical,,India,medium,transaction,medium,update,55227,24,6.66,0,0,0
2025-09-23 10:42:30,user_1230,guest,pqc,,Unknown,low,customer_kyc,high,delete,0,28,14.84,0,0,1
2025-09-23 10:42:35,user_1231,third_party,classical,65.0,Unknown,high,payroll,medium,read,0,22,17.37,3,0,0
2025-09-23 10:42:40,user_1232,service,pqc,,Unknown,medium,customer_kyc,medium,delete,0,25,17.18,1,0,0
2025-09-23 10:42:45,user_1233,third_party,classical,40.0,India,medium,payroll,medium,write,0,20,7.69,1,0,1
2025-09-23 10:42:50,user_1234,service,pqc,,India,high,payroll,high,write,0,16,9.89,1,0,0
2025-09-23 10:42:55,user_1235,employee,classical,,Unknown,high,customer_kyc,medium,delete,0,23,9.27,2,1,0
2025-09-23 10:43:00,user_1236,service,pqc,,India,high,transaction,low,read,55038,22,14.6,2,1,0
2025-09-23 10:43:05,user_1237,third_party,pqc,92.0,EU,medium,transaction,high,read,13138,20,14.61,1,0,0
2025-09-23 10:43:10,user_1238,guest,classical,,Unknown,high,catalog,medium,read,0,25,8.98,0,0,0
2025-09-23 10:43:15,user_1239,third_party,classical,65.0,USA,high,backend_sync,high,write,0,20,11.12,2,1,0
2025-09-23 10:43:20,user_1240,third_party,pqc,65.0,Unknown,low,logs,high,read,0,16,8.52,0,0,1
2025-09-23 10:43:25,user_1241,guest,classical,,USA,high,backend_sync,medium,delete,0,22,16.69,1,1,0
2025-09-23 10:43:30,user_1242,guest,pqc,,Unknown,low,transaction,high,update,17149,26,12.31,0,1,1
2025-09-23 10:43:35,user_1243,admin,pqc,,India,medium,transaction,low,read,0,28,8.83,0,0,0
2025-09-23 10:43:40,user_1244,employee,pqc,,India,medium,catalog,low,read,0,15,14.91,0,0,0
2025-09-23 10:43:45,user_1245,employee,pqc,,EU,low,logs,low,write,0,19,16.76,1,1,0
2025-09-23 10:43:50,user_1246,employee,classical,,Unknown,low,logs,low,update,0,24,16.39,0,1,0
2025-09-23 10:43:55,user_1247,third_party,pqc,40.0,EU,low,logs,high,update,0,19,2.57,0,1,1
2025-09-23 10:44:00,user_1248,employee,classical,,USA,low,payroll,medium,read,0,21,6.82,1,1,0
2025-09-23 10:44:05,user_1249,employee,classical,,India,medium,payroll,low,write,0,23,3.57,0,1,0
2025-09-23 10:44:10,user_1250,guest,pqc,,EU,high,payroll,medium,delete,0,20,8.43,1,1,0
2025-09-23 10:44:15,user_1251,employee,pqc,,India,high,customer_kyc,medium,delete,0,19,6.09,2,1,0
2025-09-23 10:44:20,user_1252,guest,pqc,,EU,medium,customer_kyc,medium,delete,0,25,5.6,0,0,1
2025-09-23 10:44:25,user_1253,auditor,pqc,,USA,medium,logs,low,write,0,22,16.07,1,0,0
2025-09-23 10:44:30,user_1254,service,pqc,,USA,medium,backend_sync,high,update,0,25,17.93,0,1,0
2025-09-23 10:44:35,user_1255,admin,classical,,USA,medium,logs,low,delete,0,22,6.68,1,0,0
2025-09-23 10:44:40,user_1256,employee,pqc,,EU,high,customer_kyc,low,read,0,20,2.31,1,0,0
2025-09-23 10:44:45,user_1257,employee,pqc,,EU,high,backend_sync,high,delete,0,14,4.52,1,0,0
2025-09-23 10:44:50,user_1258,admin,pqc,,EU,high,payroll,medium,delete,0,16,6.27,2,1,0
2025-09-23 10:44:55,user_1259,service,classical,,India,low,customer_kyc,high,update,0,22,4.37,0,0,1
2025-09-23 10:45:00,user_1260,third_party,pqc,40.0,India,high,backend_sync,medium,delete,0,19,7.44,0,1,1
2025-09-23 10:45:05,user_1261,guest,pqc,,India,medium,payroll,high,read,0,24,6.52,0,0,0
2025-09-23 10:45:10,user_1262,employee,pqc,,India,low,payroll,high,update,0,13,17.98,3,1,1
2025-09-23 10:45:15,user_1263,admin,classical,,India,high,backend_sync,low,read,0,12,14.61,2,0,0
2025-09-23 10:45:20,user_1264,guest,classical,,EU,low,transaction,medium,read,0,23,12.57,1,1,1
2025-09-23 10:45:25,user_1265,admin,classical,,USA,medium,backend_sync,medium,delete,0,11,15.27,1,0,0
2025-09-23 10:45:30,user_1266,admin,pqc,,Unknown,low,transaction,high,read,0,24,12.84,0,0,1
2025-09-23 10:45:35,user_1267,third_party,classical,92.0,USA,low,logs,low,write,0,21,16.14,0,0,0
2025-09-23 10:45:40,user_1268,service,pqc,,EU,medium,transaction,low,read,159629,23,15.38,2,0,1
2025-09-23 10:45:45,user_1269,auditor,classical,,India,medium,catalog,high,read,0,23,5.52,1,0,0
2025-09-23 10:45:50,user_1270,employee,classical,,Unknown,low,catalog,medium,read,0,24,7.56,4,1,0
2025-09-23 10:45:55,user_1271,third_party,classical,92.0,EU,medium,payroll,low,write,0,23,4.42,1,1,0
2025-09-23 10:46:00,user_1272,employee,pqc,,Unknown,low,payroll,medium,update,0,13,10.2,2,0,0
2025-09-23 10:46:05,user_1273,third_party,pqc,92.0,India,low,logs,high,update,0,13,6.64,1,1,1
2025-09-23 10:46:10,user_1274,employee,pqc,,India,low,catalog,high,update,0,26,6.71,2,1,1
2025-09-23 10:46:15,user_1275,guest,pqc,,EU,low,logs,high,read,0,20,4.67,0,0,1
2025-09-23 10:46:20,user_1276,guest,classical,,Unknown,medium,backend_sync,low,read,0,12,20.19,1,0,0
2025-09-23 10:46:25,user_1277,auditor,pqc,,India,high,customer_kyc,high,update,0,25,12.05,1,1,0
2025-09-23 10:46:30,user_1278,admin,classical,,Unknown,medium,customer_kyc,low,delete,0,21,10.15,0,0,0
2025-09-23 10:46:35,user_1279,service,pqc,,India,high,payroll,high,read,0,22,5.82,2,0,0
2025-09-23 10:46:40,user_1280,admin,pqc,,India,high,customer_kyc,medium,update,0,21,4.92,1,1,0
2025-09-23 10:46:45,user_1281,admin,pqc,,Unknown,low,logs,low,write,0,9,8.25,1,1,0
2025-09-23 10:46:50,user_1282,third_party,pqc,40.0,Unknown,low,catalog,low,read,0,15,11.53,0,1,1
2025-09-23 10:46:55,user_1283,auditor,classical,,EU,high,payroll,low,update,0,19,11.09,2,1,0
2025-09-23 10:47:00,user_1284,auditor,classical,,India,high,payroll,low,read,0,21,7.05,1,1,0
2025-09-23 10:47:05,user_1285,third_party,classical,92.0,Unknown,low,payroll,low,write,0,15,11.95,2,1,0
2025-09-23 10:47:10,user_1286,guest,pqc,,India,medium,backend_sync,low,update,0,22,5.93,0,0,0
2025-09-23 10:47:15,user_1287,employee,classical,,Unknown,medium,backend_sync,high,write,0,30,3.13,1,0,0
2025-09-23 10:47:20,user_1288,guest,classical,,Unknown,high,customer_kyc,low,read,0,20,12.33,0,1,1
2025-09-23 10:47:25,user_1289,service,pqc,,Unknown,high,payroll,low,write,0,13,4.01,0,0,0
2025-09-23 10:47:30,user_1290,guest,classical,,Unknown,low,logs,low,read,0,26,13.25,0,1,0
2025-09-23 10:47:35,user_1291,service,pqc,,USA,high,logs,high,write,0,19,15.85,2,0,0
2025-09-23 10:47:40,user_1292,admin,classical,,Unknown,high,customer_kyc,low,delete,0,19,12.76,2,1,0
2025-09-23 10:47:45,user_1293,service,pqc,,Unknown,medium,backend_sync,medium,delete,0,17,13.79,2,1,0
2025-09-23 10:47:50,user_1294,service,pqc,,India,low,payroll,low,write,0,20,6.37,2,0,0
2025-09-23 10:47:55,user_1295,employee,classical,,India,low,logs,low,delete,0,16,17.01,3,1,0
2025-09-23 10:48:00,user_1296,guest,classical,,Unknown,high,backend_sync,low,delete,0,21,3.5,3,0,0
2025-09-23 10:48:05,user_1297,third_party,pqc,65.0,Unknown,high,payroll,medium,read,0,30,4.91,0,1,0
2025-09-23 10:48:10,user_1298,admin,pqc,,Unknown,medium,payroll,high,delete,0,26,15.36,1,0,0
2025-09-23 10:48:15,user_1299,auditor,classical,,India,high,catalog,high,write,0,19,4.27,2,0,0
2025-09-23 10:48:20,user_1300,third_party,pqc,65.0,Unknown,high,catalog,medium,delete,0,18,16.22,1,1,0
2025-09-23 10:48:25,user_1301,third_party,pqc,92.0,India,high,logs,low,write,0,15,8.7,1,0,0
2025-09-23 10:48:30,user_1302,service,pqc,,India,low,backend_sync,medium,update,0,23,5.57,0,0,0
2025-09-23 10:48:35,user_1303,service,pqc,,EU,medium,customer_kyc,low,delete,0,20,5.65,0,0,0
2025-09-23 10:48:40,user_1304,third_party,pqc,65.0,Unknown,medium,logs,low,write,0,32,11.03,1,1,0
2025-09-23 10:48:45,user_1305,service,pqc,,USA,high,payroll,medium,delete,0,18,8.96,2,1,0
2025-09-23 10:48:50,user_1306,employee,classical,,EU,low,logs,high,read,0,24,10.24,1,1,1
2025-09-23 10:48:55,user_1307,service,pqc,,USA,low,backend_sync,medium,read,0,19,3.86,3,0,0
2025-09-23 10:49:00,user_1308,auditor,classical,,USA,low,catalog,high,update,0,20,7.42,0,0,1
2025-09-23 10:49:05,user_1309,auditor,classical,,EU,low,payroll,low,read,0,15,7.48,0,0,0
2025-09-23 10:49:10,user_1310,third_party,pqc,65.0,India,high,backend_sync,low,update,0,24,15.97,3,1,0
2025-09-23 10:49:15,user_1311,employee,pqc,,USA,high,catalog,medium,read,0,22,8.48,0,0,0
2025-09-23 10:49:20,user_1312,guest,pqc,,India,low,backend_sync,low,read,0,20,5.85,0,1,0
2025-09-23 10:49:25,user_1313,service,pqc,,USA,high,catalog,high,read,0,21,12.65,2,1,0
2025-09-23 10:49:30,user_1314,service,classical,,Unknown,medium,transaction,medium,read,0,16,10.66,2,0,0
2025-09-23 10:49:35,user_1315,auditor,classical,,USA,high,customer_kyc,low,delete,0,17,13.66,0,1,0
2025-09-23 10:49:40,user_1316,auditor,pqc,,EU,medium,logs,medium,update,0,26,8.04,1,1,0
2025-09-23 10:49:45,user_1317,admin,pqc,,USA,medium,backend_sync,low,update,0,31,14.93,2,1,0
2025-09-23 10:49:50,user_1318,admin,classical,,EU,medium,logs,medium,write,0,20,6.06,2,0,0
2025-09-23 10:49:55,user_1319,guest,pqc,,Unknown,medium,transaction,medium,update,183503,13,3.57,2,1,1
2025-09-23 10:50:00,user_1320,guest,classical,,USA,medium,payroll,low,update,0,23,13.36,1,0,0
2025-09-23 10:50:05,user_1321,guest,pqc,,USA,low,logs,high,update,0,24,7.66,0,0,1
2025-09-23 10:50:10,user_1322,auditor,pqc,,USA,medium,payroll,low,delete,0,21,8.69,0,0,0
2025-09-23 10:50:15,user_1323,employee,classical,,India,high,payroll,medium,update,0,21,1.46,0,0,0
2025-09-23 10:50:20,user_1324,service,classical,,India,medium,customer_kyc,medium,update,0,18,9.77,2,0,0
2025-09-23 10:50:25,user_1325,guest,pqc,,India,medium,catalog,low,update,0,15,6.88,2,1,0
2025-09-23 10:50:30,user_1326,guest,pqc,,USA,medium,logs,low,read,0,24,6.6,1,0,0
2025-09-23 10:50:35,user_1327,employee,classical,,USA,low,logs,medium,update,0,16,7.88,3,0,0
2025-09-23 10:50:40,user_1328,employee,pqc,,India,high,transaction,low,delete,0,21,9.77,2,1,0
2025-09-23 10:50:45,user_1329,service,classical,,Unknown,low,logs,high,write,0,27,13.18,1,1,1
2025-09-23 10:50:50,user_1330,auditor,pqc,,USA,low,backend_sync,low,delete,0,23,6.9,1,0,0
2025-09-23 10:50:55,user_1331,auditor,pqc,,EU,medium,logs,low,read,0,14,11.42,3,1,0
2025-09-23 10:51:00,user_1332,admin,classical,,India,medium,logs,high,update,0,19,1.02,1,1,0
2025-09-23 10:51:05,user_1333,employee,pqc,,India,medium,backend_sync,high,read,0,22,19.3,0,0,0
2025-09-23 10:51:10,user_1334,auditor,pqc,,USA,high,payroll,high,read,0,28,9.12,2,1,0
2025-09-23 10:51:15,user_1335,guest,pqc,,EU,low,catalog,low,read,0,19,7.61,1,1,0
2025-09-23 10:51:20,user_1336,auditor,classical,,USA,low,backend_sync,low,delete,0,21,11.43,0,1,0
2025-09-23 10:51:25,user_1337,employee,pqc,,EU,low,customer_kyc,high,update,0,25,1.2,1,0,1
2025-09-23 10:51:30,user_1338,admin,classical,,USA,high,payroll,high,delete,0,20,11.28,2,1,0
2025-09-23 10:51:35,user_1339,admin,classical,,EU,low,logs,high,write,0,20,8.67,3,1,1
2025-09-23 10:51:40,user_1340,service,pqc,,USA,medium,customer_kyc,medium,write,0,21,7.97,1,0,0
2025-09-23 10:51:45,user_1341,service,pqc,,USA,medium,logs,medium,update,0,24,6.28,0,0,0
2025-09-23 10:51:50,user_1342,auditor,classical,,EU,medium,transaction,high,read,0,10,6.74,1,1,0
2025-09-23 10:51:55,user_1343,auditor,pqc,,EU,high,backend_sync,high,read,0,16,5.96,0,1,0
2025-09-23 10:52:00,user_1344,guest,classical,,EU,medium,catalog,medium,delete,0,18,2.89,0,1,0
2025-09-23 10:52:05,user_1345,third_party,pqc,92.0,EU,low,backend_sync,low,read,0,22,8.26,2,1,0
2025-09-23 10:52:10,user_1346,service,pqc,,USA,low,catalog,medium,update,0,21,13.25,0,1,0
2025-09-23 10:52:15,user_1347,guest,pqc,,Unknown,medium,payroll,high,read,0,16,11.25,1,0,0
2025-09-23 10:52:20,user_1348,auditor,classical,,Unknown,medium,customer_kyc,medium,write,0,19,12.6,0,1,0
2025-09-23 10:52:25,user_1349,employee,classical,,EU,low,backend_sync,low,read,0,19,0.67,3,0,0
2025-09-23 10:52:30,user_1350,service,pqc,,EU,low,backend_sync,high,write,0,14,10.93,2,1,1
2025-09-23 10:52:35,user_1351,guest,classical,,USA,medium,payroll,low,delete,0,23,20.7,1,0,0
2025-09-23 10:52:40,user_1352,admin,classical,,USA,medium,transaction,high,read,0,24,8.87,1,0,0
2025-09-23 10:52:45,user_1353,service,classical,,USA,medium,customer_kyc,high,delete,0,18,3.91,0,0,0
2025-09-23 10:52:50,user_1354,service,pqc,,EU,high,logs,medium,update,0,17,6.07,1,1,0
2025-09-23 10:52:55,user_1355,employee,classical,,EU,medium,customer_kyc,medium,write,0,26,12.6,2,1,0
2025-09-23 10:53:00,user_1356,guest,pqc,,USA,medium,logs,high,update,0,23,12.81,3,0,0
2025-09-23 10:53:05,user_1357,auditor,pqc,,EU,low,payroll,low,delete,0,25,13.29,0,0,0
2025-09-23 10:53:10,user_1358,auditor,pqc,,Unknown,medium,payroll,medium,delete,0,23,21.13,0,1,0
2025-09-23 10:53:15,user_1359,third_party,classical,40.0,EU,low,transaction,low,write,100200,26,10.17,2,1,1
2025-09-23 10:53:20,user_1360,service,classical,,Unknown,high,transaction,high,read,40373,21,6.09,1,1,0
2025-09-23 10:53:25,user_1361,employee,pqc,,India,high,customer_kyc,medium,write,0,14,8.06,1,1,0
2025-09-23 10:53:30,user_1362,employee,classical,,India,high,catalog,medium,write,0,21,13.94,0,1,0
2025-09-23 10:53:35,user_1363,auditor,classical,,EU,medium,customer_kyc,high,read,0,28,11.0,0,1,0
2025-09-23 10:53:40,user_1364,service,classical,,USA,low,payroll,high,delete,0,26,3.96,0,1,1
2025-09-23 10:53:45,user_1365,auditor,pqc,,USA,medium,backend_sync,high,write,0,25,14.78,2,0,0
2025-09-23 10:53:50,user_1366,auditor,pqc,,India,high,customer_kyc,low,read,0,24,17.55,0,0,0
2025-09-23 10:53:55,user_1367,employee,classical,,EU,medium,payroll,high,write,0,29,7.48,0,1,0
2025-09-23 10:54:00,user_1368,service,pqc,,USA,low,transaction,high,update,77415,20,12.21,1,1,1
2025-09-23 10:54:05,user_1369,auditor,classical,,India,medium,logs,medium,write,0,20,7.33,1,1,0
2025-09-23 10:54:10,user_1370,guest,classical,,USA,low,catalog,high,delete,0,22,13.28,1,0,1
2025-09-23 10:54:15,user_1371,auditor,classical,,India,low,customer_kyc,low,read,0,17,5.85,2,0,0
2025-09-23 10:54:20,user_1372,service,pqc,,USA,medium,catalog,medium,write,0,14,10.35,0,0,0
2025-09-23 10:54:25,user_1373,guest,pqc,,Unknown,low,transaction,high,delete,0,21,12.8,0,0,1
2025-09-23 10:54:30,user_1374,auditor,classical,,EU,low,catalog,high,read,0,22,7.8,1,1,1
2025-09-23 10:54:35,user_1375,auditor,classical,,Unknown,high,logs,high,read,0,11,12.96,2,0,0
2025-09-23 10:54:40,user_1376,employee,pqc,,USA,medium,customer_kyc,low,write,0,19,3.85,1,1,0
2025-09-23 10:54:45,user_1377,guest,pqc,,EU,medium,transaction,low,update,135062,20,10.62,0,1,1
2025-09-23 10:54:50,user_1378,admin,pqc,,EU,low,customer_kyc,high,delete,0,21,9.04,3,1,1
2025-09-23 10:54:55,user_1379,auditor,pqc,,USA,medium,catalog,high,delete,0,22,13.11,0,1,0
2025-09-23 10:55:00,user_1380,service,pqc,,India,low,customer_kyc,medium,delete,0,16,6.03,2,0,0
2025-09-23 10:55:05,user_1381,auditor,pqc,,India,high,backend_sync,medium,update,0,15,12.85,1,1,0
2025-09-23 10:55:10,user_1382,guest,classical,,India,medium,backend_sync,low,write,0,20,14.35,3,1,0
2025-09-23 10:55:15,user_1383,employee,classical,,USA,low,logs,high,read,0,21,4.54,1,0,1
2025-09-23 10:55:20,user_1384,auditor,classical,,USA,medium,logs,high,update,0,12,16.21,2,0,0
2025-09-23 10:55:25,user_1385,employee,pqc,,EU,medium,backend_sync,low,delete,0,22,12.52,0,1,0
2025-09-23 10:55:30,user_1386,third_party,pqc,40.0,Unknown,medium,logs,medium,delete,0,17,7.55,0,0,1
2025-09-23 10:55:35,user_1387,third_party,classical,40.0,EU,medium,payroll,low,read,0,26,10.6,1,1,1
2025-09-23 10:55:40,user_1388,service,pqc,,India,low,logs,medium,delete,0,18,15.5,2,0,0
2025-09-23 10:55:45,user_1389,admin,pqc,,EU,high,customer_kyc,high,delete,0,24,10.01,0,0,0
2025-09-23 10:55:50,user_1390,third_party,pqc,40.0,EU,low,logs,medium,delete,0,18,8.53,2,1,1
2025-09-23 10:55:55,user_1391,service,pqc,,Unknown,medium,catalog,medium,update,0,23,12.49,1,1,0
2025-09-23 10:56:00,user_1392,third_party,pqc,92.0,India,medium,backend_sync,low,write,0,20,6.63,0,1,0
2025-09-23 10:56:05,user_1393,guest,classical,,India,high,backend_sync,low,write,0,20,1.79,1,1,0
2025-09-23 10:56:10,user_1394,service,classical,,EU,low,backend_sync,low,read,0,23,10.48,1,0,0
2025-09-23 10:56:15,user_1395,auditor,classical,,India,medium,customer_kyc,medium,write,0,16,11.6,0,1,0
2025-09-23 10:56:20,user_1396,auditor,classical,,USA,medium,transaction,low,delete,119398,23,2.36,0,1,1
2025-09-23 10:56:25,user_1397,third_party,pqc,40.0,Unknown,low,transaction,medium,write,0,20,10.97,1,0,1
2025-09-23 10:56:30,user_1398,auditor,classical,,USA,high,payroll,high,delete,0,20,13.21,2,0,0
2025-09-23 10:56:35,user_1399,service,classical,,EU,medium,backend_sync,low,update,0,28,14.94,2,1,0
2025-09-23 10:56:40,user_1400,auditor,classical,,India,high,catalog,high,read,0,12,11.5,2,1,0
2025-09-23 10:56:45,user_1401,employee,pqc,,EU,medium,catalog,medium,delete,0,15,5.85,2,1,0
2025-09-23 10:56:50,user_1402,employee,pqc,,USA,low,catalog,high,write,0,18,7.39,3,0,1
2025-09-23 10:56:55,user_1403,auditor,classical,,EU,high,catalog,high,delete,0,20,11.37,0,0,0
2025-09-23 10:57:00,user_1404,auditor,pqc,,Unknown,high,catalog,high,delete,0,22,6.09,2,0,0
2025-09-23 10:57:05,user_1405,auditor,classical,,EU,high,logs,low,write,0,18,14.75,1,1,0
2025-09-23 10:57:10,user_1406,third_party,pqc,65.0,India,high,logs,low,delete,0,25,8.6,3,1,0
2025-09-23 10:57:15,user_1407,auditor,classical,,Unknown,low,catalog,low,write,0,25,0.53,1,1,0
2025-09-23 10:57:20,user_1408,guest,pqc,,Unknown,low,customer_kyc,low,update,0,25,5.92,0,1,1
2025-09-23 10:57:25,user_1409,service,pqc,,Unknown,high,backend_sync,low,read,0,18,10.04,3,1,0
2025-09-23 10:57:30,user_1410,service,classical,,EU,medium,transaction,low,read,55985,15,17.2,0,1,0
2025-09-23 10:57:35,user_1411,auditor,classical,,USA,high,logs,medium,write,0,20,8.04,1,1,0
2025-09-23 10:57:40,user_1412,third_party,pqc,40.0,India,medium,transaction,low,delete,0,21,9.28,0,1,1
2025-09-23 10:57:45,user_1413,service,pqc,,India,low,catalog,high,delete,0,20,6.44,1,1,1
2025-09-23 10:57:50,user_1414,service,classical,,Unknown,low,backend_sync,high,write,0,24,9.99,1,1,1
2025-09-23 10:57:55,user_1415,third_party,classical,65.0,India,medium,customer_kyc,medium,delete,0,18,7.7,1,0,0
2025-09-23 10:58:00,user_1416,employee,pqc,,India,medium,catalog,high,write,0,17,8.32,1,0,0
2025-09-23 10:58:05,user_1417,service,pqc,,Unknown,low,transaction,high,delete,157204,12,5.29,1,0,1
2025-09-23 10:58:10,user_1418,service,classical,,Unknown,low,payroll,low,read,0,26,7.28,1,0,0
2025-09-23 10:58:15,user_1419,guest,pqc,,India,high,payroll,low,delete,0,22,17.04,0,0,0
2025-09-23 10:58:20,user_1420,guest,pqc,,EU,medium,catalog,medium,write,0,14,14.47,0,1,0
2025-09-23 10:58:25,user_1421,service,classical,,USA,low,backend_sync,medium,read,0,22,8.02,0,0,0
2025-09-23 10:58:30,user_1422,service,pqc,,EU,low,logs,high,read,0,15,4.72,1,0,1
2025-09-23 10:58:35,user_1423,third_party,classical,65.0,EU,high,backend_sync,medium,read,0,16,10.28,3,0,0
2025-09-23 10:58:40,user_1424,guest,classical,,Unknown,medium,payroll,medium,write,0,25,6.37,2,1,0
2025-09-23 10:58:45,user_1425,auditor,classical,,USA,medium,customer_kyc,high,read,0,16,16.11,1,1,0
2025-09-23 10:58:50,user_1426,auditor,pqc,,Unknown,low,backend_sync,high,read,0,18,10.17,0,1,1
2025-09-23 10:58:55,user_1427,third_party,classical,65.0,India,medium,customer_kyc,medium,update,0,20,4.93,0,0,0
2025-09-23 10:59:00,user_1428,third_party,classical,65.0,USA,high,payroll,low,update,0,24,9.42,1,0,0
2025-09-23 10:59:05,user_1429,service,pqc,,EU,low,payroll,high,delete,0,17,7.01,1,1,1
2025-09-23 10:59:10,user_1430,auditor,classical,,EU,low,catalog,medium,update,0,31,6.59,1,0,0
2025-09-23 10:59:15,user_1431,third_party,pqc,92.0,India,medium,customer_kyc,medium,delete,0,20,12.74,1,0,0
2025-09-23 10:59:20,user_1432,employee,classical,,India,high,payroll,low,delete,0,14,15.03,0,0,0
2025-09-23 10:59:25,user_1433,service,classical,,EU,high,logs,low,read,0,22,10.26,2,1,0
2025-09-23 10:59:30,user_1434,service,pqc,,India,low,logs,high,read,0,21,15.51,0,1,1
2025-09-23 10:59:35,user_1435,employee,pqc,,Unknown,low,customer_kyc,medium,update,0,17,11.21,1,1,0
2025-09-23 10:59:40,user_1436,third_party,classical,40.0,USA,low,backend_sync,high,delete,0,24,5.94,0,1,1
2025-09-23 10:59:45,user_1437,employee,classical,,EU,high,backend_sync,medium,read,0,25,1.38,1,1,0
2025-09-23 10:59:50,user_1438,service,pqc,,USA,medium,payroll,high,write,0,16,7.69,3,1,0
2025-09-23 10:59:55,user_1439,third_party,pqc,92.0,USA,high,payroll,high,read,0,13,11.95,0,0,0
2025-09-23 11:00:00,user_1440,auditor,pqc,,India,low,backend_sync,high,read,0,20,1.19,0,0,1
2025-09-23 11:00:05,user_1441,guest,pqc,,EU,low,logs,high,delete,0,17,20.41,1,0,1
2025-09-23 11:00:10,user_1442,employee,classical,,EU,low,catalog,medium,write,0,22,13.56,0,1,0
2025-09-23 11:00:15,user_1443,auditor,pqc,,India,high,transaction,medium,write,0,14,15.17,2,1,0
2025-09-23 11:00:20,user_1444,guest,classical,,India,low,catalog,high,delete,0,20,15.84,1,0,1
2025-09-23 11:00:25,user_1445,admin,classical,,India,low,customer_kyc,low,update,0,20,11.19,0,0,0
2025-09-23 11:00:30,user_1446,guest,classical,,India,high,backend_sync,medium,update,0,19,8.41,1,1,0
2025-09-23 11:00:35,user_1447,guest,classical,,EU,low,transaction,high,update,159634,24,7.84,1,0,1
2025-09-23 11:00:40,user_1448,employee,classical,,India,low,customer_kyc,low,write,0,24,3.09,1,0,0
2025-09-23 11:00:45,user_1449,auditor,pqc,,Unknown,medium,payroll,low,write,0,20,13.25,0,0,0
2025-09-23 11:00:50,user_1450,admin,classical,,Unknown,low,backend_sync,medium,write,0,19,8.57,0,1,0
2025-09-23 11:00:55,user_1451,service,pqc,,EU,medium,payroll,medium,delete,0,17,7.4,2,0,0
2025-09-23 11:01:00,user_1452,guest,pqc,,India,medium,logs,medium,update,0,15,6.22,0,1,0
2025-09-23 11:01:05,user_1453,admin,pqc,,EU,medium,payroll,medium,update,0,19,18.0,4,0,0
2025-09-23 11:01:10,user_1454,third_party,classical,65.0,Unknown,low,customer_kyc,high,delete,0,22,8.89,0,1,1
2025-09-23 11:01:15,user_1455,guest,classical,,EU,high,backend_sync,high,read,0,15,15.88,1,1,0
2025-09-23 11:01:20,user_1456,service,pqc,,India,low,logs,low,write,0,22,12.89,0,0,0
2025-09-23 11:01:25,user_1457,service,classical,,USA,high,customer_kyc,high,update,0,18,14.64,0,0,0
2025-09-23 11:01:30,user_1458,third_party,classical,40.0,EU,high,logs,low,read,0,25,2.61,2,0,1
2025-09-23 11:01:35,user_1459,guest,pqc,,India,high,catalog,high,update,0,20,10.39,0,0,0
2025-09-23 11:01:40,user_1460,service,classical,,Unknown,medium,catalog,low,write,0,26,3.42,1,0,0
2025-09-23 11:01:45,user_1461,service,classical,,Unknown,low,customer_kyc,low,read,0,23,22.41,2,0,0
2025-09-23 11:01:50,user_1462,service,classical,,Unknown,medium,catalog,medium,delete,0,28,2.93,1,1,0
2025-09-23 11:01:55,user_1463,third_party,pqc,40.0,EU,low,catalog,low,delete,0,15,6.12,1,1,1
2025-09-23 11:02:00,user_1464,guest,classical,,India,medium,transaction,high,write,0,16,9.75,2,1,1
2025-09-23 11:02:05,user_1465,employee,classical,,USA,low,backend_sync,medium,update,0,20,2.09,0,1,0
2025-09-23 11:02:10,user_1466,third_party,pqc,40.0,Unknown,medium,backend_sync,medium,update,0,16,9.77,2,1,1
2025-09-23 11:02:15,user_1467,third_party,classical,65.0,USA,medium,logs,high,write,0,14,2.47,1,1,0
2025-09-23 11:02:20,user_1468,service,pqc,,Unknown,medium,customer_kyc,medium,delete,0,20,7.86,1,0,0
2025-09-23 11:02:25,user_1469,auditor,classical,,USA,high,payroll,medium,update,0,21,19.35,2,1,0
2025-09-23 11:02:30,user_1470,service,pqc,,India,medium,customer_kyc,medium,read,0,19,0.91,0,0,0
2025-09-23 11:02:35,user_1471,auditor,classical,,Unknown,high,catalog,medium,read,0,22,12.17,0,1,0
2025-09-23 11:02:40,user_1472,admin,pqc,,EU,low,customer_kyc,low,write,0,23,11.33,2,0,0
2025-09-23 11:02:45,user_1473,service,pqc,,India,low,transaction,low,read,0,23,10.24,2,1,0
2025-09-23 11:02:50,user_1474,employee,classical,,India,high,backend_sync,high,read,0,20,0.35,0,1,0
2025-09-23 11:02:55,user_1475,auditor,classical,,USA,low,backend_sync,low,update,0,17,3.71,2,0,0
2025-09-23 11:03:00,user_1476,service,pqc,,EU,medium,logs,high,write,0,19,18.61,1,0,0
2025-09-23 11:03:05,user_1477,third_party,pqc,40.0,Unknown,medium,transaction,high,write,33405,28,9.8,0,1,1
2025-09-23 11:03:10,user_1478,employee,pqc,,USA,low,logs,medium,delete,0,27,10.64,0,0,0
2025-09-23 11:03:15,user_1479,third_party,classical,40.0,EU,low,catalog,medium,delete,0,19,8.76,2,0,1
2025-09-23 11:03:20,user_1480,employee,classical,,Unknown,low,customer_kyc,medium,update,0,27,14.02,2,0,0
2025-09-23 11:03:25,user_1481,auditor,classical,,Unknown,high,customer_kyc,low,read,0,26,14.66,1,0,0
2025-09-23 11:03:30,user_1482,third_party,pqc,92.0,USA,medium,transaction,medium,update,0,26,20.31,1,1,0
2025-09-23 11:03:35,user_1483,admin,pqc,,India,medium,logs,medium,update,0,18,11.71,1,1,0
2025-09-23 11:03:40,user_1484,guest,classical,,Unknown,medium,transaction,medium,write,38831,22,10.23,0,0,1
2025-09-23 11:03:45,user_1485,guest,classical,,USA,high,customer_kyc,high,read,0,21,11.39,1,1,1
2025-09-23 11:03:50,user_1486,admin,pqc,,EU,low,transaction,medium,update,0,17,0.37,0,0,0
2025-09-23 11:03:55,user_1487,auditor,classical,,Unknown,low,transaction,medium,write,111510,17,7.62,0,0,1
2025-09-23 11:04:00,user_1488,admin,pqc,,Unknown,high,customer_kyc,medium,read,0,15,11.45,0,1,0
2025-09-23 11:04:05,user_1489,guest,pqc,,Unknown,low,payroll,high,write,0,22,1.32,1,0,1
2025-09-23 11:04:10,user_1490,third_party,pqc,65.0,USA,medium,transaction,low,delete,74214,21,17.87,2,1,0
2025-09-23 11:04:15,user_1491,guest,classical,,USA,high,customer_kyc,low,delete,0,13,12.97,0,0,1
2025-09-23 11:04:20,user_1492,guest,classical,,USA,low,catalog,medium,write,0,14,6.33,0,0,0
2025-09-23 11:04:25,user_1493,auditor,pqc,,EU,high,backend_sync,low,read,0,27,6.24,1,0,0
2025-09-23 11:04:30,user_1494,admin,classical,,India,low,catalog,low,read,0,20,10.23,2,1,0
2025-09-23 11:04:35,user_1495,guest,classical,,USA,high,backend_sync,medium,delete,0,20,11.07,0,0,0
2025-09-23 11:04:40,user_1496,employee,classical,,USA,medium,logs,medium,delete,0,23,10.27,1,0,0
2025-09-23 11:04:45,user_1497,third_party,classical,65.0,EU,low,payroll,high,read,0,15,4.99,0,1,1
2025-09-23 11:04:50,user_1498,auditor,classical,,EU,high,payroll,medium,update,0,21,19.42,1,1,0
2025-09-23 11:04:55,user_1499,guest,classical,,Unknown,medium,payroll,medium,delete,0,23,12.25,3,0,0
2025-09-23 11:05:00,user_1500,service,classical,,Unknown,low,customer_kyc,high,delete,0,17,12.74,2,0,1
2025-09-23 11:05:05,user_1501,admin,classical,,Unknown,medium,payroll,medium,write,0,19,5.5,0,0,0
2025-09-23 11:05:10,user_1502,employee,classical,,USA,high,transaction,low,update,131546,16,9.58,1,0,1
2025-09-23 11:05:15,user_1503,service,classical,,Unknown,high,catalog,high,write,0,16,6.68,0,0,0
2025-09-23 11:05:20,user_1504,employee,classical,,EU,high,transaction,medium,update,0,21,15.34,2,1,0
2025-09-23 11:05:25,user_1505,auditor,classical,,Unknown,low,transaction,high,write,0,22,1.24,1,0,1
2025-09-23 11:05:30,user_1506,employee,classical,,India,high,payroll,high,write,0,17,2.31,2,1,0
2025-09-23 11:05:35,user_1507,employee,pqc,,EU,high,customer_kyc,medium,read,0,16,12.82,0,1,0
2025-09-23 11:05:40,user_1508,service,classical,,USA,medium,catalog,high,update,0,23,10.22,0,1,0
2025-09-23 11:05:45,user_1509,admin,classical,,Unknown,medium,catalog,medium,update,0,18,6.6,0,0,0
2025-09-23 11:05:50,user_1510,employee,pqc,,EU,high,customer_kyc,low,write,0,23,5.12,1,1,0
2025-09-23 11:05:55,user_1511,employee,classical,,India,medium,logs,high,delete,0,17,18.43,0,1,0
2025-09-23 11:06:00,user_1512,employee,pqc,,India,medium,logs,low,write,0,21,14.67,1,0,0
2025-09-23 11:06:05,user_1513,guest,classical,,USA,low,catalog,high,update,0,30,9.88,0,0,1
2025-09-23 11:06:10,user_1514,service,classical,,EU,medium,backend_sync,medium,write,0,19,12.28,1,0,0
2025-09-23 11:06:15,user_1515,service,pqc,,USA,high,transaction,low,write,56295,18,10.66,2,1,0
2025-09-23 11:06:20,user_1516,employee,pqc,,USA,low,backend_sync,medium,delete,0,22,0.46,2,0,0
2025-09-23 11:06:25,user_1517,guest,pqc,,USA,high,logs,low,update,0,27,16.42,1,0,0
2025-09-23 11:06:30,user_1518,third_party,classical,92.0,USA,high,customer_kyc,high,read,0,18,7.69,1,1,0
2025-09-23 11:06:35,user_1519,service,pqc,,India,high,customer_kyc,low,write,0,14,7.05,4,0,0
2025-09-23 11:06:40,user_1520,service,pqc,,Unknown,low,logs,medium,update,0,24,9.57,1,1,0
2025-09-23 11:06:45,user_1521,service,classical,,Unknown,medium,payroll,high,delete,0,22,11.67,0,1,0
2025-09-23 11:06:50,user_1522,admin,pqc,,Unknown,low,logs,low,delete,0,18,14.81,0,1,0
2025-09-23 11:06:55,user_1523,third_party,pqc,92.0,USA,high,customer_kyc,low,delete,0,16,7.74,0,0,0
2025-09-23 11:07:00,user_1524,third_party,pqc,92.0,Unknown,medium,transaction,low,read,26908,13,6.47,0,0,0
2025-09-23 11:07:05,user_1525,third_party,pqc,40.0,Unknown,medium,catalog,low,read,0,15,11.08,1,1,1
2025-09-23 11:07:10,user_1526,third_party,classical,92.0,USA,high,catalog,high,read,0,20,12.56,2,1,0
2025-09-23 11:07:15,user_1527,service,pqc,,USA,high,payroll,high,read,0,21,10.49,1,1,0
2025-09-23 11:07:20,user_1528,admin,pqc,,Unknown,high,payroll,medium,delete,0,21,14.45,3,1,0
2025-09-23 11:07:25,user_1529,employee,pqc,,Unknown,medium,customer_kyc,low,read,0,20,16.05,0,1,0
2025-09-23 11:07:30,user_1530,auditor,classical,,Unknown,medium,transaction,low,write,0,15,6.34,0,1,0
2025-09-23 11:07:35,user_1531,admin,pqc,,Unknown,low,transaction,high,read,0,26,9.14,1,1,1
2025-09-23 11:07:40,user_1532,admin,pqc,,Unknown,medium,payroll,high,delete,0,18,18.13,2,0,0
2025-09-23 11:07:45,user_1533,auditor,pqc,,USA,low,payroll,medium,read,0,15,19.66,1,0,0
2025-09-23 11:07:50,user_1534,service,classical,,EU,low,payroll,high,update,0,17,9.76,1,0,1
2025-09-23 11:07:55,user_1535,admin,classical,,USA,low,payroll,medium,update,0,20,13.88,3,0,0
2025-09-23 11:08:00,user_1536,employee,classical,,Unknown,high,customer_kyc,high,delete,0,20,6.17,2,0,0
2025-09-23 11:08:05,user_1537,service,pqc,,USA,medium,customer_kyc,high,delete,0,20,12.9,0,0,0
2025-09-23 11:08:10,user_1538,admin,classical,,India,low,backend_sync,high,update,0,23,21.45,1,1,1
2025-09-23 11:08:15,user_1539,employee,pqc,,Unknown,low,backend_sync,high,write,0,25,4.34,3,1,1
2025-09-23 11:08:20,user_1540,third_party,classical,92.0,India,low,customer_kyc,low,read,0,14,9.07,1,0,0
2025-09-23 11:08:25,user_1541,employee,pqc,,EU,medium,catalog,high,delete,0,22,16.92,2,1,0
2025-09-23 11:08:30,user_1542,auditor,classical,,Unknown,medium,customer_kyc,high,read,0,23,6.72,1,0,0
2025-09-23 11:08:35,user_1543,service,pqc,,India,medium,catalog,high,read,0,19,11.56,1,0,0
2025-09-23 11:08:40,user_1544,employee,pqc,,Unknown,medium,customer_kyc,medium,update,0,20,7.86,0,0,0
2025-09-23 11:08:45,user_1545,auditor,classical,,EU,low,logs,medium,delete,0,9,14.02,1,0,0
2025-09-23 11:08:50,user_1546,admin,classical,,USA,medium,logs,medium,update,0,16,5.09,1,1,0
2025-09-23 11:08:55,user_1547,auditor,classical,,USA,high,logs,high,update,0,18,12.74,2,1,0
2025-09-23 11:09:00,user_1548,third_party,classical,40.0,USA,high,payroll,medium,update,0,22,5.56,1,1,1
2025-09-23 11:09:05,user_1549,service,pqc,,USA,high,backend_sync,high,read,0,17,2.38,2,1,0
2025-09-23 11:09:10,user_1550,employee,pqc,,USA,medium,payroll,low,update,0,15,16.32,1,1,0
2025-09-23 11:09:15,user_1551,employee,classical,,India,high,payroll,high,read,0,21,11.32,0,0,0
2025-09-23 11:09:20,user_1552,employee,classical,,USA,medium,logs,high,read,0,20,9.04,0,1,0
2025-09-23 11:09:25,user_1553,admin,classical,,USA,medium,catalog,low,delete,0,18,8.86,0,0,0
2025-09-23 11:09:30,user_1554,auditor,classical,,India,high,catalog,high,update,0,15,13.15,2,0,0
2025-09-23 11:09:35,user_1555,auditor,pqc,,EU,high,logs,medium,read,0,19,9.83,1,1,0
2025-09-23 11:09:40,user_1556,auditor,pqc,,India,low,backend_sync,low,delete,0,13,15.71,2,1,0
2025-09-23 11:09:45,user_1557,employee,classical,,EU,low,catalog,low,write,0,24,13.09,3,0,0
2025-09-23 11:09:50,user_1558,auditor,pqc,,USA,low,logs,high,update,0,14,12.74,2,1,1
2025-09-23 11:09:55,user_1559,employee,pqc,,EU,low,transaction,high,write,0,17,9.04,1,1,1
2025-09-23 11:10:00,user_1560,third_party,classical,40.0,USA,medium,logs,low,update,0,19,11.05,0,0,1
2025-09-23 11:10:05,user_1561,admin,pqc,,EU,high,catalog,low,delete,0,19,9.7,1,1,0
2025-09-23 11:10:10,user_1562,admin,classical,,USA,low,catalog,medium,delete,0,16,5.71,2,1,0
2025-09-23 11:10:15,user_1563,service,pqc,,Unknown,high,customer_kyc,low,read,0,13,8.63,3,1,0
2025-09-23 11:10:20,user_1564,admin,classical,,USA,high,customer_kyc,medium,read,0,24,8.9,1,1,0
2025-09-23 11:10:25,user_1565,employee,classical,,India,high,logs,medium,update,0,27,20.65,2,0,0
2025-09-23 11:10:30,user_1566,employee,classical,,EU,high,transaction,medium,read,0,23,11.02,0,0,0
2025-09-23 11:10:35,user_1567,employee,pqc,,Unknown,low,backend_sync,medium,update,0,13,11.09,2,0,0
2025-09-23 11:10:40,user_1568,guest,classical,,Unknown,low,logs,high,update,0,20,15.49,0,1,1
2025-09-23 11:10:45,user_1569,auditor,pqc,,India,high,transaction,low,write,136808,11,9.49,2,1,1
2025-09-23 11:10:50,user_1570,admin,pqc,,Unknown,medium,backend_sync,high,update,0,12,9.44,0,1,0
2025-09-23 11:10:55,user_1571,third_party,pqc,65.0,Unknown,high,catalog,low,update,0,23,13.67,1,1,0
2025-09-23 11:11:00,user_1572,employee,classical,,EU,medium,transaction,medium,update,0,19,15.2,0,1,0
2025-09-23 11:11:05,user_1573,auditor,pqc,,EU,high,customer_kyc,low,read,0,11,13.95,1,1,0
2025-09-23 11:11:10,user_1574,service,classical,,India,high,backend_sync,low,delete,0,21,4.5,0,0,0
2025-09-23 11:11:15,user_1575,employee,classical,,India,high,catalog,low,update,0,23,12.74,1,1,0
2025-09-23 11:11:20,user_1576,auditor,classical,,Unknown,medium,catalog,low,update,0,26,7.73,0,0,0
2025-09-23 11:11:25,user_1577,third_party,pqc,40.0,India,low,payroll,low,write,0,26,7.29,1,1,1
2025-09-23 11:11:30,user_1578,employee,pqc,,Unknown,low,transaction,medium,write,0,17,4.34,3,1,0
2025-09-23 11:11:35,user_1579,admin,classical,,EU,high,backend_sync,low,read,0,17,4.53,1,1,0
2025-09-23 11:11:40,user_1580,third_party,pqc,65.0,EU,medium,payroll,high,read,0,18,8.96,0,0,0
2025-09-23 11:11:45,user_1581,admin,classical,,USA,high,customer_kyc,high,read,0,24,16.36,0,0,0
2025-09-23 11:11:50,user_1582,service,classical,,Unknown,medium,backend_sync,high,delete,0,12,2.74,0,0,0
2025-09-23 11:11:55,user_1583,service,pqc,,Unknown,high,backend_sync,high,read,0,20,8.87,0,0,0
2025-09-23 11:12:00,user_1584,employee,pqc,,USA,high,backend_sync,low,update,0,34,13.79,0,0,0
2025-09-23 11:12:05,user_1585,guest,classical,,Unknown,medium,backend_sync,medium,write,0,22,11.08,0,1,0
2025-09-23 11:12:10,user_1586,auditor,classical,,EU,high,backend_sync,medium,read,0,23,19.29,1,1,0
2025-09-23 11:12:15,user_1587,guest,pqc,,Unknown,high,transaction,medium,update,55409,25,9.31,0,0,1
2025-09-23 11:12:20,user_1588,service,pqc,,India,high,catalog,medium,read,0,17,10.77,3,1,0
2025-09-23 11:12:25,user_1589,admin,pqc,,India,high,catalog,medium,delete,0,21,17.04,2,1,0
2025-09-23 11:12:30,user_1590,service,classical,,EU,high,transaction,low,write,0,17,9.91,2,0,0
2025-09-23 11:12:35,user_1591,employee,classical,,EU,high,payroll,medium,write,0,12,15.5,0,0,0
2025-09-23 11:12:40,user_1592,guest,classical,,India,medium,customer_kyc,medium,delete,0,28,4.86,3,0,1
2025-09-23 11:12:45,user_1593,third_party,classical,92.0,USA,high,logs,medium,update,0,16,3.11,2,0,0
2025-09-23 11:12:50,user_1594,guest,pqc,,USA,medium,backend_sync,high,update,0,20,6.45,1,1,0
2025-09-23 11:12:55,user_1595,employee,classical,,Unknown,high,transaction,high,write,0,31,11.95,1,1,0
2025-09-23 11:13:00,user_1596,admin,pqc,,USA,high,payroll,low,update,0,17,10.61,0,1,0
2025-09-23 11:13:05,user_1597,guest,pqc,,EU,medium,catalog,low,update,0,23,8.89,0,0,0
2025-09-23 11:13:10,user_1598,guest,classical,,EU,medium,logs,low,write,0,23,4.81,1,1,0
2025-09-23 11:13:15,user_1599,admin,classical,,India,medium,catalog,medium,delete,0,12,4.87,1,0,0
2025-09-23 11:13:20,user_1600,auditor,pqc,,EU,medium,logs,high,read,0,16,0.1,0,0,0
2025-09-23 11:13:25,user_1601,service,pqc,,USA,medium,customer_kyc,medium,update,0,33,8.36,1,0,0
2025-09-23 11:13:30,user_1602,guest,classical,,India,low,catalog,low,delete,0,20,7.77,1,0,0
2025-09-23 11:13:35,user_1603,third_party,pqc,40.0,USA,high,transaction,high,write,0,16,10.84,1,0,1
2025-09-23 11:13:40,user_1604,third_party,classical,65.0,EU,medium,catalog,low,update,0,22,9.55,1,1,0
2025-09-23 11:13:45,user_1605,admin,pqc,,EU,high,catalog,high,delete,0,27,9.91,0,1,0
2025-09-23 11:13:50,user_1606,service,pqc,,USA,medium,catalog,low,read,0,20,9.24,1,1,0
2025-09-23 11:13:55,user_1607,auditor,pqc,,USA,medium,backend_sync,medium,update,0,17,11.13,2,0,0
2025-09-23 11:14:00,user_1608,guest,pqc,,USA,high,payroll,medium,read,0,18,7.26,2,1,0
2025-09-23 11:14:05,user_1609,employee,classical,,India,medium,customer_kyc,low,update,0,16,13.46,4,0,0
2025-09-23 11:14:10,user_1610,auditor,pqc,,USA,high,logs,medium,write,0,20,4.68,1,0,0
2025-09-23 11:14:15,user_1611,third_party,pqc,65.0,Unknown,low,payroll,high,delete,0,23,7.16,2,1,1
2025-09-23 11:14:20,user_1612,guest,classical,,USA,high,customer_kyc,high,read,0,24,8.62,1,1,1
2025-09-23 11:14:25,user_1613,third_party,pqc,40.0,EU,low,logs,medium,write,0,25,6.73,0,0,1
2025-09-23 11:14:30,user_1614,auditor,classical,,EU,high,customer_kyc,high,read,0,16,12.35,2,0,0
2025-09-23 11:14:35,user_1615,auditor,pqc,,EU,medium,logs,high,update,0,24,16.12,1,1,0
2025-09-23 11:14:40,user_1616,employee,classical,,EU,medium,catalog,medium,write,0,11,14.04,1,1,0
2025-09-23 11:14:45,user_1617,third_party,pqc,65.0,Unknown,medium,backend_sync,high,write,0,22,15.97,1,1,0
2025-09-23 11:14:50,user_1618,third_party,pqc,92.0,USA,high,payroll,medium,write,0,15,12.47,3,0,0
2025-09-23 11:14:55,user_1619,service,pqc,,Unknown,medium,customer_kyc,medium,write,0,15,16.87,2,0,0
2025-09-23 11:15:00,user_1620,third_party,pqc,40.0,USA,medium,catalog,high,write,0,16,4.77,1,1,1
2025-09-23 11:15:05,user_1621,service,pqc,,USA,low,payroll,medium,update,0,23,10.08,1,1,0
2025-09-23 11:15:10,user_1622,admin,pqc,,India,high,backend_sync,low,update,0,10,14.45,1,0,0
2025-09-23 11:15:15,user_1623,employee,pqc,,USA,low,payroll,low,delete,0,18,6.46,2,0,0
2025-09-23 11:15:20,user_1624,employee,classical,,India,low,payroll,low,read,0,19,7.12,1,1,0
2025-09-23 11:15:25,user_1625,admin,pqc,,Unknown,medium,payroll,medium,read,0,20,12.59,2,0,0
2025-09-23 11:15:30,user_1626,auditor,classical,,Unknown,medium,backend_sync,low,update,0,16,5.85,1,0,0
2025-09-23 11:15:35,user_1627,auditor,pqc,,USA,medium,transaction,medium,update,37315,18,15.45,1,1,0
2025-09-23 11:15:40,user_1628,guest,classical,,EU,low,transaction,medium,read,0,21,12.61,1,1,1
2025-09-23 11:15:45,user_1629,service,classical,,EU,medium,transaction,high,update,108640,18,15.52,1,1,1
2025-09-23 11:15:50,user_1630,employee,pqc,,USA,low,customer_kyc,high,read,0,28,6.71,1,0,1
2025-09-23 11:15:55,user_1631,guest,pqc,,Unknown,high,logs,high,update,0,22,11.27,2,0,0
2025-09-23 11:16:00,user_1632,service,classical,,EU,high,transaction,medium,update,181828,27,11.47,1,1,1
2025-09-23 11:16:05,user_1633,third_party,classical,92.0,India,high,logs,low,write,0,15,9.23,3,1,0
2025-09-23 11:16:10,user_1634,admin,pqc,,EU,high,catalog,medium,read,0,19,11.85,2,0,0
2025-09-23 11:16:15,user_1635,employee,pqc,,EU,high,payroll,low,read,0,25,11.08,2,0,0
2025-09-23 11:16:20,user_1636,employee,pqc,,Unknown,medium,payroll,low,read,0,19,11.0,1,1,0
2025-09-23 11:16:25,user_1637,service,classical,,EU,high,logs,high,write,0,11,19.06,1,0,0
2025-09-23 11:16:30,user_1638,employee,classical,,USA,high,payroll,medium,update,0,22,16.72,1,1,0
2025-09-23 11:16:35,user_1639,third_party,pqc,40.0,EU,high,payroll,low,read,0,20,5.92,1,1,1
2025-09-23 11:16:40,user_1640,auditor,classical,,EU,high,catalog,high,write,0,30,4.32,2,1,0
2025-09-23 11:16:45,user_1641,service,pqc,,India,medium,catalog,medium,delete,0,23,7.04,0,1,0
2025-09-23 11:16:50,user_1642,service,pqc,,Unknown,low,payroll,low,read,0,28,6.41,0,0,0
2025-09-23 11:16:55,user_1643,employee,classical,,India,medium,catalog,low,delete,0,24,12.38,1,0,0
2025-09-23 11:17:00,user_1644,employee,classical,,EU,high,payroll,low,write,0,24,6.79,1,0,0
2025-09-23 11:17:05,user_1645,third_party,pqc,65.0,USA,medium,payroll,medium,write,0,18,7.73,1,1,0
2025-09-23 11:17:10,user_1646,auditor,classical,,EU,medium,logs,medium,write,0,18,7.27,1,0,0
2025-09-23 11:17:15,user_1647,auditor,classical,,Unknown,high,catalog,high,write,0,20,11.08,1,0,0
2025-09-23 11:17:20,user_1648,auditor,pqc,,USA,low,backend_sync,high,update,0,16,17.82,4,0,1
2025-09-23 11:17:25,user_1649,employee,classical,,USA,medium,backend_sync,high,read,0,18,11.78,1,1,0
2025-09-23 11:17:30,user_1650,service,classical,,India,high,backend_sync,medium,delete,0,19,3.45,0,0,0
2025-09-23 11:17:35,user_1651,third_party,classical,65.0,India,low,payroll,medium,read,0,25,15.15,0,1,0
2025-09-23 11:17:40,user_1652,admin,classical,,USA,medium,customer_kyc,medium,update,0,26,9.24,0,0,0
2025-09-23 11:17:45,user_1653,auditor,classical,,Unknown,high,catalog,low,write,0,25,18.8,0,1,0
2025-09-23 11:17:50,user_1654,service,classical,,EU,high,backend_sync,low,delete,0,22,5.68,3,0,0
2025-09-23 11:17:55,user_1655,auditor,classical,,EU,high,payroll,high,write,0,15,18.66,1,1,0
2025-09-23 11:18:00,user_1656,employee,pqc,,USA,high,payroll,high,read,0,18,3.64,2,0,0
2025-09-23 11:18:05,user_1657,service,pqc,,EU,high,payroll,high,read,0,25,7.38,1,0,0
2025-09-23 11:18:10,user_1658,service,classical,,Unknown,high,transaction,medium,update,0,15,12.91,1,1,0
2025-09-23 11:18:15,user_1659,service,classical,,India,medium,backend_sync,medium,read,0,25,10.91,0,0,0
2025-09-23 11:18:20,user_1660,admin,classical,,USA,low,customer_kyc,low,delete,0,27,17.61,1,1,0
2025-09-23 11:18:25,user_1661,service,pqc,,USA,high,customer_kyc,low,read,0,13,7.29,2,1,0
2025-09-23 11:18:30,user_1662,employee,pqc,,India,medium,transaction,high,delete,2753,20,14.77,1,1,0
2025-09-23 11:18:35,user_1663,third_party,classical,40.0,EU,low,payroll,low,delete,0,19,15.48,0,0,1
2025-09-23 11:18:40,user_1664,guest,pqc,,USA,low,catalog,low,write,0,17,9.9,0,0,0
2025-09-23 11:18:45,user_1665,admin,pqc,,USA,low,payroll,high,read,0,20,6.01,1,0,1
2025-09-23 11:18:50,user_1666,guest,pqc,,Unknown,medium,payroll,high,write,0,25,17.16,1,1,0
2025-09-23 11:18:55,user_1667,admin,classical,,USA,high,customer_kyc,high,delete,0,18,11.46,0,0,0
2025-09-23 11:19:00,user_1668,third_party,classical,65.0,India,medium,backend_sync,high,read,0,19,6.63,2,1,0
2025-09-23 11:19:05,user_1669,employee,pqc,,India,high,transaction,low,write,0,22,10.43,1,1,0
2025-09-23 11:19:10,user_1670,service,pqc,,India,medium,transaction,low,read,0,24,4.99,1,1,0
2025-09-23 11:19:15,user_1671,auditor,pqc,,Unknown,low,logs,low,read,0,20,11.5,0,0,0
2025-09-23 11:19:20,user_1672,guest,classical,,EU,low,catalog,medium,update,0,29,14.68,0,0,0
2025-09-23 11:19:25,user_1673,auditor,pqc,,Unknown,low,transaction,medium,update,137002,17,7.05,1,1,1
2025-09-23 11:19:30,user_1674,third_party,pqc,40.0,USA,medium,transaction,medium,delete,0,21,4.56,1,1,1
2025-09-23 11:19:35,user_1675,employee,pqc,,India,medium,catalog,high,update,0,22,10.25,0,0,0
2025-09-23 11:19:40,user_1676,third_party,classical,92.0,Unknown,high,payroll,medium,write,0,20,9.31,0,0,0
2025-09-23 11:19:45,user_1677,admin,classical,,USA,medium,payroll,high,read,0,24,14.18,0,1,0
2025-09-23 11:19:50,user_1678,employee,classical,,EU,medium,customer_kyc,low,delete,0,13,8.58,0,1,0
2025-09-23 11:19:55,user_1679,service,classical,,India,high,logs,medium,read,0,16,17.74,0,1,0
2025-09-23 11:20:00,user_1680,admin,classical,,Unknown,medium,payroll,low,delete,0,11,12.17,0,1,0
2025-09-23 11:20:05,user_1681,auditor,pqc,,Unknown,low,backend_sync,medium,delete,0,21,8.76,2,0,0
2025-09-23 11:20:10,user_1682,third_party,pqc,65.0,Unknown,high,logs,high,delete,0,10,2.77,0,1,0
2025-09-23 11:20:15,user_1683,service,classical,,EU,low,backend_sync,medium,read,0,14,8.83,3,0,0
2025-09-23 11:20:20,user_1684,auditor,classical,,India,high,backend_sync,high,write,0,14,8.32,1,0,0
2025-09-23 11:20:25,user_1685,third_party,pqc,40.0,India,medium,transaction,high,write,0,14,13.28,1,0,1
2025-09-23 11:20:30,user_1686,guest,pqc,,Unknown,medium,transaction,medium,read,82773,15,13.66,1,0,1
2025-09-23 11:20:35,user_1687,service,classical,,India,medium,customer_kyc,medium,read,0,28,6.41,1,0,0
2025-09-23 11:20:40,user_1688,third_party,pqc,40.0,Unknown,medium,transaction,low,update,145295,27,13.49,1,0,1
2025-09-23 11:20:45,user_1689,employee,pqc,,India,medium,payroll,medium,delete,0,26,12.42,2,0,0
2025-09-23 11:20:50,user_1690,service,pqc,,EU,low,backend_sync,medium,delete,0,19,18.79,1,0,0
2025-09-23 11:20:55,user_1691,guest,classical,,USA,medium,backend_sync,low,delete,0,16,9.36,0,0,0
2025-09-23 11:21:00,user_1692,admin,pqc,,India,high,transaction,medium,read,87889,17,14.82,2,1,0
2025-09-23 11:21:05,user_1693,admin,classical,,India,high,transaction,medium,delete,102871,14,16.06,1,0,1
2025-09-23 11:21:10,user_1694,service,pqc,,EU,high,payroll,high,read,0,30,12.84,1,0,0
2025-09-23 11:21:15,user_1695,admin,pqc,,USA,high,customer_kyc,low,write,0,13,4.22,1,0,0
2025-09-23 11:21:20,user_1696,employee,classical,,Unknown,medium,payroll,high,delete,0,13,6.97,2,1,0
2025-09-23 11:21:25,user_1697,admin,pqc,,India,medium,logs,medium,update,0,23,4.03,0,1,0
2025-09-23 11:21:30,user_1698,guest,classical,,USA,medium,backend_sync,high,delete,0,19,19.65,0,1,0
2025-09-23 11:21:35,user_1699,guest,classical,,Unknown,high,backend_sync,high,read,0,25,14.6,0,0,0
2025-09-23 11:21:40,user_1700,employee,pqc,,India,low,customer_kyc,high,read,0,19,22.05,3,1,1
2025-09-23 11:21:45,user_1701,service,pqc,,India,low,payroll,medium,delete,0,18,15.85,0,0,0
2025-09-23 11:21:50,user_1702,service,pqc,,Unknown,medium,logs,low,update,0,12,8.48,1,1,0
2025-09-23 11:21:55,user_1703,guest,pqc,,India,low,transaction,low,write,175171,24,5.52,0,0,1
2025-09-23 11:22:00,user_1704,admin,pqc,,EU,low,payroll,low,update,0,24,12.02,1,0,0
2025-09-23 11:22:05,user_1705,admin,pqc,,Unknown,low,transaction,high,read,130555,16,17.42,0,0,1
2025-09-23 11:22:10,user_1706,admin,pqc,,India,low,transaction,high,write,62731,23,8.83,0,1,1
2025-09-23 11:22:15,user_1707,admin,pqc,,India,medium,catalog,medium,delete,0,25,10.85,0,0,0
2025-09-23 11:22:20,user_1708,employee,pqc,,Unknown,medium,customer_kyc,high,read,0,19,1.68,1,1,0
2025-09-23 11:22:25,user_1709,employee,classical,,EU,medium,customer_kyc,medium,delete,0,18,8.46,0,0,0
2025-09-23 11:22:30,user_1710,auditor,classical,,USA,high,catalog,low,update,0,24,2.27,2,1,0
2025-09-23 11:22:35,user_1711,service,classical,,EU,medium,logs,high,update,0,26,12.8,1,0,0
2025-09-23 11:22:40,user_1712,third_party,classical,92.0,EU,low,logs,medium,read,0,18,16.43,0,1,0
2025-09-23 11:22:45,user_1713,auditor,pqc,,USA,high,backend_sync,low,read,0,24,15.86,0,0,0
2025-09-23 11:22:50,user_1714,admin,pqc,,USA,high,backend_sync,medium,read,0,20,0.49,1,1,0
2025-09-23 11:22:55,user_1715,service,pqc,,EU,high,transaction,low,update,0,18,3.43,2,0,0
2025-09-23 11:23:00,user_1716,employee,classical,,India,medium,transaction,high,update,30464,25,7.73,0,1,0
2025-09-23 11:23:05,user_1717,third_party,classical,65.0,Unknown,high,transaction,medium,delete,0,24,10.42,1,0,0
2025-09-23 11:23:10,user_1718,admin,classical,,USA,low,customer_kyc,low,write,0,23,0.92,1,0,0
2025-09-23 11:23:15,user_1719,admin,classical,,Unknown,medium,logs,low,write,0,23,9.27,1,1,0
2025-09-23 11:23:20,user_1720,auditor,pqc,,India,high,customer_kyc,high,delete,0,20,9.33,1,1,0
2025-09-23 11:23:25,user_1721,third_party,classical,65.0,EU,medium,customer_kyc,medium,update,0,19,6.93,0,1,0
2025-09-23 11:23:30,user_1722,third_party,classical,65.0,India,low,transaction,low,delete,0,19,12.29,1,0,0
2025-09-23 11:23:35,user_1723,service,pqc,,Unknown,low,transaction,low,delete,82704,16,19.11,1,1,0
2025-09-23 11:23:40,user_1724,third_party,pqc,40.0,Unknown,low,backend_sync,high,read,0,20,20.38,1,1,1
2025-09-23 11:23:45,user_1725,admin,pqc,,USA,high,customer_kyc,low,update,0,21,12.47,1,0,0
2025-09-23 11:23:50,user_1726,admin,pqc,,EU,high,catalog,high,update,0,18,17.9,1,0,0
2025-09-23 11:23:55,user_1727,admin,pqc,,India,medium,customer_kyc,low,delete,0,16,12.34,0,1,0
2025-09-23 11:24:00,user_1728,third_party,pqc,92.0,EU,high,customer_kyc,medium,read,0,19,13.08,0,0,0
2025-09-23 11:24:05,user_1729,third_party,classical,92.0,Unknown,low,customer_kyc,high,update,0,14,7.25,3,1,1
2025-09-23 11:24:10,user_1730,third_party,pqc,40.0,Unknown,low,customer_kyc,low,delete,0,36,8.57,2,1,1
2025-09-23 11:24:15,user_1731,guest,classical,,USA,medium,backend_sync,low,write,0,26,5.99,0,0,0
2025-09-23 11:24:20,user_1732,service,classical,,India,low,logs,low,update,0,20,4.59,3,0,0
2025-09-23 11:24:25,user_1733,admin,classical,,Unknown,high,payroll,medium,update,0,22,9.75,1,0,0
2025-09-23 11:24:30,user_1734,employee,pqc,,USA,medium,payroll,high,write,0,20,5.71,0,1,0
2025-09-23 11:24:35,user_1735,guest,classical,,EU,high,transaction,high,update,74664,20,7.49,4,1,1
2025-09-23 11:24:40,user_1736,auditor,pqc,,USA,medium,logs,high,read,0,19,11.98,0,1,0
2025-09-23 11:24:45,user_1737,third_party,pqc,40.0,India,low,backend_sync,high,write,0,21,5.72,0,0,1
2025-09-23 11:24:50,user_1738,auditor,classical,,Unknown,low,customer_kyc,high,read,0,17,14.31,0,0,1
2025-09-23 11:24:55,user_1739,guest,pqc,,Unknown,low,transaction,medium,write,0,21,5.26,3,1,1
2025-09-23 11:25:00,user_1740,third_party,classical,92.0,Unknown,low,payroll,low,read,0,20,17.66,1,0,0
2025-09-23 11:25:05,user_1741,auditor,pqc,,Unknown,low,backend_sync,low,update,0,21,7.53,1,0,0
2025-09-23 11:25:10,user_1742,guest,classical,,EU,high,backend_sync,high,read,0,22,11.96,3,1,0
2025-09-23 11:25:15,user_1743,admin,pqc,,USA,medium,backend_sync,high,delete,0,15,11.47,0,0,0
2025-09-23 11:25:20,user_1744,employee,pqc,,EU,medium,transaction,medium,write,0,19,16.26,0,1,0
2025-09-23 11:25:25,user_1745,service,classical,,EU,high,logs,medium,read,0,16,8.45,1,0,0
2025-09-23 11:25:30,user_1746,admin,classical,,EU,low,payroll,low,write,0,23,10.16,2,0,0
2025-09-23 11:25:35,user_1747,third_party,classical,65.0,EU,low,customer_kyc,medium,delete,0,18,8.52,1,1,0
2025-09-23 11:25:40,user_1748,third_party,pqc,40.0,EU,medium,payroll,medium,delete,0,26,9.28,0,1,1
2025-09-23 11:25:45,user_1749,auditor,pqc,,India,medium,catalog,low,read,0,13,14.5,1,0,0
2025-09-23 11:25:50,user_1750,employee,pqc,,USA,medium,customer_kyc,high,update,0,23,8.75,2,1,0
2025-09-23 11:25:55,user_1751,third_party,classical,65.0,USA,low,catalog,medium,update,0,19,11.77,1,0,0
2025-09-23 11:26:00,user_1752,guest,pqc,,EU,high,payroll,medium,update,0,21,19.54,2,0,0
2025-09-23 11:26:05,user_1753,employee,pqc,,India,low,transaction,medium,update,97733,14,8.3,0,1,0
2025-09-23 11:26:10,user_1754,employee,pqc,,EU,medium,backend_sync,high,delete,0,23,13.19,0,1,0
2025-09-23 11:26:15,user_1755,auditor,pqc,,USA,low,customer_kyc,high,update,0,22,3.12,0,0,1
2025-09-23 11:26:20,user_1756,guest,pqc,,USA,high,logs,medium,write,0,22,9.52,0,1,0
2025-09-23 11:26:25,user_1757,admin,classical,,EU,high,payroll,low,read,0,23,7.11,1,0,0
2025-09-23 11:26:30,user_1758,service,classical,,Unknown,high,backend_sync,high,write,0,25,9.45,2,1,0
2025-09-23 11:26:35,user_1759,service,pqc,,USA,medium,payroll,medium,read,0,30,4.1,3,1,0
2025-09-23 11:26:40,user_1760,service,classical,,USA,medium,backend_sync,high,update,0,20,10.04,3,1,0
2025-09-23 11:26:45,user_1761,auditor,pqc,,EU,medium,transaction,low,delete,24680,21,12.99,1,1,0
2025-09-23 11:26:50,user_1762,auditor,classical,,Unknown,high,customer_kyc,medium,write,0,20,8.37,1,1,0
2025-09-23 11:26:55,user_1763,guest,classical,,Unknown,high,transaction,medium,update,0,14,13.41,1,1,1
2025-09-23 11:27:00,user_1764,auditor,pqc,,Unknown,high,logs,high,read,0,15,14.27,2,0,0
2025-09-23 11:27:05,user_1765,guest,pqc,,USA,medium,transaction,high,write,0,20,9.29,2,1,1
2025-09-23 11:27:10,user_1766,service,classical,,India,medium,payroll,medium,delete,0,16,11.05,0,1,0
2025-09-23 11:27:15,user_1767,third_party,classical,65.0,Unknown,low,logs,low,delete,0,18,10.56,0,1,0
2025-09-23 11:27:20,user_1768,service,pqc,,India,medium,transaction,low,write,98051,28,2.7,0,0,0
2025-09-23 11:27:25,user_1769,auditor,classical,,India,high,customer_kyc,low,write,0,20,7.16,1,0,0
2025-09-23 11:27:30,user_1770,third_party,classical,65.0,EU,medium,logs,medium,read,0,18,1.75,0,1,0
2025-09-23 11:27:35,user_1771,employee,pqc,,India,high,transaction,high,delete,190123,15,9.68,1,0,1
2025-09-23 11:27:40,user_1772,employee,pqc,,EU,low,backend_sync,low,update,0,20,15.34,2,1,0
2025-09-23 11:27:45,user_1773,admin,pqc,,USA,low,transaction,high,delete,0,15,15.58,1,1,1
2025-09-23 11:27:50,user_1774,third_party,classical,92.0,EU,high,transaction,high,read,156248,21,3.74,1,1,1
2025-09-23 11:27:55,user_1775,third_party,classical,92.0,Unknown,low,logs,low,update,0,30,18.25,0,0,0
2025-09-23 11:28:00,user_1776,auditor,pqc,,Unknown,high,logs,high,read,0,19,1.61,2,1,0
2025-09-23 11:28:05,user_1777,service,pqc,,EU,high,logs,high,delete,0,23,12.85,0,0,0
2025-09-23 11:28:10,user_1778,auditor,classical,,Unknown,low,backend_sync,low,update,0,21,4.23,0,0,0
2025-09-23 11:28:15,user_1779,admin,classical,,USA,medium,logs,low,write,0,20,6.94,0,0,0
2025-09-23 11:28:20,user_1780,admin,classical,,India,medium,backend_sync,medium,write,0,20,9.05,0,0,0
2025-09-23 11:28:25,user_1781,auditor,pqc,,USA,medium,transaction,low,write,146446,21,3.87,1,0,1
2025-09-23 11:28:30,user_1782,admin,classical,,India,low,catalog,medium,update,0,18,10.34,1,0,0
2025-09-23 11:28:35,user_1783,third_party,pqc,92.0,Unknown,low,payroll,low,read,0,16,12.27,1,1,0
2025-09-23 11:28:40,user_1784,guest,classical,,USA,high,backend_sync,medium,write,0,21,19.79,1,1,0
2025-09-23 11:28:45,user_1785,admin,classical,,USA,low,transaction,low,update,48975,16,3.53,1,1,0
2025-09-23 11:28:50,user_1786,guest,classical,,Unknown,low,customer_kyc,low,update,0,27,9.9,2,1,1
2025-09-23 11:28:55,user_1787,employee,classical,,EU,low,payroll,medium,update,0,33,2.77,0,1,0
2025-09-23 11:29:00,user_1788,guest,classical,,Unknown,low,transaction,low,write,0,22,7.32,2,1,1
2025-09-23 11:29:05,user_1789,third_party,classical,65.0,India,medium,backend_sync,medium,update,0,19,14.46,1,0,0
2025-09-23 11:29:10,user_1790,employee,pqc,,EU,high,customer_kyc,high,read,0,21,14.93,0,0,0
2025-09-23 11:29:15,user_1791,third_party,classical,65.0,EU,medium,transaction,high,read,0,20,4.14,1,0,0
2025-09-23 11:29:20,user_1792,auditor,classical,,Unknown,high,backend_sync,medium,write,0,16,5.61,2,1,0
2025-09-23 11:29:25,user_1793,employee,pqc,,Unknown,medium,transaction,low,read,0,22,13.89,1,1,0
2025-09-23 11:29:30,user_1794,auditor,pqc,,India,low,payroll,medium,read,0,17,8.0,1,1,0
2025-09-23 11:29:35,user_1795,admin,pqc,,USA,low,transaction,low,update,0,26,11.6,0,0,0
2025-09-23 11:29:40,user_1796,third_party,pqc,65.0,India,low,logs,high,delete,0,18,10.6,4,1,1
2025-09-23 11:29:45,user_1797,third_party,pqc,65.0,USA,high,customer_kyc,medium,update,0,20,11.74,0,1,0
2025-09-23 11:29:50,user_1798,guest,pqc,,EU,low,catalog,medium,read,0,18,17.38,1,0,0
2025-09-23 11:29:55,user_1799,guest,classical,,EU,low,catalog,medium,delete,0,16,12.75,2,1,0
2025-09-23 11:30:00,user_1800,admin,classical,,India,high,backend_sync,medium,read,0,19,5.81,0,0,0
2025-09-23 11:30:05,user_1801,service,classical,,India,high,payroll,high,write,0,25,3.27,2,0,0
2025-09-23 11:30:10,user_1802,auditor,pqc,,EU,medium,payroll,low,update,0,20,14.53,0,0,0
2025-09-23 11:30:15,user_1803,third_party,classical,92.0,USA,high,transaction,high,update,176648,18,17.09,2,0,1
2025-09-23 11:30:20,user_1804,guest,pqc,,Unknown,medium,backend_sync,low,read,0,26,1.49,0,0,0
2025-09-23 11:30:25,user_1805,admin,pqc,,EU,high,catalog,high,read,0,21,11.57,0,1,0
2025-09-23 11:30:30,user_1806,auditor,classical,,USA,medium,customer_kyc,low,write,0,20,12.06,2,1,0
2025-09-23 11:30:35,user_1807,employee,pqc,,USA,low,catalog,medium,update,0,15,16.83,4,1,0
2025-09-23 11:30:40,user_1808,employee,pqc,,USA,high,catalog,medium,update,0,21,7.5,1,1,0
2025-09-23 11:30:45,user_1809,employee,pqc,,EU,medium,catalog,medium,update,0,10,8.07,1,1,0
2025-09-23 11:30:50,user_1810,service,classical,,USA,medium,customer_kyc,medium,delete,0,16,5.21,0,0,0
2025-09-23 11:30:55,user_1811,service,pqc,,USA,medium,catalog,low,read,0,18,1.91,0,1,0
2025-09-23 11:31:00,user_1812,admin,classical,,India,high,transaction,medium,delete,104866,18,13.29,1,1,1
2025-09-23 11:31:05,user_1813,third_party,pqc,40.0,EU,low,catalog,low,update,0,19,12.09,1,1,1
2025-09-23 11:31:10,user_1814,auditor,classical,,India,medium,logs,medium,delete,0,34,12.55,1,1,0
2025-09-23 11:31:15,user_1815,third_party,classical,40.0,EU,low,backend_sync,low,write,0,12,12.8,3,1,1
2025-09-23 11:31:20,user_1816,admin,pqc,,India,high,logs,medium,delete,0,19,12.25,0,0,0
2025-09-23 11:31:25,user_1817,guest,pqc,,India,high,catalog,low,read,0,24,2.44,1,1,0
2025-09-23 11:31:30,user_1818,employee,classical,,Unknown,low,backend_sync,high,read,0,20,14.54,1,0,1
2025-09-23 11:31:35,user_1819,auditor,classical,,EU,low,payroll,medium,update,0,17,8.71,1,0,0
2025-09-23 11:31:40,user_1820,guest,pqc,,USA,low,transaction,low,update,0,20,2.99,4,0,1
2025-09-23 11:31:45,user_1821,guest,pqc,,USA,medium,logs,low,read,0,20,1.36,1,1,0
2025-09-23 11:31:50,user_1822,admin,pqc,,USA,low,transaction,medium,delete,190641,10,3.75,3,0,1
2025-09-23 11:31:55,user_1823,admin,pqc,,EU,low,transaction,high,read,60624,17,7.43,1,1,1
2025-09-23 11:32:00,user_1824,employee,pqc,,Unknown,high,logs,high,read,0,17,10.77,1,0,0
2025-09-23 11:32:05,user_1825,guest,classical,,India,medium,backend_sync,medium,update,0,13,9.77,0,0,0
2025-09-23 11:32:10,user_1826,third_party,pqc,65.0,USA,low,transaction,medium,delete,0,19,6.22,0,0,0
2025-09-23 11:32:15,user_1827,guest,pqc,,USA,high,catalog,high,read,0,15,19.81,0,0,0
2025-09-23 11:32:20,user_1828,admin,pqc,,Unknown,low,catalog,high,read,0,24,1.73,3,1,1
2025-09-23 11:32:25,user_1829,admin,pqc,,India,medium,logs,high,write,0,9,1.28,0,1,0
2025-09-23 11:32:30,user_1830,employee,pqc,,India,low,backend_sync,high,delete,0,19,8.13,1,1,1
2025-09-23 11:32:35,user_1831,guest,pqc,,EU,medium,catalog,low,read,0,19,3.88,1,1,0
2025-09-23 11:32:40,user_1832,admin,classical,,India,medium,payroll,medium,read,0,20,3.94,1,0,0
2025-09-23 11:32:45,user_1833,admin,pqc,,USA,low,backend_sync,medium,update,0,17,8.5,1,0,0
2025-09-23 11:32:50,user_1834,service,pqc,,USA,high,catalog,medium,update,0,22,22.34,0,0,0
2025-09-23 11:32:55,user_1835,guest,classical,,Unknown,low,catalog,medium,write,0,15,12.93,0,1,0
2025-09-23 11:33:00,user_1836,guest,classical,,EU,medium,customer_kyc,low,write,0,24,12.1,1,0,1
2025-09-23 11:33:05,user_1837,guest,pqc,,India,medium,backend_sync,low,update,0,26,6.66,0,1,0
2025-09-23 11:33:10,user_1838,guest,pqc,,Unknown,low,payroll,high,delete,0,19,13.38,4,0,1
2025-09-23 11:33:15,user_1839,employee,pqc,,Unknown,low,catalog,low,delete,0,21,6.84,1,1,0
2025-09-23 11:33:20,user_1840,auditor,classical,,EU,low,transaction,high,update,31546,19,14.44,0,0,1
2025-09-23 11:33:25,user_1841,guest,pqc,,EU,low,payroll,medium,delete,0,20,8.26,1,1,0
2025-09-23 11:33:30,user_1842,third_party,classical,92.0,India,low,catalog,high,update,0,24,8.08,0,0,1
2025-09-23 11:33:35,user_1843,guest,pqc,,USA,high,backend_sync,high,write,0,28,9.58,3,0,0
2025-09-23 11:33:40,user_1844,service,classical,,Unknown,medium,backend_sync,high,delete,0,20,9.72,1,0,0
2025-09-23 11:33:45,user_1845,employee,pqc,,India,medium,payroll,low,delete,0,22,15.81,0,1,0
2025-09-23 11:33:50,user_1846,employee,pqc,,USA,low,customer_kyc,medium,update,0,20,2.01,1,1,0
2025-09-23 11:33:55,user_1847,employee,pqc,,India,medium,logs,low,update,0,16,10.42,1,0,0
2025-09-23 11:34:00,user_1848,auditor,pqc,,India,high,logs,high,write,0,23,6.2,1,0,0
2025-09-23 11:34:05,user_1849,guest,classical,,USA,low,customer_kyc,high,delete,0,16,20.39,1,0,1
2025-09-23 11:34:10,user_1850,employee,classical,,EU,low,transaction,low,update,0,24,4.06,0,0,0
2025-09-23 11:34:15,user_1851,employee,pqc,,EU,medium,logs,medium,update,0,17,8.78,0,0,0
2025-09-23 11:34:20,user_1852,service,pqc,,EU,high,catalog,high,update,0,24,6.47,2,1,0
2025-09-23 11:34:25,user_1853,admin,pqc,,Unknown,high,transaction,high,read,0,17,6.36,0,0,0
2025-09-23 11:34:30,user_1854,service,pqc,,India,high,catalog,low,update,0,16,11.24,0,0,0
2025-09-23 11:34:35,user_1855,employee,classical,,EU,low,transaction,medium,write,0,22,6.8,1,0,0
2025-09-23 11:34:40,user_1856,service,classical,,Unknown,medium,payroll,low,read,0,16,8.74,0,0,0
2025-09-23 11:34:45,user_1857,guest,pqc,,Unknown,medium,transaction,medium,read,121015,16,4.15,3,0,1
2025-09-23 11:34:50,user_1858,third_party,pqc,65.0,USA,medium,transaction,medium,read,0,19,9.74,4,0,0
2025-09-23 11:34:55,user_1859,service,pqc,,EU,high,backend_sync,high,write,0,21,17.42,1,0,0
2025-09-23 11:35:00,user_1860,auditor,pqc,,Unknown,medium,customer_kyc,low,read,0,21,1.86,0,1,0
2025-09-23 11:35:05,user_1861,employee,pqc,,India,low,transaction,high,delete,91413,18,3.9,1,0,1
2025-09-23 11:35:10,user_1862,employee,classical,,USA,low,customer_kyc,low,read,0,24,0.7,1,1,0
2025-09-23 11:35:15,user_1863,admin,pqc,,India,low,payroll,medium,delete,0,16,10.17,1,0,0
2025-09-23 11:35:20,user_1864,third_party,classical,92.0,EU,medium,transaction,low,delete,0,19,7.82,0,0,0
2025-09-23 11:35:25,user_1865,admin,classical,,USA,medium,transaction,high,delete,0,24,16.19,2,0,0
2025-09-23 11:35:30,user_1866,guest,pqc,,Unknown,low,payroll,low,read,0,18,3.97,2,0,0
2025-09-23 11:35:35,user_1867,auditor,classical,,Unknown,low,payroll,low,update,0,19,2.72,0,1,0
2025-09-23 11:35:40,user_1868,employee,pqc,,USA,medium,catalog,high,delete,0,12,2.62,2,0,0
2025-09-23 11:35:45,user_1869,auditor,classical,,India,medium,transaction,medium,update,0,13,13.66,2,1,0
2025-09-23 11:35:50,user_1870,guest,pqc,,India,high,transaction,low,read,154141,24,1.33,1,1,1
2025-09-23 11:35:55,user_1871,service,classical,,EU,low,backend_sync,medium,delete,0,16,13.85,2,0,0
2025-09-23 11:36:00,user_1872,third_party,pqc,65.0,India,medium,transaction,high,write,0,19,4.9,3,0,0
2025-09-23 11:36:05,user_1873,service,classical,,Unknown,medium,payroll,medium,update,0,25,12.29,2,0,0
2025-09-23 11:36:10,user_1874,auditor,pqc,,India,low,backend_sync,medium,delete,0,14,2.04,1,1,0
2025-09-23 11:36:15,user_1875,auditor,classical,,EU,low,backend_sync,medium,write,0,12,15.01,0,1,0
2025-09-23 11:36:20,user_1876,auditor,pqc,,Unknown,medium,customer_kyc,high,delete,0,11,10.54,2,0,0
2025-09-23 11:36:25,user_1877,guest,pqc,,Unknown,low,transaction,low,read,191605,22,8.93,2,1,1
2025-09-23 11:36:30,user_1878,auditor,classical,,EU,high,backend_sync,high,write,0,19,1.21,1,0,0
2025-09-23 11:36:35,user_1879,guest,pqc,,Unknown,high,transaction,medium,delete,125682,20,7.84,0,1,1
2025-09-23 11:36:40,user_1880,employee,classical,,USA,high,backend_sync,low,write,0,15,10.83,0,0,0
2025-09-23 11:36:45,user_1881,third_party,classical,65.0,Unknown,low,payroll,high,update,0,21,6.87,2,1,1
2025-09-23 11:36:50,user_1882,employee,classical,,USA,low,payroll,high,update,0,16,12.14,1,1,1
2025-09-23 11:36:55,user_1883,employee,pqc,,Unknown,low,logs,high,read,0,20,5.84,0,1,1
2025-09-23 11:37:00,user_1884,third_party,pqc,92.0,India,medium,payroll,medium,read,0,19,8.14,4,0,0
2025-09-23 11:37:05,user_1885,admin,classical,,Unknown,low,transaction,low,delete,141016,18,20.09,0,1,1
2025-09-23 11:37:10,user_1886,guest,classical,,USA,low,backend_sync,medium,read,0,29,5.06,0,0,0
2025-09-23 11:37:15,user_1887,employee,classical,,Unknown,high,payroll,low,write,0,22,11.28,1,1,0
2025-09-23 11:37:20,user_1888,third_party,pqc,92.0,EU,medium,payroll,low,delete,0,15,14.71,0,0,0
2025-09-23 11:37:25,user_1889,guest,pqc,,USA,medium,catalog,medium,delete,0,24,15.42,1,1,0
2025-09-23 11:37:30,user_1890,admin,pqc,,EU,low,backend_sync,low,read,0,26,11.64,0,1,0
2025-09-23 11:37:35,user_1891,admin,classical,,India,high,backend_sync,medium,update,0,21,9.84,1,1,0
2025-09-23 11:37:40,user_1892,auditor,classical,,USA,medium,logs,high,read,0,14,3.36,0,0,0
2025-09-23 11:37:45,user_1893,employee,classical,,EU,low,logs,medium,delete,0,22,6.22,3,0,0
2025-09-23 11:37:50,user_1894,auditor,pqc,,Unknown,medium,transaction,high,delete,25059,21,0.63,0,0,0
2025-09-23 11:37:55,user_1895,guest,classical,,Unknown,medium,logs,high,write,0,21,12.62,0,1,0
2025-09-23 11:38:00,user_1896,service,pqc,,USA,low,customer_kyc,high,read,0,22,9.48,1,0,1
2025-09-23 11:38:05,user_1897,admin,classical,,India,medium,backend_sync,high,update,0,11,11.52,1,1,0
2025-09-23 11:38:10,user_1898,guest,classical,,Unknown,low,backend_sync,low,write,0,15,10.48,0,1,0
2025-09-23 11:38:15,user_1899,admin,pqc,,India,low,catalog,high,update,0,21,10.57,0,1,1
2025-09-23 11:38:20,user_1900,service,classical,,Unknown,medium,customer_kyc,high,read,0,17,12.12,1,1,0
2025-09-23 11:38:25,user_1901,admin,pqc,,EU,medium,customer_kyc,medium,read,0,15,3.24,2,0,0
2025-09-23 11:38:30,user_1902,third_party,classical,92.0,India,low,backend_sync,low,update,0,16,7.7,1,1,0
2025-09-23 11:38:35,user_1903,auditor,pqc,,India,high,backend_sync,high,write,0,29,8.21,2,0,0
2025-09-23 11:38:40,user_1904,employee,classical,,Unknown,high,payroll,medium,update,0,20,16.56,1,1,0
2025-09-23 11:38:45,user_1905,auditor,classical,,EU,low,payroll,low,update,0,22,10.38,2,0,0
2025-09-23 11:38:50,user_1906,auditor,classical,,Unknown,medium,transaction,medium,update,153924,19,7.02,1,1,1
2025-09-23 11:38:55,user_1907,service,pqc,,Unknown,high,payroll,medium,read,0,22,16.04,1,1,0
2025-09-23 11:39:00,user_1908,guest,classical,,Unknown,medium,catalog,medium,read,0,23,10.23,4,1,0
2025-09-23 11:39:05,user_1909,service,classical,,USA,low,backend_sync,medium,write,0,17,12.41,2,0,0
2025-09-23 11:39:10,user_1910,admin,classical,,India,medium,backend_sync,high,write,0,23,6.21,0,1,0
2025-09-23 11:39:15,user_1911,employee,classical,,EU,low,payroll,low,write,0,20,3.88,0,0,0
2025-09-23 11:39:20,user_1912,employee,classical,,USA,medium,customer_kyc,low,write,0,28,6.67,5,0,0
2025-09-23 11:39:25,user_1913,admin,classical,,Unknown,high,transaction,low,write,67217,27,0.42,0,1,0
2025-09-23 11:39:30,user_1914,guest,pqc,,India,high,customer_kyc,low,delete,0,15,11.77,0,0,1
2025-09-23 11:39:35,user_1915,service,pqc,,India,high,logs,high,delete,0,13,6.72,1,0,0
2025-09-23 11:39:40,user_1916,service,pqc,,Unknown,medium,payroll,low,read,0,22,7.69,0,0,0
2025-09-23 11:39:45,user_1917,admin,pqc,,USA,medium,transaction,medium,update,0,24,14.06,1,1,0
2025-09-23 11:39:50,user_1918,guest,classical,,EU,low,payroll,low,update,0,20,14.94,2,1,0
2025-09-23 11:39:55,user_1919,admin,classical,,USA,high,payroll,medium,delete,0,23,17.9,2,1,0
2025-09-23 11:40:00,user_1920,auditor,pqc,,India,low,catalog,high,read,0,17,13.4,1,1,1
2025-09-23 11:40:05,user_1921,auditor,classical,,EU,high,catalog,medium,update,0,23,16.12,2,0,0
2025-09-23 11:40:10,user_1922,employee,classical,,India,medium,transaction,low,delete,0,14,9.46,3,1,0
2025-09-23 11:40:15,user_1923,auditor,classical,,EU,high,backend_sync,medium,delete,0,19,11.46,1,0,0
2025-09-23 11:40:20,user_1924,guest,classical,,USA,high,customer_kyc,low,read,0,19,6.43,0,0,1
2025-09-23 11:40:25,user_1925,service,classical,,USA,low,transaction,medium,update,0,21,8.16,0,0,0
2025-09-23 11:40:30,user_1926,guest,classical,,India,low,backend_sync,high,update,0,22,14.88,2,0,1
2025-09-23 11:40:35,user_1927,third_party,pqc,92.0,USA,low,catalog,low,update,0,25,15.59,0,0,0
2025-09-23 11:40:40,user_1928,admin,classical,,Unknown,medium,backend_sync,low,update,0,19,14.61,0,0,0
2025-09-23 11:40:45,user_1929,guest,classical,,India,low,payroll,medium,write,0,22,12.27,1,0,0
2025-09-23 11:40:50,user_1930,auditor,classical,,USA,low,transaction,low,delete,0,19,7.0,1,0,0
2025-09-23 11:40:55,user_1931,third_party,pqc,40.0,India,low,logs,medium,delete,0,20,10.26,4,0,1
2025-09-23 11:41:00,user_1932,auditor,pqc,,USA,high,payroll,low,delete,0,25,2.4,2,1,0
2025-09-23 11:41:05,user_1933,admin,pqc,,India,low,logs,low,write,0,14,5.36,0,1,0
2025-09-23 11:41:10,user_1934,guest,pqc,,EU,high,customer_kyc,low,read,0,16,17.57,2,0,1
2025-09-23 11:41:15,user_1935,employee,classical,,EU,medium,logs,medium,update,0,26,11.55,0,1,0
2025-09-23 11:41:20,user_1936,employee,pqc,,India,high,transaction,high,write,0,18,8.87,1,0,0
2025-09-23 11:41:25,user_1937,employee,pqc,,EU,low,logs,high,write,0,22,10.64,0,1,1
2025-09-23 11:41:30,user_1938,guest,classical,,Unknown,low,logs,medium,write,0,21,5.3,1,1,0
2025-09-23 11:41:35,user_1939,service,pqc,,USA,low,payroll,medium,update,0,18,6.12,0,0,0
2025-09-23 11:41:40,user_1940,service,pqc,,USA,high,customer_kyc,medium,delete,0,19,12.91,0,0,0
2025-09-23 11:41:45,user_1941,auditor,pqc,,India,medium,transaction,medium,read,158636,19,12.4,2,1,1
2025-09-23 11:41:50,user_1942,third_party,pqc,40.0,EU,medium,catalog,low,read,0,22,19.12,2,1,1
2025-09-23 11:41:55,user_1943,third_party,classical,92.0,Unknown,medium,catalog,low,update,0,22,9.25,2,0,0
2025-09-23 11:42:00,user_1944,third_party,pqc,92.0,Unknown,low,catalog,high,write,0,23,15.94,1,0,1
2025-09-23 11:42:05,user_1945,guest,classical,,Unknown,high,catalog,high,delete,0,18,8.16,0,0,0
2025-09-23 11:42:10,user_1946,service,pqc,,Unknown,medium,payroll,medium,write,0,17,12.46,3,0,0
2025-09-23 11:42:15,user_1947,auditor,classical,,India,medium,logs,low,delete,0,16,18.27,3,0,0
2025-09-23 11:42:20,user_1948,guest,classical,,USA,medium,logs,low,read,0,22,6.15,0,0,0
2025-09-23 11:42:25,user_1949,admin,classical,,EU,high,customer_kyc,low,write,0,27,13.31,1,1,0
2025-09-23 11:42:30,user_1950,service,classical,,India,high,payroll,low,read,0,16,10.57,2,0,0
2025-09-23 11:42:35,user_1951,admin,classical,,USA,medium,catalog,medium,update,0,12,17.11,0,1,0
2025-09-23 11:42:40,user_1952,third_party,classical,40.0,India,medium,catalog,medium,read,0,20,19.9,0,0,1
2025-09-23 11:42:45,user_1953,auditor,pqc,,USA,medium,payroll,medium,write,0,13,12.94,1,0,0
2025-09-23 11:42:50,user_1954,admin,classical,,India,low,payroll,high,update,0,15,9.2,0,1,1
2025-09-23 11:42:55,user_1955,auditor,pqc,,EU,medium,transaction,low,write,0,25,13.96,2,1,0
2025-09-23 11:43:00,user_1956,auditor,pqc,,India,high,catalog,medium,write,0,25,9.08,2,0,0
2025-09-23 11:43:05,user_1957,auditor,classical,,USA,low,backend_sync,medium,update,0,15,16.68,2,1,0
2025-09-23 11:43:10,user_1958,employee,pqc,,EU,high,logs,medium,update,0,20,12.73,2,0,0
2025-09-23 11:43:15,user_1959,admin,classical,,EU,medium,backend_sync,low,write,0,18,15.32,1,1,0
2025-09-23 11:43:20,user_1960,admin,classical,,India,medium,customer_kyc,low,update,0,19,10.42,2,0,0
2025-09-23 11:43:25,user_1961,guest,pqc,,USA,low,backend_sync,medium,read,0,31,15.31,2,0,0
2025-09-23 11:43:30,user_1962,third_party,pqc,40.0,India,high,logs,high,update,0,13,14.92,1,0,1
2025-09-23 11:43:35,user_1963,admin,classical,,USA,medium,logs,medium,update,0,16,8.77,1,0,0
2025-09-23 11:43:40,user_1964,guest,pqc,,India,medium,transaction,medium,update,0,20,17.89,3,0,1
2025-09-23 11:43:45,user_1965,third_party,pqc,65.0,Unknown,high,payroll,medium,write,0,18,11.2,0,1,0
2025-09-23 11:43:50,user_1966,third_party,classical,40.0,USA,high,transaction,high,delete,0,19,6.55,0,1,1
2025-09-23 11:43:55,user_1967,service,pqc,,USA,high,customer_kyc,high,update,0,28,8.71,0,0,0
2025-09-23 11:44:00,user_1968,service,pqc,,India,high,catalog,medium,update,0,21,4.78,0,0,0
2025-09-23 11:44:05,user_1969,employee,pqc,,EU,medium,logs,high,read,0,16,7.82,0,1,0
2025-09-23 11:44:10,user_1970,third_party,pqc,40.0,Unknown,high,transaction,low,delete,168850,18,8.91,0,1,1
2025-09-23 11:44:15,user_1971,admin,classical,,India,medium,catalog,low,delete,0,21,4.19,0,1,0
2025-09-23 11:44:20,user_1972,auditor,classical,,India,low,backend_sync,medium,update,0,18,20.39,0,1,0
2025-09-23 11:44:25,user_1973,third_party,classical,40.0,India,low,logs,low,read,0,25,18.57,1,1,1
2025-09-23 11:44:30,user_1974,admin,classical,,India,low,backend_sync,low,read,0,13,4.4,1,1,0
2025-09-23 11:44:35,user_1975,service,classical,,EU,low,payroll,medium,read,0,15,7.38,1,0,0
2025-09-23 11:44:40,user_1976,auditor,classical,,Unknown,medium,transaction,low,update,0,17,11.75,0,1,0
2025-09-23 11:44:45,user_1977,service,pqc,,Unknown,medium,backend_sync,high,write,0,27,18.91,2,1,0
2025-09-23 11:44:50,user_1978,third_party,classical,40.0,Unknown,low,logs,low,update,0,18,8.05,0,1,1
2025-09-23 11:44:55,user_1979,admin,pqc,,Unknown,low,catalog,low,write,0,19,3.63,0,0,0
2025-09-23 11:45:00,user_1980,auditor,classical,,Unknown,medium,customer_kyc,low,update,0,12,6.13,2,0,0
2025-09-23 11:45:05,user_1981,third_party,classical,40.0,EU,low,customer_kyc,high,write,0,23,6.17,3,0,1
2025-09-23 11:45:10,user_1982,admin,pqc,,India,low,customer_kyc,high,update,0,25,9.53,3,0,1
2025-09-23 11:45:15,user_1983,auditor,pqc,,Unknown,low,customer_kyc,low,delete,0,17,9.93,3,1,0
2025-09-23 11:45:20,user_1984,third_party,classical,40.0,India,high,backend_sync,low,read,0,20,9.02,0,1,1
2025-09-23 11:45:25,user_1985,auditor,classical,,EU,high,catalog,medium,write,0,16,6.58,3,0,0
2025-09-23 11:45:30,user_1986,service,classical,,Unknown,medium,backend_sync,high,write,0,21,3.94,2,1,0
2025-09-23 11:45:35,user_1987,service,pqc,,EU,high,logs,low,update,0,16,14.96,1,1,0
2025-09-23 11:45:40,user_1988,third_party,classical,40.0,India,medium,backend_sync,high,update,0,17,9.28,0,0,1
2025-09-23 11:45:45,user_1989,guest,pqc,,EU,medium,backend_sync,medium,update,0,17,5.77,1,1,0
2025-09-23 11:45:50,user_1990,guest,classical,,Unknown,low,payroll,low,write,0,18,9.32,0,1,0
2025-09-23 11:45:55,user_1991,admin,classical,,USA,low,transaction,medium,read,9894,26,15.18,1,1,0
2025-09-23 11:46:00,user_1992,third_party,pqc,40.0,Unknown,high,backend_sync,low,read,0,21,8.06,1,0,1
2025-09-23 11:46:05,user_1993,third_party,classical,40.0,USA,low,backend_sync,high,delete,0,26,19.09,1,0,1
2025-09-23 11:46:10,user_1994,guest,classical,,USA,medium,catalog,medium,delete,0,17,0.74,1,1,0
2025-09-23 11:46:15,user_1995,admin,classical,,USA,high,transaction,medium,delete,189062,17,13.12,2,0,1
2025-09-23 11:46:20,user_1996,auditor,pqc,,Unknown,medium,customer_kyc,medium,update,0,18,9.51,0,0,0
2025-09-23 11:46:25,user_1997,service,classical,,Unknown,medium,logs,high,delete,0,24,15.1,0,1,0
2025-09-23 11:46:30,user_1998,admin,classical,,USA,low,backend_sync,medium,delete,0,15,7.82,1,1,0
2025-09-23 11:46:35,user_1999,guest,classical,,India,medium,logs,low,update,0,17,13.54,3,0,0
2025-09-23 11:46:40,user_2000,employee,pqc,,Unknown,high,logs,high,read,0,21,10.27,2,1,0
2025-09-23 11:46:45,user_2001,guest,pqc,,EU,medium,backend_sync,medium,delete,0,17,18.32,0,0,0
2025-09-23 11:46:50,user_2002,service,pqc,,Unknown,medium,customer_kyc,low,write,0,22,11.72,2,1,0
2025-09-23 11:46:55,user_2003,auditor,classical,,EU,low,catalog,medium,delete,0,27,16.07,0,0,0
2025-09-23 11:47:00,user_2004,auditor,pqc,,USA,medium,customer_kyc,low,update,0,18,16.17,2,0,0
2025-09-23 11:47:05,user_2005,guest,classical,,Unknown,medium,customer_kyc,medium,update,0,16,3.95,0,1,1
2025-09-23 11:47:10,user_2006,third_party,classical,65.0,Unknown,medium,customer_kyc,medium,delete,0,20,12.7,0,1,0
2025-09-23 11:47:15,user_2007,admin,pqc,,India,medium,catalog,medium,update,0,27,5.6,4,1,0
2025-09-23 11:47:20,user_2008,service,classical,,EU,low,catalog,low,update,0,16,6.14,0,0,0
2025-09-23 11:47:25,user_2009,guest,pqc,,India,medium,catalog,low,delete,0,18,12.44,0,0,0
2025-09-23 11:47:30,user_2010,auditor,pqc,,Unknown,medium,customer_kyc,low,update,0,17,5.55,2,1,0
2025-09-23 11:47:35,user_2011,auditor,classical,,USA,medium,payroll,low,update,0,16,10.29,1,0,0
2025-09-23 11:47:40,user_2012,third_party,pqc,92.0,USA,high,logs,medium,update,0,16,5.94,0,0,0
2025-09-23 11:47:45,user_2013,third_party,classical,65.0,Unknown,high,customer_kyc,medium,read,0,11,18.41,0,0,0
2025-09-23 11:47:50,user_2014,admin,classical,,USA,high,logs,medium,update,0,25,19.1,2,1,0
2025-09-23 11:47:55,user_2015,guest,classical,,EU,high,backend_sync,low,update,0,19,15.05,1,0,0
2025-09-23 11:48:00,user_2016,guest,classical,,EU,high,payroll,high,delete,0,23,5.5,4,1,0
2025-09-23 11:48:05,user_2017,auditor,classical,,EU,high,payroll,low,write,0,14,3.36,1,1,0
2025-09-23 11:48:10,user_2018,guest,pqc,,EU,low,transaction,low,update,56999,21,11.63,1,1,1
2025-09-23 11:48:15,user_2019,auditor,classical,,EU,medium,logs,high,write,0,22,4.51,0,1,0
2025-09-23 11:48:20,user_2020,auditor,classical,,Unknown,medium,transaction,medium,write,58776,16,8.96,1,0,0
2025-09-23 11:48:25,user_2021,service,classical,,USA,high,transaction,high,read,0,19,7.44,2,1,0
2025-09-23 11:48:30,user_2022,guest,pqc,,USA,low,customer_kyc,medium,delete,0,13,6.62,2,1,1
2025-09-23 11:48:35,user_2023,guest,pqc,,USA,high,logs,high,write,0,17,10.5,2,0,0
2025-09-23 11:48:40,user_2024,employee,pqc,,USA,medium,customer_kyc,medium,write,0,16,2.84,0,1,0
2025-09-23 11:48:45,user_2025,third_party,classical,40.0,India,low,transaction,low,read,0,16,6.08,1,0,1
2025-09-23 11:48:50,user_2026,guest,classical,,EU,low,catalog,high,delete,0,18,5.51,0,1,1
2025-09-23 11:48:55,user_2027,admin,classical,,EU,low,backend_sync,high,write,0,16,11.49,1,1,1
2025-09-23 11:49:00,user_2028,guest,classical,,Unknown,high,backend_sync,low,read,0,18,9.93,2,0,0
2025-09-23 11:49:05,user_2029,third_party,classical,92.0,EU,low,customer_kyc,medium,read,0,17,13.31,1,0,0
2025-09-23 11:49:10,user_2030,auditor,classical,,USA,medium,transaction,low,write,0,19,10.14,1,1,0
2025-09-23 11:49:15,user_2031,service,classical,,USA,high,payroll,medium,write,0,17,15.78,2,0,0
2025-09-23 11:49:20,user_2032,auditor,classical,,USA,medium,logs,medium,read,0,29,12.04,1,1,0
2025-09-23 11:49:25,user_2033,admin,classical,,EU,low,payroll,medium,delete,0,22,21.98,1,0,0
2025-09-23 11:49:30,user_2034,employee,pqc,,USA,low,logs,low,delete,0,17,12.32,3,1,0
2025-09-23 11:49:35,user_2035,guest,classical,,India,high,catalog,low,update,0,20,6.73,2,1,0
2025-09-23 11:49:40,user_2036,third_party,classical,40.0,USA,medium,payroll,medium,delete,0,35,17.37,0,0,1
2025-09-23 11:49:45,user_2037,guest,classical,,EU,high,payroll,high,update,0,20,20.29,1,0,0
2025-09-23 11:49:50,user_2038,admin,pqc,,Unknown,medium,customer_kyc,medium,read,0,14,10.21,1,1,0
2025-09-23 11:49:55,user_2039,admin,classical,,Unknown,medium,backend_sync,high,read,0,21,18.4,3,0,0
2025-09-23 11:50:00,user_2040,auditor,pqc,,USA,medium,customer_kyc,low,delete,0,14,6.0,1,0,0
2025-09-23 11:50:05,user_2041,third_party,pqc,65.0,Unknown,low,customer_kyc,medium,update,0,16,11.89,0,0,0
2025-09-23 11:50:10,user_2042,employee,classical,,India,high,transaction,medium,update,0,17,4.72,0,1,0
2025-09-23 11:50:15,user_2043,auditor,classical,,USA,medium,catalog,low,delete,0,17,13.41,0,1,0
2025-09-23 11:50:20,user_2044,third_party,classical,40.0,India,low,backend_sync,medium,read,0,21,10.46,4,0,1
2025-09-23 11:50:25,user_2045,admin,classical,,India,medium,backend_sync,low,update,0,22,6.96,0,0,0
2025-09-23 11:50:30,user_2046,guest,classical,,EU,medium,catalog,low,update,0,14,8.44,1,1,0
2025-09-23 11:50:35,user_2047,guest,classical,,EU,high,customer_kyc,medium,write,0,21,14.21,0,0,1
2025-09-23 11:50:40,user_2048,guest,pqc,,India,high,transaction,low,delete,125524,22,7.78,2,0,1
2025-09-23 11:50:45,user_2049,employee,classical,,EU,high,backend_sync,high,write,0,24,11.36,0,1,0
2025-09-23 11:50:50,user_2050,employee,classical,,USA,low,payroll,high,read,0,19,15.29,0,0,1
2025-09-23 11:50:55,user_2051,guest,pqc,,India,high,logs,low,write,0,19,5.58,2,0,0
2025-09-23 11:51:00,user_2052,employee,pqc,,Unknown,low,customer_kyc,low,write,0,18,8.4,1,0,0
2025-09-23 11:51:05,user_2053,auditor,classical,,Unknown,low,backend_sync,medium,read,0,16,6.76,1,1,0
2025-09-23 11:51:10,user_2054,guest,pqc,,USA,low,payroll,high,delete,0,22,10.61,2,0,1
2025-09-23 11:51:15,user_2055,third_party,pqc,40.0,EU,low,transaction,medium,update,122116,22,11.21,1,1,1
2025-09-23 11:51:20,user_2056,admin,pqc,,EU,medium,backend_sync,high,update,0,21,6.24,0,1,0
2025-09-23 11:51:25,user_2057,guest,pqc,,USA,low,transaction,high,delete,62997,24,10.74,1,0,1
2025-09-23 11:51:30,user_2058,admin,classical,,EU,high,catalog,low,delete,0,22,13.88,1,0,0
2025-09-23 11:51:35,user_2059,service,pqc,,India,low,transaction,low,read,0,21,12.3,0,1,0
2025-09-23 11:51:40,user_2060,third_party,classical,40.0,EU,high,payroll,low,write,0,19,16.29,1,1,1
2025-09-23 11:51:45,user_2061,guest,pqc,,EU,high,payroll,medium,delete,0,20,3.06,3,0,0
2025-09-23 11:51:50,user_2062,auditor,pqc,,EU,medium,transaction,high,write,1373,15,1.24,2,1,0
2025-09-23 11:51:55,user_2063,guest,classical,,EU,medium,logs,medium,read,0,25,5.19,1,0,0
2025-09-23 11:52:00,user_2064,third_party,classical,65.0,EU,medium,payroll,high,write,0,19,17.53,0,0,0
2025-09-23 11:52:05,user_2065,third_party,classical,65.0,USA,medium,logs,medium,read,0,27,14.75,1,1,0
2025-09-23 11:52:10,user_2066,service,classical,,Unknown,high,transaction,high,write,0,21,1.08,1,1,0
2025-09-23 11:52:15,user_2067,auditor,classical,,USA,low,transaction,high,delete,0,18,5.3,1,0,1
2025-09-23 11:52:20,user_2068,auditor,pqc,,India,low,logs,medium,write,0,15,8.39,1,0,0
2025-09-23 11:52:25,user_2069,employee,classical,,India,low,transaction,low,read,0,10,16.23,0,1,0
2025-09-23 11:52:30,user_2070,service,pqc,,India,high,catalog,high,read,0,22,2.55,0,1,0
2025-09-23 11:52:35,user_2071,guest,pqc,,USA,high,customer_kyc,high,write,0,27,5.83,0,0,1
2025-09-23 11:52:40,user_2072,third_party,pqc,65.0,USA,low,customer_kyc,medium,delete,0,22,12.68,0,1,0
2025-09-23 11:52:45,user_2073,guest,classical,,EU,medium,payroll,low,read,0,17,16.41,0,0,0
2025-09-23 11:52:50,user_2074,admin,classical,,USA,medium,payroll,medium,write,0,23,9.18,1,0,0
2025-09-23 11:52:55,user_2075,auditor,classical,,India,medium,transaction,low,update,0,24,12.27,0,0,0
2025-09-23 11:53:00,user_2076,third_party,classical,65.0,Unknown,high,payroll,low,delete,0,21,17.78,2,0,0
2025-09-23 11:53:05,user_2077,employee,pqc,,Unknown,high,logs,low,update,0,22,14.39,1,1,0
2025-09-23 11:53:10,user_2078,auditor,classical,,India,high,payroll,medium,write,0,16,3.38,1,1,0
2025-09-23 11:53:15,user_2079,service,classical,,USA,low,payroll,low,read,0,22,10.53,0,1,0
2025-09-23 11:53:20,user_2080,third_party,pqc,92.0,India,high,transaction,high,read,130883,18,9.05,0,0,1
2025-09-23 11:53:25,user_2081,third_party,classical,92.0,Unknown,low,customer_kyc,medium,update,0,17,11.07,1,0,0
2025-09-23 11:53:30,user_2082,admin,classical,,Unknown,low,customer_kyc,low,write,0,26,14.04,0,1,0
2025-09-23 11:53:35,user_2083,auditor,pqc,,USA,medium,catalog,low,delete,0,21,6.35,1,0,0
2025-09-23 11:53:40,user_2084,auditor,classical,,Unknown,medium,catalog,high,delete,0,25,19.73,1,0,0
2025-09-23 11:53:45,user_2085,service,pqc,,Unknown,low,customer_kyc,high,delete,0,24,7.04,1,1,1
2025-09-23 11:53:50,user_2086,service,pqc,,USA,high,backend_sync,medium,read,0,26,11.08,1,0,0
2025-09-23 11:53:55,user_2087,admin,pqc,,Unknown,low,catalog,medium,update,0,13,0.31,1,1,0
2025-09-23 11:54:00,user_2088,guest,classical,,USA,high,customer_kyc,high,read,0,15,5.32,2,0,1
2025-09-23 11:54:05,user_2089,auditor,pqc,,EU,medium,payroll,medium,update,0,19,6.02,1,0,0
2025-09-23 11:54:10,user_2090,employee,classical,,EU,high,catalog,high,delete,0,24,10.31,1,0,0
2025-09-23 11:54:15,user_2091,auditor,classical,,Unknown,low,customer_kyc,medium,delete,0,26,17.23,1,1,0
2025-09-23 11:54:20,user_2092,guest,pqc,,USA,medium,transaction,low,delete,0,27,12.95,1,0,1
2025-09-23 11:54:25,user_2093,third_party,classical,40.0,India,high,payroll,high,read,0,23,10.77,2,1,1
2025-09-23 11:54:30,user_2094,admin,pqc,,USA,low,backend_sync,low,read,0,19,3.7,4,0,0
2025-09-23 11:54:35,user_2095,admin,pqc,,Unknown,medium,customer_kyc,medium,delete,0,25,14.23,0,1,0
2025-09-23 11:54:40,user_2096,guest,classical,,EU,high,payroll,high,read,0,24,17.23,2,0,0
2025-09-23 11:54:45,user_2097,employee,pqc,,EU,low,payroll,high,update,0,17,12.69,1,1,1
2025-09-23 11:54:50,user_2098,third_party,pqc,92.0,India,low,catalog,high,update,0,28,3.32,2,1,1
2025-09-23 11:54:55,user_2099,third_party,classical,40.0,India,high,transaction,medium,write,0,23,12.1,0,0,1
2025-09-23 11:55:00,user_2100,third_party,classical,40.0,Unknown,medium,logs,high,delete,0,13,10.65,0,1,1
2025-09-23 11:55:05,user_2101,employee,classical,,EU,high,logs,medium,update,0,21,9.55,1,0,0
2025-09-23 11:55:10,user_2102,admin,classical,,USA,low,payroll,high,update,0,20,8.79,0,1,1
2025-09-23 11:55:15,user_2103,guest,pqc,,EU,low,payroll,low,write,0,12,8.08,1,1,0
2025-09-23 11:55:20,user_2104,guest,classical,,Unknown,medium,payroll,low,read,0,17,9.17,1,1,0
2025-09-23 11:55:25,user_2105,guest,classical,,India,medium,transaction,medium,write,96858,27,9.76,0,1,1
2025-09-23 11:55:30,user_2106,admin,pqc,,USA,high,transaction,medium,read,0,18,4.87,2,0,0
2025-09-23 11:55:35,user_2107,employee,classical,,Unknown,medium,logs,low,delete,0,13,9.89,1,0,0
2025-09-23 11:55:40,user_2108,third_party,classical,92.0,India,high,logs,low,read,0,14,9.18,3,1,0
2025-09-23 11:55:45,user_2109,auditor,pqc,,USA,medium,payroll,high,write,0,18,10.35,0,0,0
2025-09-23 11:55:50,user_2110,third_party,pqc,40.0,India,medium,payroll,medium,read,0,18,14.42,0,0,1
2025-09-23 11:55:55,user_2111,guest,pqc,,USA,high,backend_sync,high,read,0,20,6.66,0,0,0
2025-09-23 11:56:00,user_2112,service,classical,,USA,medium,transaction,low,update,190355,24,9.29,0,0,1
2025-09-23 11:56:05,user_2113,third_party,classical,40.0,India,low,transaction,high,delete,83859,16,12.3,2,0,1
2025-09-23 11:56:10,user_2114,third_party,pqc,40.0,Unknown,low,transaction,low,delete,135034,13,1.69,1,1,1
2025-09-23 11:56:15,user_2115,employee,classical,,EU,medium,logs,high,write,0,21,19.67,3,1,0
2025-09-23 11:56:20,user_2116,third_party,pqc,65.0,EU,high,backend_sync,low,update,0,10,11.06,3,1,0
2025-09-23 11:56:25,user_2117,auditor,classical,,USA,medium,customer_kyc,high,write,0,12,13.5,1,1,0
2025-09-23 11:56:30,user_2118,admin,pqc,,USA,high,backend_sync,high,read,0,25,6.33,4,0,0
2025-09-23 11:56:35,user_2119,third_party,pqc,65.0,EU,low,payroll,low,update,0,16,16.22,0,1,0
2025-09-23 11:56:40,user_2120,third_party,classical,65.0,Unknown,low,payroll,medium,write,0,22,21.23,1,0,0
2025-09-23 11:56:45,user_2121,service,pqc,,India,low,logs,medium,write,0,19,1.05,0,0,0
2025-09-23 11:56:50,user_2122,employee,classical,,EU,low,backend_sync,low,update,0,23,12.59,1,1,0
2025-09-23 11:56:55,user_2123,third_party,pqc,92.0,USA,high,backend_sync,high,update,0,20,13.51,0,0,0
2025-09-23 11:57:00,user_2124,employee,pqc,,India,low,transaction,low,write,59853,29,8.26,0,0,0
2025-09-23 11:57:05,user_2125,employee,classical,,Unknown,low,payroll,low,read,0,26,7.33,4,0,0
2025-09-23 11:57:10,user_2126,auditor,pqc,,Unknown,low,logs,high,update,0,19,9.16,2,1,1
2025-09-23 11:57:15,user_2127,employee,pqc,,Unknown,high,backend_sync,low,write,0,18,13.54,0,1,0
2025-09-23 11:57:20,user_2128,auditor,classical,,Unknown,high,payroll,high,read,0,21,9.23,0,1,0
2025-09-23 11:57:25,user_2129,third_party,classical,40.0,India,high,customer_kyc,low,write,0,14,12.55,1,1,1
2025-09-23 11:57:30,user_2130,auditor,classical,,EU,high,catalog,medium,write,0,18,6.73,1,1,0
2025-09-23 11:57:35,user_2131,guest,pqc,,India,medium,customer_kyc,low,write,0,21,8.48,3,0,1
2025-09-23 11:57:40,user_2132,guest,pqc,,USA,high,backend_sync,medium,update,0,15,11.31,2,0,0
2025-09-23 11:57:45,user_2133,guest,classical,,EU,medium,customer_kyc,medium,write,0,22,15.97,1,0,1
2025-09-23 11:57:50,user_2134,third_party,pqc,65.0,India,high,backend_sync,high,read,0,23,7.58,1,1,0
2025-09-23 11:57:55,user_2135,admin,pqc,,Unknown,high,customer_kyc,high,write,0,17,7.42,1,0,0
2025-09-23 11:58:00,user_2136,service,classical,,USA,medium,payroll,high,read,0,24,11.87,0,1,0
2025-09-23 11:58:05,user_2137,guest,pqc,,India,low,transaction,medium,write,28094,28,10.78,0,0,1
2025-09-23 11:58:10,user_2138,auditor,pqc,,USA,high,transaction,high,delete,0,27,6.64,2,0,0
2025-09-23 11:58:15,user_2139,service,classical,,Unknown,medium,payroll,medium,read,0,27,5.79,0,1,0
2025-09-23 11:58:20,user_2140,third_party,classical,40.0,India,low,payroll,high,update,0,18,7.19,0,1,1
2025-09-23 11:58:25,user_2141,auditor,classical,,USA,high,payroll,low,update,0,22,10.45,1,0,0
2025-09-23 11:58:30,user_2142,admin,classical,,EU,medium,customer_kyc,high,read,0,27,0.05,0,0,0
2025-09-23 11:58:35,user_2143,admin,classical,,USA,low,payroll,medium,read,0,19,18.11,0,1,0
2025-09-23 11:58:40,user_2144,third_party,pqc,65.0,USA,high,payroll,high,read,0,24,4.35,2,1,0
2025-09-23 11:58:45,user_2145,service,pqc,,Unknown,high,customer_kyc,low,read,0,15,6.28,1,1,0
2025-09-23 11:58:50,user_2146,admin,pqc,,India,medium,transaction,high,update,0,15,16.38,0,1,0
2025-09-23 11:58:55,user_2147,auditor,pqc,,USA,medium,transaction,low,update,0,26,10.85,1,1,0
2025-09-23 11:59:00,user_2148,admin,pqc,,USA,medium,transaction,medium,read,0,24,11.56,0,1,0
2025-09-23 11:59:05,user_2149,admin,classical,,Unknown,low,transaction,low,update,62546,15,10.65,1,0,0
2025-09-23 11:59:10,user_2150,auditor,classical,,India,high,transaction,high,read,115502,21,7.63,0,1,1
2025-09-23 11:59:15,user_2151,service,classical,,EU,high,customer_kyc,medium,read,0,19,7.69,1,0,0
2025-09-23 11:59:20,user_2152,third_party,classical,40.0,Unknown,medium,catalog,high,read,0,21,6.24,2,1,1
2025-09-23 11:59:25,user_2153,third_party,classical,65.0,EU,low,backend_sync,low,update,0,17,14.27,2,0,0
2025-09-23 11:59:30,user_2154,employee,classical,,India,low,backend_sync,high,update,0,12,13.0,1,0,1
2025-09-23 11:59:35,user_2155,auditor,classical,,India,medium,backend_sync,medium,delete,0,16,3.95,0,1,0
2025-09-23 11:59:40,user_2156,auditor,classical,,EU,low,backend_sync,low,read,0,14,18.64,1,0,0
2025-09-23 11:59:45,user_2157,guest,pqc,,Unknown,medium,payroll,medium,write,0,24,8.53,1,0,0
2025-09-23 11:59:50,user_2158,service,classical,,India,low,logs,medium,delete,0,18,0.79,1,0,0
2025-09-23 11:59:55,user_2159,third_party,classical,40.0,USA,medium,catalog,low,delete,0,21,4.96,1,0,1
2025-09-23 12:00:00,user_2160,guest,pqc,,USA,low,backend_sync,high,delete,0,15,18.54,2,1,1
2025-09-23 12:00:05,user_2161,guest,classical,,India,low,transaction,medium,delete,0,19,7.26,0,0,1
2025-09-23 12:00:10,user_2162,employee,pqc,,EU,medium,logs,high,read,0,25,10.57,0,0,0
2025-09-23 12:00:15,user_2163,employee,classical,,EU,medium,backend_sync,medium,write,0,20,15.13,0,0,0
2025-09-23 12:00:20,user_2164,auditor,classical,,Unknown,low,transaction,medium,write,0,17,7.74,1,1,0
2025-09-23 12:00:25,user_2165,auditor,pqc,,India,high,logs,low,write,0,16,7.34,1,0,0
2025-09-23 12:00:30,user_2166,auditor,classical,,India,medium,payroll,high,delete,0,26,10.76,0,1,0
2025-09-23 12:00:35,user_2167,guest,classical,,USA,low,logs,medium,delete,0,22,5.86,0,0,0
2025-09-23 12:00:40,user_2168,admin,pqc,,USA,low,backend_sync,high,delete,0,25,12.49,0,1,1
2025-09-23 12:00:45,user_2169,employee,classical,,EU,medium,transaction,low,update,0,23,13.23,3,0,0
2025-09-23 12:00:50,user_2170,service,pqc,,USA,high,transaction,high,update,64622,12,9.77,2,1,0
2025-09-23 12:00:55,user_2171,third_party,classical,65.0,India,low,catalog,high,write,0,20,6.29,0,0,1
2025-09-23 12:01:00,user_2172,guest,classical,,EU,high,customer_kyc,high,update,0,14,14.85,0,0,1
2025-09-23 12:01:05,user_2173,third_party,classical,92.0,USA,high,catalog,low,read,0,21,8.05,1,1,0
2025-09-23 12:01:10,user_2174,auditor,classical,,USA,medium,backend_sync,high,read,0,20,12.34,1,1,0
2025-09-23 12:01:15,user_2175,third_party,pqc,40.0,EU,high,catalog,high,delete,0,16,0.39,2,1,1
2025-09-23 12:01:20,user_2176,auditor,classical,,India,high,transaction,low,update,32174,23,5.29,0,1,0
2025-09-23 12:01:25,user_2177,service,classical,,Unknown,low,customer_kyc,medium,update,0,21,8.08,2,1,0
2025-09-23 12:01:30,user_2178,admin,pqc,,USA,medium,logs,medium,read,0,24,11.32,1,0,0
2025-09-23 12:01:35,user_2179,admin,classical,,India,high,customer_kyc,low,delete,0,15,5.31,2,1,0
2025-09-23 12:01:40,user_2180,admin,pqc,,Unknown,medium,customer_kyc,high,write,0,20,12.51,0,1,0
2025-09-23 12:01:45,user_2181,auditor,pqc,,USA,high,transaction,medium,write,74332,21,7.96,0,1,0
2025-09-23 12:01:50,user_2182,auditor,pqc,,USA,medium,transaction,medium,read,162823,21,11.93,0,1,1
2025-09-23 12:01:55,user_2183,guest,classical,,USA,low,catalog,low,update,0,17,14.8,0,0,0
2025-09-23 12:02:00,user_2184,admin,pqc,,EU,low,catalog,low,read,0,22,12.01,1,0,0
2025-09-23 12:02:05,user_2185,third_party,pqc,40.0,India,medium,customer_kyc,low,delete,0,30,7.46,0,0,1
2025-09-23 12:02:10,user_2186,service,pqc,,USA,high,transaction,medium,read,0,22,5.24,3,0,0
2025-09-23 12:02:15,user_2187,third_party,pqc,92.0,EU,high,catalog,high,update,0,24,9.27,0,0,0
2025-09-23 12:02:20,user_2188,third_party,classical,65.0,Unknown,medium,transaction,low,write,197340,21,12.88,0,0,1
2025-09-23 12:02:25,user_2189,employee,pqc,,India,low,logs,medium,update,0,15,6.08,1,0,0
2025-09-23 12:02:30,user_2190,third_party,classical,65.0,EU,low,catalog,low,delete,0,20,11.94,0,1,0
2025-09-23 12:02:35,user_2191,admin,classical,,USA,high,backend_sync,low,update,0,17,11.68,2,1,0
2025-09-23 12:02:40,user_2192,third_party,classical,92.0,Unknown,high,catalog,low,write,0,18,21.95,0,1,0
2025-09-23 12:02:45,user_2193,admin,classical,,India,low,backend_sync,high,update,0,25,16.42,0,1,1
2025-09-23 12:02:50,user_2194,service,classical,,EU,medium,catalog,low,write,0,21,19.66,4,0,0
2025-09-23 12:02:55,user_2195,auditor,pqc,,India,medium,transaction,medium,write,0,22,2.5,3,0,0
2025-09-23 12:03:00,user_2196,employee,classical,,USA,low,logs,medium,update,0,14,7.78,2,1,0
2025-09-23 12:03:05,user_2197,guest,classical,,USA,high,logs,medium,update,0,21,16.41,1,0,0
2025-09-23 12:03:10,user_2198,employee,classical,,Unknown,high,logs,low,update,0,19,8.6,1,1,0
2025-09-23 12:03:15,user_2199,admin,classical,,Unknown,high,payroll,low,write,0,19,3.77,1,0,0
2025-09-23 12:03:20,user_2200,guest,classical,,Unknown,medium,customer_kyc,low,read,0,17,10.41,0,1,1
2025-09-23 12:03:25,user_2201,guest,classical,,USA,medium,customer_kyc,high,write,0,18,13.78,2,0,1
2025-09-23 12:03:30,user_2202,third_party,classical,65.0,Unknown,high,customer_kyc,high,read,0,26,11.59,1,1,0
2025-09-23 12:03:35,user_2203,third_party,classical,40.0,Unknown,low,transaction,medium,read,0,17,14.92,2,0,1
2025-09-23 12:03:40,user_2204,employee,pqc,,USA,low,payroll,low,update,0,18,9.32,2,0,0
2025-09-23 12:03:45,user_2205,admin,classical,,USA,low,backend_sync,high,read,0,17,16.85,2,1,1
2025-09-23 12:03:50,user_2206,third_party,pqc,92.0,Unknown,medium,customer_kyc,low,update,0,22,9.32,1,1,0
2025-09-23 12:03:55,user_2207,guest,pqc,,EU,high,customer_kyc,high,delete,0,19,11.9,0,0,1
2025-09-23 12:04:00,user_2208,auditor,pqc,,EU,low,transaction,low,update,119634,24,12.86,2,1,1
2025-09-23 12:04:05,user_2209,auditor,classical,,India,high,transaction,high,write,0,19,9.65,2,0,0
2025-09-23 12:04:10,user_2210,admin,classical,,India,low,catalog,medium,write,0,21,9.44,0,0,0
2025-09-23 12:04:15,user_2211,guest,classical,,EU,medium,backend_sync,high,write,0,12,6.61,3,1,0
2025-09-23 12:04:20,user_2212,employee,pqc,,Unknown,medium,transaction,low,write,0,16,10.14,1,1,0
2025-09-23 12:04:25,user_2213,third_party,pqc,40.0,EU,medium,logs,low,write,0,12,8.07,2,0,1
2025-09-23 12:04:30,user_2214,third_party,pqc,65.0,EU,medium,catalog,medium,write,0,15,6.64,1,1,0
2025-09-23 12:04:35,user_2215,service,classical,,Unknown,medium,transaction,high,update,118880,16,8.79,0,1,1
2025-09-23 12:04:40,user_2216,guest,classical,,Unknown,high,transaction,low,update,198580,24,2.85,1,0,1
2025-09-23 12:04:45,user_2217,third_party,classical,65.0,India,low,catalog,medium,delete,0,20,0.04,2,0,0
2025-09-23 12:04:50,user_2218,third_party,pqc,40.0,Unknown,low,backend_sync,medium,delete,0,23,1.97,1,1,1
2025-09-23 12:04:55,user_2219,third_party,pqc,40.0,India,low,logs,low,write,0,17,4.0,2,0,1
2025-09-23 12:05:00,user_2220,admin,pqc,,USA,low,backend_sync,medium,update,0,17,17.57,1,0,0
2025-09-23 12:05:05,user_2221,employee,classical,,EU,low,transaction,high,write,103090,19,2.65,2,1,1
2025-09-23 12:05:10,user_2222,admin,pqc,,Unknown,low,payroll,low,delete,0,20,19.73,0,0,0
2025-09-23 12:05:15,user_2223,employee,pqc,,EU,high,transaction,medium,delete,170111,15,10.51,2,0,1
2025-09-23 12:05:20,user_2224,third_party,classical,40.0,Unknown,low,backend_sync,high,write,0,16,12.54,4,0,1
2025-09-23 12:05:25,user_2225,auditor,pqc,,USA,medium,catalog,medium,write,0,23,12.22,0,1,0
2025-09-23 12:05:30,user_2226,service,classical,,Unknown,high,logs,medium,read,0,26,9.49,0,1,0
2025-09-23 12:05:35,user_2227,guest,pqc,,India,high,payroll,medium,delete,0,25,5.5,1,1,0
2025-09-23 12:05:40,user_2228,admin,pqc,,India,high,backend_sync,high,read,0,25,12.97,0,1,0
2025-09-23 12:05:45,user_2229,third_party,classical,40.0,Unknown,medium,backend_sync,medium,write,0,14,14.52,2,1,1
2025-09-23 12:05:50,user_2230,admin,pqc,,Unknown,high,backend_sync,medium,write,0,19,11.56,1,0,0
2025-09-23 12:05:55,user_2231,service,pqc,,EU,high,backend_sync,low,write,0,19,15.06,1,0,0
2025-09-23 12:06:00,user_2232,third_party,pqc,92.0,Unknown,high,transaction,high,update,0,19,6.86,2,0,0
2025-09-23 12:06:05,user_2233,admin,pqc,,India,medium,payroll,high,update,0,24,12.53,2,1,0
2025-09-23 12:06:10,user_2234,admin,pqc,,Unknown,low,payroll,low,delete,0,21,12.69,1,0,0
2025-09-23 12:06:15,user_2235,employee,pqc,,USA,low,backend_sync,low,delete,0,24,5.67,1,1,0
2025-09-23 12:06:20,user_2236,third_party,classical,40.0,USA,high,backend_sync,medium,write,0,20,13.97,2,1,1
2025-09-23 12:06:25,user_2237,service,classical,,EU,low,payroll,medium,write,0,21,17.53,3,0,0
2025-09-23 12:06:30,user_2238,third_party,classical,92.0,USA,low,backend_sync,medium,update,0,14,8.48,1,1,0
2025-09-23 12:06:35,user_2239,service,pqc,,USA,low,backend_sync,medium,write,0,20,13.84,1,0,0
2025-09-23 12:06:40,user_2240,guest,pqc,,USA,high,backend_sync,high,write,0,21,14.49,2,1,0
2025-09-23 12:06:45,user_2241,admin,classical,,EU,high,transaction,high,update,0,19,10.16,3,1,0
2025-09-23 12:06:50,user_2242,auditor,pqc,,India,medium,backend_sync,high,delete,0,19,10.68,1,0,0
2025-09-23 12:06:55,user_2243,employee,pqc,,Unknown,high,catalog,high,delete,0,17,22.63,2,1,0
2025-09-23 12:07:00,user_2244,admin,classical,,Unknown,low,transaction,medium,read,17108,27,9.81,1,0,0
2025-09-23 12:07:05,user_2245,third_party,pqc,40.0,USA,low,transaction,low,update,119217,24,14.37,0,0,1
2025-09-23 12:07:10,user_2246,service,classical,,USA,low,logs,low,update,0,25,8.98,1,0,0
2025-09-23 12:07:15,user_2247,third_party,pqc,65.0,Unknown,low,transaction,medium,write,0,22,10.21,0,1,0
2025-09-23 12:07:20,user_2248,auditor,classical,,USA,medium,transaction,medium,write,146787,27,3.99,0,1,1
2025-09-23 12:07:25,user_2249,employee,classical,,EU,medium,catalog,low,update,0,19,9.21,0,1,0
2025-09-23 12:07:30,user_2250,auditor,classical,,Unknown,medium,backend_sync,medium,read,0,16,18.15,1,1,0
2025-09-23 12:07:35,user_2251,employee,pqc,,EU,low,backend_sync,high,delete,0,28,6.86,0,0,1
2025-09-23 12:07:40,user_2252,auditor,classical,,India,low,backend_sync,low,delete,0,14,13.43,0,0,0
2025-09-23 12:07:45,user_2253,service,pqc,,EU,medium,payroll,medium,read,0,16,4.67,1,1,0
2025-09-23 12:07:50,user_2254,guest,classical,,Unknown,low,payroll,low,update,0,16,11.26,3,1,0
2025-09-23 12:07:55,user_2255,service,pqc,,USA,low,backend_sync,high,delete,0,13,16.51,1,0,1
2025-09-23 12:08:00,user_2256,admin,pqc,,India,high,catalog,high,read,0,24,7.43,2,0,0
2025-09-23 12:08:05,user_2257,admin,pqc,,Unknown,high,backend_sync,medium,update,0,18,7.62,1,1,0
2025-09-23 12:08:10,user_2258,service,classical,,Unknown,high,backend_sync,high,write,0,18,5.35,0,1,0
2025-09-23 12:08:15,user_2259,guest,classical,,India,high,logs,medium,update,0,24,14.76,0,1,0
2025-09-23 12:08:20,user_2260,service,classical,,USA,low,logs,high,delete,0,15,11.69,0,1,1
2025-09-23 12:08:25,user_2261,employee,pqc,,Unknown,medium,logs,medium,delete,0,20,6.8,1,1,0
2025-09-23 12:08:30,user_2262,employee,classical,,India,low,customer_kyc,medium,write,0,14,11.94,2,1,0
2025-09-23 12:08:35,user_2263,admin,classical,,USA,medium,customer_kyc,medium,update,0,18,4.86,1,1,0
2025-09-23 12:08:40,user_2264,auditor,classical,,Unknown,medium,transaction,high,update,153040,24,12.81,0,0,1
2025-09-23 12:08:45,user_2265,employee,classical,,Unknown,medium,logs,high,delete,0,19,11.2,5,0,0
2025-09-23 12:08:50,user_2266,service,pqc,,EU,high,transaction,high,delete,0,23,12.21,1,0,0
2025-09-23 12:08:55,user_2267,employee,classical,,India,high,customer_kyc,low,read,0,24,5.65,2,1,0
2025-09-23 12:09:00,user_2268,third_party,classical,92.0,Unknown,medium,logs,medium,update,0,14,1.53,1,1,0
2025-09-23 12:09:05,user_2269,guest,pqc,,India,low,backend_sync,low,update,0,19,20.78,1,0,0
2025-09-23 12:09:10,user_2270,auditor,classical,,India,low,catalog,medium,write,0,14,6.59,2,0,0
2025-09-23 12:09:15,user_2271,employee,classical,,USA,high,backend_sync,medium,read,0,28,14.68,0,1,0
2025-09-23 12:09:20,user_2272,auditor,pqc,,Unknown,medium,customer_kyc,high,update,0,14,0.29,0,0,0
2025-09-23 12:09:25,user_2273,guest,pqc,,Unknown,high,catalog,low,update,0,23,17.99,1,1,0
2025-09-23 12:09:30,user_2274,service,pqc,,India,medium,catalog,medium,delete,0,19,11.51,1,1,0
2025-09-23 12:09:35,user_2275,auditor,classical,,USA,medium,payroll,high,update,0,14,9.4,1,1,0
2025-09-23 12:09:40,user_2276,auditor,pqc,,EU,high,transaction,medium,delete,69634,23,5.4,1,0,0
2025-09-23 12:09:45,user_2277,employee,classical,,India,high,customer_kyc,low,update,0,18,11.98,0,1,0
2025-09-23 12:09:50,user_2278,admin,pqc,,India,low,customer_kyc,medium,delete,0,24,9.86,1,0,0
2025-09-23 12:09:55,user_2279,employee,pqc,,EU,high,logs,high,delete,0,11,2.34,0,1,0
2025-09-23 12:10:00,user_2280,admin,pqc,,Unknown,high,customer_kyc,medium,update,0,25,12.61,0,0,0
2025-09-23 12:10:05,user_2281,service,pqc,,USA,low,backend_sync,high,update,0,17,14.17,1,1,1
2025-09-23 12:10:10,user_2282,service,classical,,USA,low,payroll,low,read,0,24,9.95,0,0,0
2025-09-23 12:10:15,user_2283,auditor,classical,,Unknown,low,catalog,high,delete,0,14,17.49,3,1,1
2025-09-23 12:10:20,user_2284,admin,classical,,Unknown,low,customer_kyc,high,read,0,25,10.03,3,0,1
2025-09-23 12:10:25,user_2285,third_party,pqc,40.0,Unknown,medium,customer_kyc,high,write,0,17,15.64,0,0,1
2025-09-23 12:10:30,user_2286,auditor,pqc,,India,high,catalog,high,update,0,24,7.78,3,1,0
2025-09-23 12:10:35,user_2287,guest,pqc,,India,medium,logs,medium,read,0,18,14.17,1,0,0
2025-09-23 12:10:40,user_2288,third_party,pqc,92.0,EU,medium,customer_kyc,low,update,0,22,12.52,1,0,0
2025-09-23 12:10:45,user_2289,guest,classical,,Unknown,high,transaction,high,update,0,21,7.86,3,0,1
2025-09-23 12:10:50,user_2290,guest,pqc,,EU,high,transaction,low,update,185213,17,11.8,0,1,1
2025-09-23 12:10:55,user_2291,auditor,classical,,USA,high,catalog,high,write,0,20,11.21,1,1,0
2025-09-23 12:11:00,user_2292,service,classical,,India,medium,payroll,high,write,0,15,14.74,0,0,0
2025-09-23 12:11:05,user_2293,guest,pqc,,EU,high,transaction,low,read,68482,28,14.43,2,1,1
2025-09-23 12:11:10,user_2294,guest,classical,,Unknown,high,payroll,medium,delete,0,22,3.72,1,1,0
2025-09-23 12:11:15,user_2295,auditor,pqc,,Unknown,low,transaction,medium,update,0,21,8.83,1,0,0
2025-09-23 12:11:20,user_2296,guest,classical,,Unknown,low,payroll,high,delete,0,25,13.66,1,1,1
2025-09-23 12:11:25,user_2297,employee,classical,,USA,medium,payroll,low,write,0,17,10.26,2,1,0
2025-09-23 12:11:30,user_2298,admin,pqc,,Unknown,medium,backend_sync,medium,update,0,18,2.47,2,0,0
2025-09-23 12:11:35,user_2299,employee,classical,,Unknown,low,payroll,high,read,0,22,7.48,5,0,1
2025-09-23 12:11:40,user_2300,admin,pqc,,India,high,backend_sync,high,delete,0,16,13.89,1,1,0
2025-09-23 12:11:45,user_2301,admin,pqc,,EU,medium,transaction,medium,read,84525,24,16.62,1,1,0
2025-09-23 12:11:50,user_2302,auditor,pqc,,EU,low,catalog,low,delete,0,20,10.81,2,0,0
2025-09-23 12:11:55,user_2303,third_party,classical,65.0,India,medium,transaction,high,read,0,14,11.35,1,0,0
2025-09-23 12:12:00,user_2304,auditor,classical,,Unknown,high,backend_sync,low,read,0,17,5.77,2,0,0
2025-09-23 12:12:05,user_2305,auditor,classical,,USA,medium,customer_kyc,high,delete,0,15,9.83,2,1,0
2025-09-23 12:12:10,user_2306,service,pqc,,India,medium,logs,low,read,0,24,8.56,0,0,0
2025-09-23 12:12:15,user_2307,third_party,pqc,92.0,USA,high,catalog,low,write,0,20,11.74,0,0,0
2025-09-23 12:12:20,user_2308,employee,pqc,,EU,medium,logs,medium,update,0,23,2.16,1,1,0
2025-09-23 12:12:25,user_2309,admin,pqc,,EU,medium,backend_sync,low,update,0,8,2.72,2,1,0
2025-09-23 12:12:30,user_2310,admin,pqc,,India,low,payroll,low,write,0,14,11.63,1,0,0
2025-09-23 12:12:35,user_2311,service,classical,,India,low,transaction,medium,update,146883,22,12.62,2,0,1
2025-09-23 12:12:40,user_2312,guest,classical,,USA,low,logs,medium,update,0,23,1.85,1,0,0
2025-09-23 12:12:45,user_2313,service,pqc,,USA,low,payroll,medium,read,0,16,17.44,0,0,0
2025-09-23 12:12:50,user_2314,employee,pqc,,USA,low,transaction,low,delete,0,21,12.09,0,0,0
2025-09-23 12:12:55,user_2315,third_party,pqc,65.0,USA,medium,catalog,medium,delete,0,19,11.43,0,0,0
2025-09-23 12:13:00,user_2316,auditor,classical,,EU,low,transaction,low,write,0,19,8.54,2,0,0
2025-09-23 12:13:05,user_2317,service,classical,,EU,low,logs,medium,update,0,31,6.2,1,1,0
2025-09-23 12:13:10,user_2318,service,pqc,,EU,high,transaction,high,update,0,18,8.5,0,1,0
2025-09-23 12:13:15,user_2319,third_party,pqc,92.0,USA,high,logs,low,write,0,19,10.28,0,0,0
2025-09-23 12:13:20,user_2320,employee,classical,,USA,low,logs,medium,update,0,22,15.0,0,0,0
2025-09-23 12:13:25,user_2321,employee,classical,,EU,medium,payroll,medium,read,0,23,4.53,3,0,0
2025-09-23 12:13:30,user_2322,third_party,pqc,65.0,India,high,backend_sync,medium,update,0,25,17.19,2,1,0
2025-09-23 12:13:35,user_2323,guest,classical,,Unknown,medium,catalog,high,delete,0,21,4.08,1,1,0
2025-09-23 12:13:40,user_2324,employee,pqc,,Unknown,high,customer_kyc,low,write,0,16,4.04,1,0,0
2025-09-23 12:13:45,user_2325,employee,classical,,India,low,customer_kyc,high,delete,0,11,15.98,0,0,1
2025-09-23 12:13:50,user_2326,admin,pqc,,Unknown,medium,logs,medium,update,0,23,17.86,0,1,0
2025-09-23 12:13:55,user_2327,third_party,classical,40.0,Unknown,low,backend_sync,high,delete,0,28,10.06,1,1,1
2025-09-23 12:14:00,user_2328,guest,pqc,,India,medium,logs,high,write,0,21,11.94,0,1,0
2025-09-23 12:14:05,user_2329,third_party,classical,40.0,Unknown,high,backend_sync,medium,read,0,14,12.33,1,1,1
2025-09-23 12:14:10,user_2330,service,classical,,EU,low,transaction,low,update,75911,28,1.28,2,0,0
2025-09-23 12:14:15,user_2331,third_party,pqc,92.0,Unknown,low,customer_kyc,low,delete,0,15,6.18,1,1,0
2025-09-23 12:14:20,user_2332,admin,classical,,USA,low,customer_kyc,low,update,0,23,12.18,2,0,0
2025-09-23 12:14:25,user_2333,admin,classical,,USA,low,catalog,low,read,0,18,16.01,1,1,0
2025-09-23 12:14:30,user_2334,guest,pqc,,India,low,payroll,low,delete,0,15,4.34,0,0,0
2025-09-23 12:14:35,user_2335,employee,pqc,,EU,low,transaction,medium,write,176307,15,0.27,0,0,1
2025-09-23 12:14:40,user_2336,admin,pqc,,USA,high,catalog,high,delete,0,26,13.29,0,0,0
2025-09-23 12:14:45,user_2337,employee,pqc,,EU,high,logs,medium,update,0,28,5.3,1,1,0
2025-09-23 12:14:50,user_2338,guest,pqc,,EU,high,logs,low,write,0,20,10.39,2,0,0
2025-09-23 12:14:55,user_2339,service,classical,,EU,medium,transaction,high,read,0,15,8.48,0,1,0
2025-09-23 12:15:00,user_2340,auditor,pqc,,USA,high,transaction,low,delete,119296,24,9.98,0,0,1
2025-09-23 12:15:05,user_2341,admin,classical,,India,high,catalog,low,write,0,25,8.49,1,0,0
2025-09-23 12:15:10,user_2342,guest,classical,,India,high,customer_kyc,low,delete,0,26,3.28,0,0,1
2025-09-23 12:15:15,user_2343,guest,classical,,EU,medium,backend_sync,low,update,0,21,7.89,3,0,0
2025-09-23 12:15:20,user_2344,third_party,classical,40.0,USA,high,customer_kyc,high,update,0,22,12.93,1,1,1
2025-09-23 12:15:25,user_2345,guest,pqc,,USA,medium,customer_kyc,low,read,0,11,6.36,1,0,1
2025-09-23 12:15:30,user_2346,service,classical,,Unknown,medium,catalog,low,write,0,20,8.09,1,0,0
2025-09-23 12:15:35,user_2347,third_party,classical,40.0,India,low,transaction,low,read,0,17,4.51,1,1,1
2025-09-23 12:15:40,user_2348,admin,pqc,,EU,low,customer_kyc,high,update,0,28,9.56,3,1,1
2025-09-23 12:15:45,user_2349,employee,pqc,,Unknown,low,catalog,low,read,0,20,6.44,1,0,0
2025-09-23 12:15:50,user_2350,guest,classical,,India,high,payroll,low,update,0,15,8.5,0,1,0
2025-09-23 12:15:55,user_2351,third_party,pqc,65.0,USA,low,payroll,high,delete,0,30,10.59,3,1,1
2025-09-23 12:16:00,user_2352,third_party,classical,40.0,EU,high,payroll,high,update,0,15,13.85,3,0,1
2025-09-23 12:16:05,user_2353,third_party,pqc,40.0,Unknown,low,backend_sync,low,read,0,21,12.36,1,1,1
2025-09-23 12:16:10,user_2354,admin,classical,,EU,high,transaction,medium,update,0,21,8.78,1,0,0
2025-09-23 12:16:15,user_2355,employee,classical,,Unknown,high,logs,high,read,0,26,8.31,4,1,0
2025-09-23 12:16:20,user_2356,employee,classical,,EU,low,logs,low,write,0,23,7.97,0,1,0
2025-09-23 12:16:25,user_2357,employee,classical,,USA,medium,transaction,low,read,192917,13,7.28,1,0,1
2025-09-23 12:16:30,user_2358,auditor,pqc,,EU,medium,catalog,high,read,0,19,13.17,2,1,0
2025-09-23 12:16:35,user_2359,service,classical,,India,high,transaction,medium,read,174535,22,5.83,1,1,1
2025-09-23 12:16:40,user_2360,guest,pqc,,Unknown,low,logs,high,delete,0,20,10.7,0,1,1
2025-09-23 12:16:45,user_2361,employee,pqc,,EU,medium,transaction,medium,read,108814,18,11.93,1,0,1
2025-09-23 12:16:50,user_2362,employee,pqc,,USA,high,customer_kyc,high,update,0,15,11.11,2,0,0
2025-09-23 12:16:55,user_2363,admin,pqc,,EU,high,customer_kyc,high,delete,0,22,6.06,1,1,0
2025-09-23 12:17:00,user_2364,employee,classical,,EU,high,customer_kyc,low,update,0,14,2.83,1,1,0
2025-09-23 12:17:05,user_2365,service,pqc,,USA,high,transaction,medium,write,119775,20,15.09,0,0,1
2025-09-23 12:17:10,user_2366,auditor,pqc,,EU,low,payroll,medium,read,0,18,19.91,1,1,0
2025-09-23 12:17:15,user_2367,service,classical,,Unknown,high,payroll,high,read,0,21,3.31,3,1,0
2025-09-23 12:17:20,user_2368,guest,pqc,,EU,high,transaction,high,update,122133,22,10.2,1,0,1
2025-09-23 12:17:25,user_2369,admin,classical,,India,high,payroll,high,update,0,21,11.58,3,1,0
2025-09-23 12:17:30,user_2370,service,pqc,,USA,medium,catalog,low,update,0,20,0.82,0,1,0
2025-09-23 12:17:35,user_2371,service,pqc,,EU,low,backend_sync,medium,write,0,28,9.09,2,0,0
2025-09-23 12:17:40,user_2372,third_party,pqc,65.0,USA,high,logs,medium,read,0,10,10.76,3,1,0
2025-09-23 12:17:45,user_2373,auditor,classical,,USA,medium,customer_kyc,high,write,0,21,13.97,1,0,0
2025-09-23 12:17:50,user_2374,guest,pqc,,Unknown,high,transaction,high,write,81707,16,5.68,1,1,1
2025-09-23 12:17:55,user_2375,admin,pqc,,India,low,logs,low,delete,0,20,8.45,3,0,0
2025-09-23 12:18:00,user_2376,admin,pqc,,USA,low,backend_sync,high,delete,0,27,2.69,0,1,1
2025-09-23 12:18:05,user_2377,third_party,pqc,92.0,EU,high,catalog,high,read,0,20,11.81,1,0,0
2025-09-23 12:18:10,user_2378,third_party,classical,92.0,India,medium,payroll,high,update,0,14,8.89,1,0,0
2025-09-23 12:18:15,user_2379,auditor,pqc,,Unknown,medium,catalog,high,write,0,29,7.41,2,0,0
2025-09-23 12:18:20,user_2380,service,classical,,Unknown,low,logs,high,update,0,13,15.4,0,1,1
2025-09-23 12:18:25,user_2381,admin,classical,,India,medium,backend_sync,medium,write,0,15,9.95,2,1,0
2025-09-23 12:18:30,user_2382,admin,pqc,,USA,low,catalog,medium,read,0,17,12.32,0,0,0
2025-09-23 12:18:35,user_2383,auditor,pqc,,Unknown,high,backend_sync,low,write,0,19,22.98,3,1,0
2025-09-23 12:18:40,user_2384,third_party,pqc,65.0,EU,high,backend_sync,low,delete,0,31,15.41,2,1,0
2025-09-23 12:18:45,user_2385,auditor,pqc,,Unknown,medium,customer_kyc,low,read,0,27,7.52,0,1,0
2025-09-23 12:18:50,user_2386,guest,pqc,,USA,high,customer_kyc,high,write,0,22,3.56,1,1,1
2025-09-23 12:18:55,user_2387,auditor,classical,,India,high,backend_sync,high,update,0,21,11.05,2,0,0
2025-09-23 12:19:00,user_2388,service,pqc,,EU,high,payroll,high,write,0,18,5.88,1,1,0
2025-09-23 12:19:05,user_2389,third_party,pqc,40.0,Unknown,high,payroll,low,delete,0,17,9.0,2,0,1
2025-09-23 12:19:10,user_2390,third_party,classical,65.0,USA,medium,customer_kyc,high,write,0,34,6.55,0,1,0
2025-09-23 12:19:15,user_2391,guest,pqc,,USA,low,catalog,medium,update,0,19,1.64,0,1,0
2025-09-23 12:19:20,user_2392,guest,classical,,EU,low,customer_kyc,low,read,0,17,14.75,0,0,1
2025-09-23 12:19:25,user_2393,auditor,pqc,,India,low,customer_kyc,medium,update,0,26,18.5,1,0,0
2025-09-23 12:19:30,user_2394,auditor,pqc,,Unknown,high,backend_sync,low,update,0,17,11.99,1,0,0
2025-09-23 12:19:35,user_2395,employee,classical,,USA,medium,transaction,medium,read,0,17,2.54,1,1,0
2025-09-23 12:19:40,user_2396,guest,pqc,,USA,high,backend_sync,low,delete,0,27,10.21,0,1,0
2025-09-23 12:19:45,user_2397,employee,classical,,India,medium,customer_kyc,low,delete,0,21,22.1,1,0,0
2025-09-23 12:19:50,user_2398,third_party,classical,92.0,USA,high,customer_kyc,high,update,0,20,5.82,2,0,0
2025-09-23 12:19:55,user_2399,auditor,pqc,,Unknown,medium,customer_kyc,low,read,0,22,6.58,0,1,0
2025-09-23 12:20:00,user_2400,employee,pqc,,India,high,customer_kyc,medium,write,0,18,11.37,1,1,0
2025-09-23 12:20:05,user_2401,third_party,classical,65.0,Unknown,high,payroll,high,write,0,17,12.77,0,1,0
2025-09-23 12:20:10,user_2402,admin,pqc,,Unknown,medium,logs,medium,read,0,19,12.14,4,0,0
2025-09-23 12:20:15,user_2403,admin,classical,,Unknown,high,backend_sync,low,delete,0,18,22.24,0,0,0
2025-09-23 12:20:20,user_2404,employee,pqc,,India,medium,backend_sync,low,update,0,15,5.82,1,0,0
2025-09-23 12:20:25,user_2405,service,classical,,Unknown,low,payroll,high,update,0,26,14.06,2,1,1
2025-09-23 12:20:30,user_2406,employee,pqc,,Unknown,high,payroll,medium,update,0,26,11.62,0,1,0
2025-09-23 12:20:35,user_2407,guest,pqc,,EU,low,logs,high,update,0,18,11.4,0,0,1
2025-09-23 12:20:40,user_2408,third_party,classical,92.0,Unknown,high,customer_kyc,low,update,0,19,4.39,2,1,0
2025-09-23 12:20:45,user_2409,guest,pqc,,India,high,customer_kyc,low,update,0,20,13.94,4,1,1
2025-09-23 12:20:50,user_2410,employee,pqc,,USA,medium,catalog,high,read,0,22,8.98,2,0,0
2025-09-23 12:20:55,user_2411,third_party,pqc,65.0,Unknown,high,transaction,medium,delete,79659,21,9.22,1,1,0
2025-09-23 12:21:00,user_2412,third_party,classical,40.0,India,low,catalog,low,write,0,23,13.45,0,1,1
2025-09-23 12:21:05,user_2413,third_party,pqc,92.0,Unknown,high,logs,low,write,0,12,7.34,0,0,0
2025-09-23 12:21:10,user_2414,guest,pqc,,USA,medium,payroll,low,write,0,15,9.28,1,1,0
2025-09-23 12:21:15,user_2415,auditor,pqc,,Unknown,medium,logs,low,read,0,20,1.08,4,1,0
2025-09-23 12:21:20,user_2416,third_party,pqc,92.0,EU,high,payroll,medium,read,0,15,9.88,2,1,0
2025-09-23 12:21:25,user_2417,employee,pqc,,EU,low,catalog,medium,read,0,18,7.04,0,1,0
2025-09-23 12:21:30,user_2418,employee,classical,,EU,low,logs,low,update,0,13,8.62,2,1,0
2025-09-23 12:21:35,user_2419,guest,classical,,Unknown,low,customer_kyc,medium,write,0,23,9.47,0,1,1
2025-09-23 12:21:40,user_2420,employee,classical,,India,medium,payroll,medium,read,0,21,10.78,0,0,0
2025-09-23 12:21:45,user_2421,admin,pqc,,USA,medium,customer_kyc,low,read,0,24,4.95,1,1,0
2025-09-23 12:21:50,user_2422,auditor,classical,,Unknown,medium,transaction,high,read,0,23,1.14,0,0,0
2025-09-23 12:21:55,user_2423,third_party,classical,92.0,Unknown,high,logs,low,update,0,24,12.89,2,1,0
2025-09-23 12:22:00,user_2424,third_party,pqc,40.0,India,low,transaction,low,write,0,30,16.35,1,1,1
2025-09-23 12:22:05,user_2425,third_party,pqc,65.0,Unknown,medium,payroll,high,write,0,15,3.25,0,1,0
2025-09-23 12:22:10,user_2426,admin,classical,,Unknown,low,transaction,medium,update,0,19,10.85,0,0,0
2025-09-23 12:22:15,user_2427,service,classical,,USA,high,payroll,medium,update,0,24,10.8,1,0,0
2025-09-23 12:22:20,user_2428,service,classical,,Unknown,medium,payroll,medium,update,0,16,13.46,0,1,0
2025-09-23 12:22:25,user_2429,guest,classical,,EU,high,logs,high,delete,0,22,13.77,2,1,0
2025-09-23 12:22:30,user_2430,third_party,classical,40.0,EU,high,payroll,high,delete,0,26,11.3,1,0,1
2025-09-23 12:22:35,user_2431,service,classical,,USA,high,payroll,low,delete,0,28,10.83,3,1,0
2025-09-23 12:22:40,user_2432,service,classical,,EU,low,payroll,medium,read,0,30,16.47,1,0,0
2025-09-23 12:22:45,user_2433,admin,pqc,,Unknown,medium,backend_sync,medium,update,0,28,13.39,0,0,0
2025-09-23 12:22:50,user_2434,service,pqc,,USA,high,payroll,low,write,0,10,12.57,1,1,0
2025-09-23 12:22:55,user_2435,third_party,pqc,92.0,USA,high,backend_sync,medium,write,0,23,11.96,0,0,0
2025-09-23 12:23:00,user_2436,service,pqc,,USA,medium,catalog,low,delete,0,19,10.04,3,1,0
2025-09-23 12:23:05,user_2437,admin,pqc,,Unknown,medium,backend_sync,low,read,0,16,16.01,0,1,0
2025-09-23 12:23:10,user_2438,guest,classical,,EU,low,backend_sync,low,update,0,30,11.48,1,0,0
2025-09-23 12:23:15,user_2439,admin,classical,,USA,medium,backend_sync,high,delete,0,22,9.89,2,0,0
2025-09-23 12:23:20,user_2440,third_party,classical,92.0,EU,high,logs,high,update,0,19,10.82,3,1,0
2025-09-23 12:23:25,user_2441,service,pqc,,Unknown,low,catalog,high,write,0,28,20.71,0,1,1
2025-09-23 12:23:30,user_2442,auditor,classical,,USA,low,catalog,medium,delete,0,15,13.89,0,1,0
2025-09-23 12:23:35,user_2443,service,pqc,,Unknown,high,logs,low,update,0,20,18.95,1,0,0
2025-09-23 12:23:40,user_2444,guest,classical,,India,low,payroll,low,update,0,20,3.46,2,1,0
2025-09-23 12:23:45,user_2445,guest,pqc,,USA,medium,customer_kyc,medium,read,0,26,9.98,0,0,1
2025-09-23 12:23:50,user_2446,guest,classical,,Unknown,medium,payroll,high,read,0,25,13.26,0,1,0
2025-09-23 12:23:55,user_2447,auditor,classical,,India,low,backend_sync,high,read,0,29,9.13,0,1,1
2025-09-23 12:24:00,user_2448,service,classical,,Unknown,low,backend_sync,low,update,0,16,5.65,1,0,0
2025-09-23 12:24:05,user_2449,guest,classical,,EU,low,logs,medium,update,0,22,7.99,1,0,0
2025-09-23 12:24:10,user_2450,auditor,classical,,EU,high,payroll,medium,write,0,17,19.57,0,0,0
2025-09-23 12:24:15,user_2451,employee,pqc,,EU,medium,payroll,high,read,0,15,12.39,0,1,0
2025-09-23 12:24:20,user_2452,guest,pqc,,EU,low,logs,low,update,0,13,11.66,3,1,0
2025-09-23 12:24:25,user_2453,employee,pqc,,EU,high,catalog,low,write,0,17,11.85,2,0,0
2025-09-23 12:24:30,user_2454,auditor,pqc,,India,medium,backend_sync,high,write,0,23,14.57,0,0,0
2025-09-23 12:24:35,user_2455,service,pqc,,Unknown,high,payroll,high,write,0,18,8.99,1,0,0
2025-09-23 12:24:40,user_2456,employee,classical,,EU,low,catalog,high,write,0,19,5.11,0,1,1
2025-09-23 12:24:45,user_2457,auditor,classical,,India,high,backend_sync,medium,read,0,22,17.77,0,0,0
2025-09-23 12:24:50,user_2458,admin,classical,,EU,low,backend_sync,medium,delete,0,23,16.68,0,0,0
2025-09-23 12:24:55,user_2459,guest,pqc,,Unknown,low,customer_kyc,low,write,0,21,12.31,0,0,1
2025-09-23 12:25:00,user_2460,admin,pqc,,Unknown,low,customer_kyc,medium,delete,0,26,8.16,2,0,0
2025-09-23 12:25:05,user_2461,third_party,classical,92.0,India,high,customer_kyc,medium,delete,0,31,13.23,1,0,0
2025-09-23 12:25:10,user_2462,guest,classical,,India,high,backend_sync,high,write,0,23,4.03,0,0,0
2025-09-23 12:25:15,user_2463,third_party,pqc,65.0,India,high,customer_kyc,low,read,0,16,14.79,1,1,0
2025-09-23 12:25:20,user_2464,guest,classical,,EU,high,customer_kyc,low,write,0,17,20.14,2,0,1
2025-09-23 12:25:25,user_2465,third_party,pqc,65.0,Unknown,low,logs,low,update,0,18,13.17,1,0,0
2025-09-23 12:25:30,user_2466,guest,pqc,,EU,medium,payroll,high,delete,0,16,10.85,1,1,0
2025-09-23 12:25:35,user_2467,employee,classical,,USA,low,customer_kyc,high,read,0,20,3.96,1,1,1
2025-09-23 12:25:40,user_2468,service,classical,,EU,low,catalog,low,delete,0,25,16.22,0,1,0
2025-09-23 12:25:45,user_2469,auditor,classical,,India,low,logs,high,read,0,19,3.13,1,0,1
2025-09-23 12:25:50,user_2470,guest,pqc,,Unknown,low,logs,medium,delete,0,18,2.5,0,0,0
2025-09-23 12:25:55,user_2471,employee,classical,,USA,low,catalog,low,delete,0,24,10.29,0,0,0
2025-09-23 12:26:00,user_2472,guest,pqc,,India,high,logs,high,write,0,17,13.98,3,0,0
2025-09-23 12:26:05,user_2473,auditor,classical,,EU,high,backend_sync,high,update,0,12,5.82,1,1,0
2025-09-23 12:26:10,user_2474,service,classical,,USA,high,logs,low,update,0,24,7.02,1,1,0
2025-09-23 12:26:15,user_2475,service,classical,,USA,medium,customer_kyc,high,delete,0,22,9.19,1,1,0
2025-09-23 12:26:20,user_2476,guest,classical,,USA,low,customer_kyc,medium,write,0,16,4.95,3,0,1
2025-09-23 12:26:25,user_2477,employee,pqc,,EU,low,payroll,low,delete,0,20,6.65,1,1,0
2025-09-23 12:26:30,user_2478,employee,pqc,,India,high,catalog,low,update,0,16,12.54,1,0,0
2025-09-23 12:26:35,user_2479,admin,classical,,India,high,customer_kyc,high,update,0,22,5.65,2,0,0
2025-09-23 12:26:40,user_2480,admin,pqc,,India,medium,transaction,high,read,0,15,14.8,2,1,0
2025-09-23 12:26:45,user_2481,third_party,pqc,92.0,USA,low,logs,medium,write,0,19,10.61,1,1,0
2025-09-23 12:26:50,user_2482,auditor,classical,,India,high,payroll,medium,delete,0,19,8.02,3,0,0
2025-09-23 12:26:55,user_2483,service,pqc,,EU,medium,payroll,medium,delete,0,12,14.86,0,0,0
2025-09-23 12:27:00,user_2484,service,pqc,,India,medium,backend_sync,medium,write,0,20,6.67,2,1,0
2025-09-23 12:27:05,user_2485,third_party,classical,92.0,Unknown,medium,transaction,high,update,158140,18,7.5,1,0,1
2025-09-23 12:27:10,user_2486,auditor,pqc,,India,high,catalog,low,delete,0,25,10.55,2,1,0
2025-09-23 12:27:15,user_2487,employee,classical,,India,low,catalog,low,read,0,23,15.61,1,1,0
2025-09-23 12:27:20,user_2488,admin,classical,,Unknown,medium,backend_sync,low,delete,0,13,12.06,1,1,0
2025-09-23 12:27:25,user_2489,guest,pqc,,Unknown,medium,logs,low,write,0,14,6.7,0,0,0
2025-09-23 12:27:30,user_2490,guest,pqc,,India,high,customer_kyc,low,read,0,14,13.71,1,1,1
2025-09-23 12:27:35,user_2491,service,classical,,Unknown,high,transaction,high,update,36125,24,6.97,4,1,0
2025-09-23 12:27:40,user_2492,service,pqc,,EU,medium,transaction,medium,update,137022,22,17.61,0,1,1
2025-09-23 12:27:45,user_2493,third_party,pqc,92.0,USA,high,logs,high,write,0,16,11.62,1,1,0
2025-09-23 12:27:50,user_2494,guest,classical,,USA,high,catalog,high,delete,0,17,16.8,1,1,0
2025-09-23 12:27:55,user_2495,third_party,pqc,65.0,India,low,payroll,high,read,0,24,18.38,1,0,1
2025-09-23 12:28:00,user_2496,auditor,classical,,EU,medium,transaction,medium,write,0,27,14.5,1,1,0
2025-09-23 12:28:05,user_2497,admin,pqc,,EU,medium,customer_kyc,low,delete,0,15,3.68,3,1,0
2025-09-23 12:28:10,user_2498,auditor,classical,,India,low,logs,medium,delete,0,16,10.98,2,0,0
2025-09-23 12:28:15,user_2499,third_party,pqc,40.0,USA,low,payroll,medium,read,0,22,5.17,1,1,1
2025-09-23 12:28:20,user_2500,employee,classical,,India,medium,catalog,low,update,0,22,15.12,2,1,0
2025-09-23 12:28:25,user_2501,service,pqc,,EU,high,transaction,high,update,0,30,8.09,1,1,0
2025-09-23 12:28:30,user_2502,service,classical,,EU,high,payroll,high,delete,0,20,10.58,1,1,0
2025-09-23 12:28:35,user_2503,service,pqc,,Unknown,high,transaction,medium,update,68496,18,2.31,0,1,0
2025-09-23 12:28:40,user_2504,admin,classical,,India,low,catalog,medium,update,0,13,9.88,2,0,0
2025-09-23 12:28:45,user_2505,employee,pqc,,Unknown,medium,logs,low,update,0,19,12.67,0,1,0
2025-09-23 12:28:50,user_2506,third_party,classical,65.0,USA,low,logs,high,write,0,28,14.05,3,0,1
2025-09-23 12:28:55,user_2507,auditor,classical,,EU,high,logs,high,delete,0,20,16.27,1,0,0
2025-09-23 12:29:00,user_2508,service,pqc,,EU,low,logs,medium,update,0,23,11.54,1,1,0
2025-09-23 12:29:05,user_2509,employee,pqc,,India,medium,payroll,medium,read,0,19,2.42,1,1,0
2025-09-23 12:29:10,user_2510,third_party,classical,92.0,EU,high,customer_kyc,high,update,0,16,17.29,0,1,0
2025-09-23 12:29:15,user_2511,auditor,classical,,India,medium,customer_kyc,high,delete,0,23,13.2,0,1,0
2025-09-23 12:29:20,user_2512,service,classical,,India,high,catalog,high,update,0,20,12.55,1,1,0
2025-09-23 12:29:25,user_2513,auditor,pqc,,EU,high,logs,low,read,0,15,6.0,1,0,0
2025-09-23 12:29:30,user_2514,employee,classical,,Unknown,low,customer_kyc,low,write,0,24,7.94,0,1,0
2025-09-23 12:29:35,user_2515,admin,pqc,,USA,medium,logs,medium,read,0,17,3.18,0,1,0
2025-09-23 12:29:40,user_2516,auditor,pqc,,India,medium,backend_sync,low,delete,0,16,9.89,0,0,0
2025-09-23 12:29:45,user_2517,admin,pqc,,India,medium,transaction,high,update,86922,15,13.45,1,0,0
2025-09-23 12:29:50,user_2518,employee,pqc,,India,high,customer_kyc,high,delete,0,29,9.33,2,1,0
2025-09-23 12:29:55,user_2519,service,pqc,,USA,high,transaction,medium,read,75134,18,15.55,0,1,0
2025-09-23 12:30:00,user_2520,third_party,pqc,40.0,India,medium,payroll,high,write,0,22,16.4,3,1,1
2025-09-23 12:30:05,user_2521,auditor,classical,,EU,low,backend_sync,medium,read,0,18,4.59,1,1,0
2025-09-23 12:30:10,user_2522,third_party,pqc,65.0,India,low,backend_sync,low,update,0,17,10.18,0,0,0
2025-09-23 12:30:15,user_2523,admin,classical,,India,low,logs,high,update,0,23,15.24,2,1,1
2025-09-23 12:30:20,user_2524,guest,classical,,USA,high,backend_sync,medium,delete,0,23,12.84,1,1,0
2025-09-23 12:30:25,user_2525,third_party,classical,40.0,Unknown,medium,transaction,medium,update,0,18,7.34,1,1,1
2025-09-23 12:30:30,user_2526,employee,pqc,,EU,high,customer_kyc,low,read,0,18,8.48,0,1,0
2025-09-23 12:30:35,user_2527,service,classical,,EU,low,customer_kyc,medium,update,0,20,13.63,1,1,0
2025-09-23 12:30:40,user_2528,guest,pqc,,USA,low,backend_sync,high,delete,0,13,9.26,0,1,1
2025-09-23 12:30:45,user_2529,employee,pqc,,USA,medium,catalog,low,update,0,20,18.48,1,1,0
2025-09-23 12:30:50,user_2530,auditor,classical,,USA,medium,customer_kyc,low,read,0,18,18.97,1,1,0
2025-09-23 12:30:55,user_2531,admin,classical,,India,low,logs,low,read,0,19,12.29,1,1,0
2025-09-23 12:31:00,user_2532,employee,pqc,,USA,medium,transaction,low,read,130935,29,6.52,3,0,1
2025-09-23 12:31:05,user_2533,admin,pqc,,India,high,transaction,low,read,0,19,8.45,2,0,0
2025-09-23 12:31:10,user_2534,service,classical,,USA,high,backend_sync,high,read,0,17,9.73,0,0,0
2025-09-23 12:31:15,user_2535,service,classical,,Unknown,low,payroll,high,write,0,17,12.67,2,0,1
2025-09-23 12:31:20,user_2536,guest,pqc,,Unknown,high,catalog,medium,update,0,18,10.99,1,1,0
2025-09-23 12:31:25,user_2537,employee,classical,,Unknown,low,backend_sync,low,read,0,15,0.08,1,0,0
2025-09-23 12:31:30,user_2538,service,classical,,USA,high,payroll,medium,update,0,12,7.24,2,1,0
2025-09-23 12:31:35,user_2539,service,classical,,India,high,transaction,high,write,42625,14,4.57,0,0,0
2025-09-23 12:31:40,user_2540,guest,classical,,Unknown,high,catalog,low,read,0,20,11.15,0,0,0
2025-09-23 12:31:45,user_2541,guest,classical,,USA,high,payroll,medium,update,0,11,12.6,0,1,0
2025-09-23 12:31:50,user_2542,admin,classical,,Unknown,medium,customer_kyc,high,delete,0,12,5.21,1,0,0
2025-09-23 12:31:55,user_2543,third_party,pqc,92.0,USA,high,logs,low,delete,0,26,13.73,0,0,0
2025-09-23 12:32:00,user_2544,guest,pqc,,EU,medium,backend_sync,medium,read,0,27,1.25,0,0,0
2025-09-23 12:32:05,user_2545,guest,classical,,EU,high,catalog,low,update,0,16,14.77,1,0,0
2025-09-23 12:32:10,user_2546,employee,classical,,USA,high,transaction,high,delete,100105,15,9.11,1,1,1
2025-09-23 12:32:15,user_2547,guest,classical,,EU,medium,catalog,low,update,0,27,4.76,2,1,0
2025-09-23 12:32:20,user_2548,service,pqc,,Unknown,medium,logs,medium,write,0,25,1.82,0,0,0
2025-09-23 12:32:25,user_2549,admin,classical,,EU,high,catalog,medium,delete,0,16,2.04,2,0,0
2025-09-23 12:32:30,user_2550,admin,pqc,,India,medium,transaction,high,delete,0,21,3.19,0,1,0
2025-09-23 12:32:35,user_2551,guest,classical,,EU,low,backend_sync,medium,update,0,19,8.18,1,1,0
2025-09-23 12:32:40,user_2552,employee,pqc,,India,medium,customer_kyc,medium,delete,0,19,15.26,1,1,0
2025-09-23 12:32:45,user_2553,auditor,pqc,,Unknown,high,customer_kyc,high,read,0,16,9.54,2,0,0
2025-09-23 12:32:50,user_2554,auditor,pqc,,USA,high,logs,low,write,0,25,16.99,4,0,0
2025-09-23 12:32:55,user_2555,employee,pqc,,Unknown,medium,catalog,high,write,0,18,11.73,2,1,0
2025-09-23 12:33:00,user_2556,service,classical,,Unknown,high,catalog,high,delete,0,27,7.45,1,0,0
2025-09-23 12:33:05,user_2557,auditor,classical,,EU,medium,logs,medium,delete,0,23,1.01,1,1,0
2025-09-23 12:33:10,user_2558,service,pqc,,EU,medium,transaction,high,delete,79015,30,13.85,1,0,0
2025-09-23 12:33:15,user_2559,guest,pqc,,India,high,backend_sync,low,read,0,21,7.52,1,0,0
2025-09-23 12:33:20,user_2560,service,classical,,India,low,transaction,low,delete,0,11,7.67,1,1,0
2025-09-23 12:33:25,user_2561,third_party,pqc,92.0,Unknown,low,transaction,high,write,0,22,9.98,0,1,1
2025-09-23 12:33:30,user_2562,employee,pqc,,India,low,logs,low,delete,0,21,14.94,1,0,0
2025-09-23 12:33:35,user_2563,service,pqc,,EU,low,payroll,medium,read,0,20,5.08,0,0,0
2025-09-23 12:33:40,user_2564,service,pqc,,USA,low,catalog,high,write,0,24,6.28,0,0,1
2025-09-23 12:33:45,user_2565,guest,classical,,Unknown,high,backend_sync,low,update,0,21,8.7,1,1,0
2025-09-23 12:33:50,user_2566,admin,classical,,EU,low,catalog,low,read,0,16,2.12,0,1,0
2025-09-23 12:33:55,user_2567,guest,pqc,,Unknown,low,backend_sync,low,update,0,22,5.9,2,0,0
2025-09-23 12:34:00,user_2568,employee,pqc,,Unknown,medium,logs,medium,write,0,17,15.22,2,1,0
2025-09-23 12:34:05,user_2569,service,pqc,,USA,medium,logs,medium,write,0,22,12.15,0,0,0
2025-09-23 12:34:10,user_2570,auditor,classical,,India,high,logs,medium,write,0,28,7.47,0,0,0
2025-09-23 12:34:15,user_2571,auditor,pqc,,India,low,logs,medium,delete,0,29,11.26,0,0,0
2025-09-23 12:34:20,user_2572,third_party,classical,92.0,EU,high,backend_sync,high,update,0,21,7.08,0,0,0
2025-09-23 12:34:25,user_2573,auditor,classical,,EU,low,customer_kyc,medium,delete,0,18,16.37,1,1,0
2025-09-23 12:34:30,user_2574,auditor,pqc,,EU,low,customer_kyc,medium,write,0,13,8.83,0,1,0
2025-09-23 12:34:35,user_2575,service,classical,,USA,low,payroll,high,write,0,18,9.37,0,0,1
2025-09-23 12:34:40,user_2576,guest,pqc,,EU,medium,logs,medium,write,0,16,3.29,1,0,0
2025-09-23 12:34:45,user_2577,auditor,classical,,USA,medium,payroll,high,write,0,22,9.86,1,1,0
2025-09-23 12:34:50,user_2578,third_party,pqc,92.0,Unknown,low,backend_sync,high,delete,0,30,10.76,1,0,1
2025-09-23 12:34:55,user_2579,auditor,pqc,,Unknown,low,payroll,medium,write,0,21,12.69,3,0,0
2025-09-23 12:35:00,user_2580,admin,pqc,,India,medium,backend_sync,high,update,0,25,6.51,0,1,0
2025-09-23 12:35:05,user_2581,third_party,pqc,40.0,Unknown,medium,backend_sync,high,read,0,17,7.0,2,0,1
2025-09-23 12:35:10,user_2582,guest,pqc,,EU,high,catalog,low,write,0,21,6.3,1,0,0
2025-09-23 12:35:15,user_2583,service,pqc,,Unknown,medium,catalog,high,update,0,16,10.34,2,1,0
2025-09-23 12:35:20,user_2584,service,pqc,,Unknown,low,backend_sync,low,update,0,15,13.17,3,0,0
2025-09-23 12:35:25,user_2585,admin,pqc,,India,low,transaction,medium,read,0,15,8.29,1,0,0
2025-09-23 12:35:30,user_2586,service,classical,,India,high,customer_kyc,medium,update,0,16,15.65,0,0,0
2025-09-23 12:35:35,user_2587,admin,pqc,,EU,low,catalog,low,read,0,11,10.28,0,0,0
2025-09-23 12:35:40,user_2588,service,classical,,India,medium,backend_sync,low,update,0,24,15.22,1,1,0
2025-09-23 12:35:45,user_2589,auditor,classical,,EU,low,catalog,high,write,0,23,20.76,2,0,1
2025-09-23 12:35:50,user_2590,employee,classical,,USA,high,backend_sync,low,update,0,20,7.1,1,0,0
2025-09-23 12:35:55,user_2591,guest,pqc,,India,high,customer_kyc,medium,delete,0,15,9.83,2,0,1
2025-09-23 12:36:00,user_2592,auditor,classical,,USA,high,logs,low,update,0,23,3.66,1,0,0
2025-09-23 12:36:05,user_2593,guest,pqc,,EU,medium,logs,medium,read,0,16,7.42,0,1,0
2025-09-23 12:36:10,user_2594,admin,pqc,,India,high,logs,low,write,0,29,5.77,2,1,0
2025-09-23 12:36:15,user_2595,employee,classical,,EU,high,customer_kyc,high,delete,0,12,12.32,1,0,0
2025-09-23 12:36:20,user_2596,third_party,pqc,40.0,EU,low,logs,low,update,0,18,12.13,3,1,1
2025-09-23 12:36:25,user_2597,employee,classical,,Unknown,low,payroll,low,delete,0,18,15.21,1,0,0
2025-09-23 12:36:30,user_2598,service,pqc,,Unknown,low,backend_sync,high,read,0,16,13.2,1,0,1
2025-09-23 12:36:35,user_2599,admin,pqc,,Unknown,medium,backend_sync,high,read,0,14,1.68,0,1,0
2025-09-23 12:36:40,user_2600,admin,classical,,EU,medium,logs,high,update,0,26,15.25,0,0,0
2025-09-23 12:36:45,user_2601,third_party,pqc,40.0,India,low,transaction,medium,read,0,25,8.24,1,0,1
2025-09-23 12:36:50,user_2602,admin,pqc,,EU,high,catalog,high,read,0,19,15.25,0,1,0
2025-09-23 12:36:55,user_2603,admin,classical,,EU,medium,logs,high,delete,0,20,17.81,2,1,0
2025-09-23 12:37:00,user_2604,admin,classical,,EU,high,logs,low,read,0,31,13.35,1,1,0
2025-09-23 12:37:05,user_2605,admin,pqc,,Unknown,high,catalog,high,read,0,17,11.13,0,0,0
2025-09-23 12:37:10,user_2606,admin,pqc,,Unknown,high,logs,medium,write,0,16,11.89,0,0,0
2025-09-23 12:37:15,user_2607,admin,classical,,EU,high,catalog,high,read,0,19,8.14,0,0,0
2025-09-23 12:37:20,user_2608,guest,pqc,,Unknown,low,transaction,medium,read,0,18,16.09,0,0,1
2025-09-23 12:37:25,user_2609,auditor,pqc,,USA,low,customer_kyc,high,write,0,16,15.46,1,0,1
2025-09-23 12:37:30,user_2610,admin,classical,,India,medium,backend_sync,high,delete,0,18,7.51,2,0,0
2025-09-23 12:37:35,user_2611,service,pqc,,Unknown,medium,customer_kyc,high,update,0,21,10.69,0,0,0
2025-09-23 12:37:40,user_2612,third_party,pqc,40.0,EU,low,customer_kyc,medium,read,0,11,7.55,0,0,1
2025-09-23 12:37:45,user_2613,auditor,classical,,India,high,customer_kyc,medium,write,0,18,4.6,3,1,0
2025-09-23 12:37:50,user_2614,third_party,classical,40.0,USA,low,payroll,low,update,0,23,13.39,0,1,1
2025-09-23 12:37:55,user_2615,service,pqc,,India,medium,transaction,low,read,78330,21,10.7,0,1,0
2025-09-23 12:38:00,user_2616,admin,classical,,India,medium,payroll,low,read,0,30,12.27,1,0,0
2025-09-23 12:38:05,user_2617,service,classical,,USA,medium,transaction,low,read,160298,24,11.64,1,1,1
2025-09-23 12:38:10,user_2618,auditor,classical,,USA,high,transaction,low,delete,93290,22,10.1,3,0,0
2025-09-23 12:38:15,user_2619,auditor,classical,,USA,low,payroll,low,delete,0,18,8.42,1,0,0
2025-09-23 12:38:20,user_2620,guest,classical,,India,medium,transaction,medium,delete,189042,17,5.29,0,1,1
2025-09-23 12:38:25,user_2621,guest,pqc,,Unknown,medium,payroll,medium,read,0,17,16.6,2,0,0
2025-09-23 12:38:30,user_2622,service,pqc,,India,medium,transaction,low,write,96865,14,9.5,0,0,0
2025-09-23 12:38:35,user_2623,employee,classical,,India,low,payroll,medium,write,0,17,10.02,0,1,0
2025-09-23 12:38:40,user_2624,service,pqc,,India,low,backend_sync,medium,read,0,19,0.32,0,0,0
2025-09-23 12:38:45,user_2625,auditor,classical,,USA,medium,logs,medium,delete,0,24,14.67,1,0,0
2025-09-23 12:38:50,user_2626,third_party,classical,92.0,Unknown,high,logs,medium,delete,0,24,4.6,0,1,0
2025-09-23 12:38:55,user_2627,guest,classical,,India,medium,customer_kyc,medium,update,0,18,14.38,1,1,1
2025-09-23 12:39:00,user_2628,employee,classical,,Unknown,low,logs,medium,delete,0,27,4.13,1,0,0
2025-09-23 12:39:05,user_2629,auditor,classical,,Unknown,high,transaction,low,read,93446,20,6.5,1,0,0
2025-09-23 12:39:10,user_2630,employee,pqc,,India,medium,payroll,low,write,0,24,10.97,2,1,0
2025-09-23 12:39:15,user_2631,auditor,pqc,,India,low,customer_kyc,high,update,0,16,13.49,0,1,1
2025-09-23 12:39:20,user_2632,admin,classical,,Unknown,medium,customer_kyc,high,update,0,19,8.12,2,1,0
2025-09-23 12:39:25,user_2633,employee,classical,,India,high,backend_sync,low,read,0,15,4.96,0,1,0
2025-09-23 12:39:30,user_2634,auditor,pqc,,EU,high,customer_kyc,low,write,0,20,13.67,1,1,0
2025-09-23 12:39:35,user_2635,third_party,pqc,40.0,EU,medium,logs,medium,write,0,27,10.72,1,1,1
2025-09-23 12:39:40,user_2636,guest,classical,,EU,low,transaction,medium,write,0,18,5.59,3,1,1
2025-09-23 12:39:45,user_2637,employee,pqc,,Unknown,medium,catalog,high,update,0,17,9.86,3,1,0
2025-09-23 12:39:50,user_2638,employee,classical,,India,medium,logs,high,read,0,20,10.28,1,0,0
2025-09-23 12:39:55,user_2639,service,classical,,USA,medium,backend_sync,medium,read,0,19,6.84,1,1,0
2025-09-23 12:40:00,user_2640,employee,classical,,USA,high,logs,medium,delete,0,23,10.98,0,0,0
2025-09-23 12:40:05,user_2641,auditor,classical,,USA,high,logs,low,read,0,26,8.53,2,0,0
2025-09-23 12:40:10,user_2642,employee,classical,,USA,low,payroll,high,write,0,19,8.41,0,0,1
2025-09-23 12:40:15,user_2643,employee,pqc,,USA,low,backend_sync,medium,update,0,20,19.25,3,1,0
2025-09-23 12:40:20,user_2644,third_party,classical,40.0,USA,medium,logs,low,delete,0,20,13.49,4,1,1
2025-09-23 12:40:25,user_2645,third_party,pqc,40.0,Unknown,medium,backend_sync,medium,delete,0,10,4.18,1,0,1
2025-09-23 12:40:30,user_2646,auditor,pqc,,EU,high,transaction,medium,write,59746,16,10.36,0,0,0
2025-09-23 12:40:35,user_2647,guest,classical,,USA,medium,catalog,low,update,0,14,18.11,2,0,0
2025-09-23 12:40:40,user_2648,guest,classical,,Unknown,high,transaction,low,write,0,16,10.14,0,1,1
2025-09-23 12:40:45,user_2649,guest,classical,,Unknown,low,logs,high,delete,0,17,4.37,1,0,1
2025-09-23 12:40:50,user_2650,guest,pqc,,USA,high,transaction,low,update,0,18,17.92,0,1,1
2025-09-23 12:40:55,user_2651,employee,classical,,USA,low,payroll,medium,delete,0,27,9.26,1,1,0
2025-09-23 12:41:00,user_2652,employee,pqc,,EU,high,payroll,high,read,0,20,13.84,1,0,0
2025-09-23 12:41:05,user_2653,guest,classical,,USA,high,backend_sync,high,write,0,20,8.46,0,0,0
2025-09-23 12:41:10,user_2654,auditor,classical,,USA,high,customer_kyc,high,delete,0,21,12.07,0,1,0
2025-09-23 12:41:15,user_2655,guest,classical,,USA,medium,payroll,medium,delete,0,20,10.32,4,1,0
2025-09-23 12:41:20,user_2656,third_party,pqc,65.0,EU,low,catalog,medium,read,0,18,19.58,1,0,0
2025-09-23 12:41:25,user_2657,employee,pqc,,Unknown,low,logs,high,delete,0,22,1.49,1,1,1
2025-09-23 12:41:30,user_2658,service,classical,,India,high,logs,high,write,0,23,10.44,3,0,0
2025-09-23 12:41:35,user_2659,guest,classical,,Unknown,medium,customer_kyc,high,read,0,20,8.36,1,1,1
2025-09-23 12:41:40,user_2660,guest,classical,,Unknown,medium,backend_sync,low,delete,0,19,4.69,2,0,0
2025-09-23 12:41:45,user_2661,auditor,classical,,Unknown,medium,transaction,high,update,85145,24,10.38,2,0,0
2025-09-23 12:41:50,user_2662,third_party,classical,92.0,EU,medium,backend_sync,medium,delete,0,19,10.87,1,1,0
2025-09-23 12:41:55,user_2663,guest,classical,,Unknown,low,customer_kyc,medium,update,0,13,10.54,2,1,1
2025-09-23 12:42:00,user_2664,employee,pqc,,USA,medium,payroll,low,read,0,21,7.26,1,0,0
2025-09-23 12:42:05,user_2665,admin,classical,,India,high,logs,medium,read,0,20,7.63,0,1,0
2025-09-23 12:42:10,user_2666,service,pqc,,USA,low,backend_sync,low,delete,0,21,10.98,1,1,0
2025-09-23 12:42:15,user_2667,auditor,classical,,India,high,payroll,low,write,0,18,5.88,2,0,0
2025-09-23 12:42:20,user_2668,auditor,classical,,USA,low,catalog,low,update,0,28,6.85,1,0,0
2025-09-23 12:42:25,user_2669,third_party,classical,65.0,EU,medium,backend_sync,medium,read,0,21,16.08,2,0,0
2025-09-23 12:42:30,user_2670,employee,pqc,,USA,high,customer_kyc,medium,update,0,14,14.97,0,0,0
2025-09-23 12:42:35,user_2671,guest,classical,,Unknown,high,catalog,medium,update,0,19,16.25,1,1,0
2025-09-23 12:42:40,user_2672,employee,pqc,,USA,high,payroll,low,read,0,18,10.12,1,1,0
2025-09-23 12:42:45,user_2673,auditor,pqc,,India,medium,payroll,medium,read,0,13,1.33,1,0,0
2025-09-23 12:42:50,user_2674,third_party,classical,40.0,India,high,backend_sync,low,read,0,14,10.16,0,0,1
2025-09-23 12:42:55,user_2675,third_party,pqc,40.0,India,medium,catalog,high,write,0,10,9.16,1,0,1
2025-09-23 12:43:00,user_2676,service,pqc,,Unknown,medium,catalog,medium,read,0,17,5.25,0,1,0
2025-09-23 12:43:05,user_2677,guest,classical,,USA,low,customer_kyc,high,read,0,21,0.54,1,0,1
2025-09-23 12:43:10,user_2678,service,pqc,,USA,high,payroll,low,write,0,26,5.96,1,0,0
2025-09-23 12:43:15,user_2679,employee,pqc,,USA,low,payroll,medium,write,0,29,9.47,1,0,0
2025-09-23 12:43:20,user_2680,guest,classical,,Unknown,high,payroll,high,update,0,14,14.25,1,1,0
2025-09-23 12:43:25,user_2681,admin,classical,,USA,high,transaction,low,delete,192627,19,6.35,1,1,1
2025-09-23 12:43:30,user_2682,third_party,pqc,65.0,Unknown,medium,logs,medium,read,0,17,11.71,2,0,0
2025-09-23 12:43:35,user_2683,auditor,classical,,EU,medium,logs,medium,update,0,26,13.28,0,1,0
2025-09-23 12:43:40,user_2684,third_party,classical,40.0,EU,high,backend_sync,high,delete,0,29,3.18,1,1,1
2025-09-23 12:43:45,user_2685,admin,classical,,India,medium,backend_sync,low,delete,0,15,5.55,0,1,0
2025-09-23 12:43:50,user_2686,employee,pqc,,EU,low,logs,low,delete,0,18,10.36,0,1,0
2025-09-23 12:43:55,user_2687,third_party,classical,65.0,USA,medium,customer_kyc,medium,update,0,20,9.19,1,1,0
2025-09-23 12:44:00,user_2688,employee,classical,,USA,medium,transaction,high,update,164283,22,7.17,0,0,1
2025-09-23 12:44:05,user_2689,auditor,pqc,,EU,high,customer_kyc,high,read,0,20,7.44,1,1,0
2025-09-23 12:44:10,user_2690,admin,pqc,,Unknown,high,catalog,medium,write,0,25,3.4,1,1,0
2025-09-23 12:44:15,user_2691,admin,pqc,,Unknown,low,backend_sync,low,delete,0,26,2.04,0,1,0
2025-09-23 12:44:20,user_2692,admin,classical,,India,low,catalog,medium,delete,0,19,6.95,1,1,0
2025-09-23 12:44:25,user_2693,service,pqc,,India,high,payroll,medium,write,0,17,12.06,2,0,0
2025-09-23 12:44:30,user_2694,auditor,classical,,USA,medium,customer_kyc,medium,delete,0,20,18.84,1,0,0
2025-09-23 12:44:35,user_2695,admin,classical,,Unknown,low,customer_kyc,high,update,0,25,12.34,3,1,1
2025-09-23 12:44:40,user_2696,auditor,classical,,India,low,catalog,high,delete,0,14,4.76,3,1,1
2025-09-23 12:44:45,user_2697,third_party,classical,65.0,Unknown,high,catalog,medium,read,0,26,7.37,1,0,0
2025-09-23 12:44:50,user_2698,service,classical,,Unknown,low,backend_sync,low,update,0,26,6.02,0,0,0
2025-09-23 12:44:55,user_2699,auditor,classical,,USA,medium,catalog,medium,write,0,20,16.07,1,1,0
2025-09-23 12:45:00,user_2700,employee,classical,,EU,low,payroll,high,delete,0,19,13.07,0,1,1
2025-09-23 12:45:05,user_2701,admin,classical,,India,low,payroll,medium,write,0,24,19.85,0,0,0
2025-09-23 12:45:10,user_2702,employee,classical,,India,medium,payroll,medium,read,0,28,10.48,1,1,0
2025-09-23 12:45:15,user_2703,admin,pqc,,USA,medium,backend_sync,medium,delete,0,20,14.81,1,0,0
2025-09-23 12:45:20,user_2704,guest,classical,,EU,high,payroll,medium,write,0,17,11.29,1,1,0
2025-09-23 12:45:25,user_2705,guest,classical,,EU,high,catalog,medium,read,0,16,11.92,0,0,0
2025-09-23 12:45:30,user_2706,employee,classical,,EU,high,catalog,low,read,0,24,3.79,0,1,0
2025-09-23 12:45:35,user_2707,admin,pqc,,USA,medium,backend_sync,low,delete,0,22,15.59,4,0,0
2025-09-23 12:45:40,user_2708,third_party,pqc,65.0,India,low,payroll,medium,write,0,13,9.93,1,0,0
2025-09-23 12:45:45,user_2709,service,pqc,,USA,high,customer_kyc,low,update,0,17,16.49,2,1,0
2025-09-23 12:45:50,user_2710,auditor,classical,,USA,high,customer_kyc,low,update,0,25,10.51,0,0,0
2025-09-23 12:45:55,user_2711,guest,pqc,,Unknown,medium,backend_sync,medium,read,0,21,5.88,1,0,0
2025-09-23 12:46:00,user_2712,service,pqc,,EU,medium,transaction,high,read,0,19,6.44,2,0,0
2025-09-23 12:46:05,user_2713,admin,pqc,,India,medium,customer_kyc,medium,delete,0,20,11.3,0,1,0
2025-09-23 12:46:10,user_2714,admin,pqc,,USA,high,backend_sync,low,delete,0,22,6.68,1,0,0
2025-09-23 12:46:15,user_2715,employee,classical,,USA,high,logs,high,update,0,24,17.77,2,1,0
2025-09-23 12:46:20,user_2716,employee,pqc,,EU,low,logs,low,write,0,6,5.48,1,1,0
2025-09-23 12:46:25,user_2717,auditor,classical,,India,high,logs,high,read,0,27,2.02,2,1,0
2025-09-23 12:46:30,user_2718,admin,pqc,,Unknown,low,catalog,high,read,0,18,4.58,0,1,1
2025-09-23 12:46:35,user_2719,third_party,classical,92.0,EU,low,logs,medium,delete,0,24,12.46,0,1,0
2025-09-23 12:46:40,user_2720,service,pqc,,USA,high,payroll,medium,update,0,20,12.82,0,1,0
2025-09-23 12:46:45,user_2721,employee,classical,,India,low,backend_sync,high,read,0,11,5.97,1,1,1
2025-09-23 12:46:50,user_2722,auditor,pqc,,Unknown,medium,catalog,medium,read,0,17,13.21,1,0,0
2025-09-23 12:46:55,user_2723,auditor,classical,,Unknown,high,catalog,low,update,0,19,9.03,0,1,0
2025-09-23 12:47:00,user_2724,auditor,pqc,,EU,high,logs,high,delete,0,26,1.28,0,0,0
2025-09-23 12:47:05,user_2725,employee,pqc,,EU,low,logs,high,update,0,13,15.03,0,0,1
2025-09-23 12:47:10,user_2726,auditor,pqc,,India,low,backend_sync,low,write,0,15,8.69,1,1,0
2025-09-23 12:47:15,user_2727,guest,pqc,,EU,low,catalog,medium,read,0,31,10.94,1,0,0
2025-09-23 12:47:20,user_2728,third_party,classical,92.0,India,low,catalog,high,delete,0,20,14.03,3,1,1
2025-09-23 12:47:25,user_2729,service,pqc,,EU,low,logs,medium,read,0,16,12.42,2,0,0
2025-09-23 12:47:30,user_2730,third_party,pqc,92.0,Unknown,high,transaction,low,update,190337,21,10.01,1,0,1
2025-09-23 12:47:35,user_2731,guest,pqc,,India,medium,catalog,low,read,0,22,10.57,3,0,0
2025-09-23 12:47:40,user_2732,admin,classical,,EU,low,logs,medium,read,0,22,6.36,0,1,0
2025-09-23 12:47:45,user_2733,guest,pqc,,USA,medium,transaction,low,update,110056,24,14.4,2,1,1
2025-09-23 12:47:50,user_2734,guest,classical,,India,high,catalog,medium,update,0,20,6.25,1,1,0
2025-09-23 12:47:55,user_2735,guest,pqc,,EU,high,backend_sync,low,update,0,16,6.35,1,0,0
2025-09-23 12:48:00,user_2736,service,pqc,,USA,high,transaction,medium,delete,0,19,4.39,0,0,0
2025-09-23 12:48:05,user_2737,service,pqc,,USA,medium,backend_sync,high,delete,0,18,11.52,1,0,0
2025-09-23 12:48:10,user_2738,service,pqc,,EU,medium,logs,low,update,0,18,23.05,1,0,0
2025-09-23 12:48:15,user_2739,third_party,pqc,65.0,EU,low,backend_sync,medium,delete,0,18,3.91,1,0,0
2025-09-23 12:48:20,user_2740,service,pqc,,USA,low,transaction,medium,read,110917,23,2.34,0,1,1
2025-09-23 12:48:25,user_2741,employee,pqc,,India,medium,backend_sync,high,update,0,28,12.96,2,1,0
2025-09-23 12:48:30,user_2742,employee,pqc,,Unknown,medium,payroll,low,update,0,20,11.03,1,0,0
2025-09-23 12:48:35,user_2743,employee,classical,,USA,high,logs,high,read,0,15,10.84,1,1,0
2025-09-23 12:48:40,user_2744,admin,pqc,,USA,high,transaction,low,update,166161,18,14.25,2,0,1
2025-09-23 12:48:45,user_2745,employee,classical,,India,high,transaction,medium,delete,0,24,6.29,0,1,0
2025-09-23 12:48:50,user_2746,guest,classical,,India,high,catalog,low,update,0,22,8.18,2,0,0
2025-09-23 12:48:55,user_2747,guest,classical,,EU,high,backend_sync,low,read,0,14,14.1,1,0,0
2025-09-23 12:49:00,user_2748,auditor,classical,,Unknown,low,transaction,medium,delete,62361,27,10.75,1,1,0
2025-09-23 12:49:05,user_2749,guest,pqc,,USA,high,transaction,low,read,0,20,6.26,1,1,1
2025-09-23 12:49:10,user_2750,employee,classical,,USA,high,backend_sync,high,read,0,24,4.46,2,1,0
2025-09-23 12:49:15,user_2751,admin,classical,,Unknown,high,logs,low,read,0,12,8.75,2,1,0
2025-09-23 12:49:20,user_2752,third_party,classical,65.0,USA,high,backend_sync,medium,update,0,22,11.58,1,1,0
2025-09-23 12:49:25,user_2753,guest,classical,,USA,low,transaction,medium,delete,0,18,3.54,2,1,1
2025-09-23 12:49:30,user_2754,auditor,pqc,,EU,high,catalog,high,write,0,21,7.43,2,0,0
2025-09-23 12:49:35,user_2755,service,classical,,India,high,logs,high,delete,0,14,7.26,2,0,0
2025-09-23 12:49:40,user_2756,guest,classical,,EU,high,transaction,medium,update,0,18,9.07,2,0,1
2025-09-23 12:49:45,user_2757,guest,classical,,EU,low,customer_kyc,low,delete,0,13,13.87,1,1,1
2025-09-23 12:49:50,user_2758,admin,classical,,India,medium,transaction,low,read,16919,33,6.61,0,0,0
2025-09-23 12:49:55,user_2759,employee,classical,,USA,high,payroll,low,write,0,21,10.44,2,1,0
2025-09-23 12:50:00,user_2760,employee,classical,,India,medium,catalog,high,delete,0,24,5.82,2,0,0
2025-09-23 12:50:05,user_2761,auditor,pqc,,Unknown,medium,logs,high,delete,0,17,8.94,0,0,0
2025-09-23 12:50:10,user_2762,service,classical,,USA,medium,customer_kyc,low,update,0,15,12.47,2,1,0
2025-09-23 12:50:15,user_2763,third_party,classical,92.0,Unknown,high,backend_sync,low,write,0,18,7.76,0,0,0
2025-09-23 12:50:20,user_2764,third_party,classical,65.0,Unknown,low,catalog,medium,delete,0,22,11.22,2,0,0
2025-09-23 12:50:25,user_2765,employee,pqc,,Unknown,high,transaction,low,read,0,12,13.24,1,0,0
2025-09-23 12:50:30,user_2766,guest,pqc,,USA,medium,customer_kyc,low,delete,0,23,10.04,0,0,1
2025-09-23 12:50:35,user_2767,service,pqc,,India,high,logs,medium,update,0,17,12.44,0,0,0
2025-09-23 12:50:40,user_2768,admin,pqc,,EU,medium,customer_kyc,low,read,0,18,11.6,0,0,0
2025-09-23 12:50:45,user_2769,employee,pqc,,USA,high,catalog,medium,write,0,23,6.82,0,0,0
2025-09-23 12:50:50,user_2770,guest,classical,,USA,low,backend_sync,medium,update,0,20,5.8,2,0,0
2025-09-23 12:50:55,user_2771,admin,classical,,Unknown,low,payroll,high,update,0,18,15.8,3,0,1
2025-09-23 12:51:00,user_2772,third_party,pqc,92.0,EU,high,backend_sync,medium,update,0,27,6.91,0,1,0
2025-09-23 12:51:05,user_2773,employee,pqc,,USA,low,customer_kyc,high,read,0,20,16.22,1,0,1
2025-09-23 12:51:10,user_2774,employee,classical,,USA,low,logs,medium,read,0,20,22.26,0,0,0
2025-09-23 12:51:15,user_2775,auditor,pqc,,USA,medium,logs,low,delete,0,18,3.87,0,0,0
2025-09-23 12:51:20,user_2776,third_party,pqc,40.0,EU,medium,logs,low,read,0,27,12.32,0,0,1
2025-09-23 12:51:25,user_2777,employee,classical,,Unknown,low,transaction,low,read,0,19,8.62,2,1,0
2025-09-23 12:51:30,user_2778,auditor,classical,,USA,high,logs,low,delete,0,17,5.9,2,1,0
2025-09-23 12:51:35,user_2779,guest,classical,,Unknown,low,backend_sync,medium,read,0,21,12.88,0,1,0
2025-09-23 12:51:40,user_2780,employee,classical,,USA,medium,logs,medium,update,0,21,6.23,0,1,0
2025-09-23 12:51:45,user_2781,third_party,pqc,65.0,India,low,catalog,low,read,0,23,13.63,0,0,0
2025-09-23 12:51:50,user_2782,employee,classical,,EU,low,transaction,low,read,0,16,11.27,2,1,0
2025-09-23 12:51:55,user_2783,admin,classical,,EU,high,customer_kyc,low,update,0,17,8.4,2,0,0
2025-09-23 12:52:00,user_2784,guest,classical,,EU,low,catalog,low,delete,0,32,11.65,2,1,0
2025-09-23 12:52:05,user_2785,auditor,classical,,India,low,catalog,high,write,0,23,1.27,0,0,1
2025-09-23 12:52:10,user_2786,employee,pqc,,EU,medium,payroll,high,delete,0,12,18.4,1,1,0
2025-09-23 12:52:15,user_2787,guest,classical,,India,medium,backend_sync,medium,update,0,24,5.8,0,0,0
2025-09-23 12:52:20,user_2788,admin,pqc,,EU,high,transaction,high,update,0,27,5.69,0,0,0
2025-09-23 12:52:25,user_2789,admin,pqc,,EU,low,backend_sync,low,write,0,21,5.46,2,1,0
2025-09-23 12:52:30,user_2790,third_party,pqc,40.0,India,high,payroll,high,update,0,24,5.23,2,0,1
2025-09-23 12:52:35,user_2791,service,pqc,,EU,medium,payroll,medium,update,0,29,6.45,0,1,0
2025-09-23 12:52:40,user_2792,auditor,pqc,,USA,low,logs,medium,read,0,32,19.67,0,0,0
2025-09-23 12:52:45,user_2793,admin,pqc,,India,medium,catalog,high,read,0,18,8.73,1,0,0
2025-09-23 12:52:50,user_2794,third_party,pqc,65.0,USA,medium,payroll,low,delete,0,22,14.34,4,1,0
2025-09-23 12:52:55,user_2795,guest,classical,,India,low,backend_sync,high,update,0,16,12.41,1,0,1
2025-09-23 12:53:00,user_2796,admin,classical,,India,medium,payroll,low,read,0,27,7.8,0,1,0
2025-09-23 12:53:05,user_2797,admin,classical,,EU,low,payroll,low,update,0,18,7.43,0,1,0
2025-09-23 12:53:10,user_2798,employee,classical,,Unknown,high,payroll,medium,delete,0,16,9.71,4,1,0
2025-09-23 12:53:15,user_2799,admin,pqc,,EU,low,catalog,low,write,0,15,3.38,2,0,0
2025-09-23 12:53:20,user_2800,auditor,pqc,,Unknown,medium,customer_kyc,high,write,0,16,4.1,0,0,0
2025-09-23 12:53:25,user_2801,employee,pqc,,USA,high,payroll,medium,write,0,19,10.01,1,1,0
2025-09-23 12:53:30,user_2802,third_party,classical,92.0,EU,high,catalog,low,delete,0,15,7.11,4,1,0
2025-09-23 12:53:35,user_2803,admin,classical,,USA,high,catalog,low,update,0,15,14.47,1,0,0
2025-09-23 12:53:40,user_2804,third_party,pqc,40.0,India,high,payroll,low,update,0,21,8.92,1,1,1
2025-09-23 12:53:45,user_2805,admin,classical,,India,medium,payroll,high,update,0,16,4.9,0,0,0
2025-09-23 12:53:50,user_2806,admin,classical,,Unknown,low,catalog,medium,update,0,23,10.41,2,1,0
2025-09-23 12:53:55,user_2807,employee,pqc,,USA,high,logs,medium,write,0,22,17.26,0,0,0
2025-09-23 12:54:00,user_2808,auditor,classical,,Unknown,high,catalog,low,write,0,20,13.05,1,0,0
2025-09-23 12:54:05,user_2809,employee,pqc,,EU,high,transaction,medium,update,0,20,13.05,2,0,0
2025-09-23 12:54:10,user_2810,third_party,pqc,92.0,Unknown,low,transaction,medium,delete,170896,22,17.0,3,0,1
2025-09-23 12:54:15,user_2811,employee,pqc,,India,low,payroll,low,write,0,14,8.84,0,0,0
2025-09-23 12:54:20,user_2812,guest,classical,,India,low,transaction,high,delete,0,19,2.35,3,1,1
2025-09-23 12:54:25,user_2813,auditor,pqc,,EU,low,catalog,low,write,0,21,2.72,0,1,0
2025-09-23 12:54:30,user_2814,employee,pqc,,EU,high,logs,high,delete,0,26,4.98,1,0,0
2025-09-23 12:54:35,user_2815,guest,classical,,Unknown,high,customer_kyc,low,update,0,22,8.34,1,0,1
2025-09-23 12:54:40,user_2816,employee,classical,,EU,medium,catalog,low,write,0,10,14.06,0,0,0
2025-09-23 12:54:45,user_2817,auditor,pqc,,USA,medium,transaction,medium,read,0,19,11.79,0,1,0
2025-09-23 12:54:50,user_2818,auditor,classical,,USA,high,catalog,high,delete,0,12,4.74,0,1,0
2025-09-23 12:54:55,user_2819,service,pqc,,USA,high,payroll,medium,delete,0,17,9.74,1,1,0
2025-09-23 12:55:00,user_2820,third_party,pqc,92.0,Unknown,low,transaction,high,write,0,24,12.32,1,1,1
2025-09-23 12:55:05,user_2821,guest,classical,,India,low,payroll,medium,delete,0,20,10.26,1,1,0
2025-09-23 12:55:10,user_2822,service,classical,,Unknown,low,backend_sync,high,write,0,18,9.03,1,1,1
2025-09-23 12:55:15,user_2823,third_party,classical,65.0,Unknown,low,logs,medium,update,0,20,7.62,0,0,0
2025-09-23 12:55:20,user_2824,admin,classical,,USA,medium,catalog,high,delete,0,19,5.9,1,0,0
2025-09-23 12:55:25,user_2825,service,classical,,India,low,catalog,low,update,0,15,1.81,3,0,0
2025-09-23 12:55:30,user_2826,service,classical,,India,high,logs,medium,read,0,29,16.07,1,1,0
2025-09-23 12:55:35,user_2827,employee,pqc,,USA,high,transaction,medium,read,120853,22,10.67,2,0,1
2025-09-23 12:55:40,user_2828,employee,pqc,,EU,high,backend_sync,medium,delete,0,25,8.84,1,0,0
2025-09-23 12:55:45,user_2829,employee,pqc,,USA,low,catalog,high,update,0,22,8.43,0,0,1
2025-09-23 12:55:50,user_2830,third_party,classical,65.0,USA,medium,customer_kyc,medium,delete,0,20,2.21,1,1,0
2025-09-23 12:55:55,user_2831,guest,classical,,India,low,catalog,high,write,0,23,7.96,1,1,1
2025-09-23 12:56:00,user_2832,admin,pqc,,India,medium,logs,low,delete,0,19,14.35,2,1,0
2025-09-23 12:56:05,user_2833,admin,pqc,,USA,low,transaction,high,delete,75141,15,10.25,2,1,1
2025-09-23 12:56:10,user_2834,third_party,classical,65.0,USA,low,customer_kyc,high,update,0,20,2.66,1,0,1
2025-09-23 12:56:15,user_2835,auditor,classical,,EU,low,transaction,medium,read,0,25,6.09,1,1,0
2025-09-23 12:56:20,user_2836,admin,classical,,USA,high,customer_kyc,medium,read,0,27,14.28,4,0,0
2025-09-23 12:56:25,user_2837,guest,classical,,USA,low,backend_sync,low,update,0,20,17.74,3,1,0
2025-09-23 12:56:30,user_2838,auditor,pqc,,EU,medium,logs,medium,read,0,17,10.62,0,1,0
2025-09-23 12:56:35,user_2839,third_party,classical,65.0,USA,low,transaction,low,read,18574,20,2.18,1,0,0
2025-09-23 12:56:40,user_2840,employee,pqc,,India,medium,customer_kyc,low,read,0,28,14.79,2,1,0
2025-09-23 12:56:45,user_2841,auditor,pqc,,EU,medium,payroll,high,read,0,17,16.92,0,0,0
2025-09-23 12:56:50,user_2842,auditor,pqc,,Unknown,low,payroll,high,write,0,17,16.72,1,0,1
2025-09-23 12:56:55,user_2843,service,pqc,,EU,medium,payroll,low,read,0,35,7.83,0,0,0
2025-09-23 12:57:00,user_2844,guest,classical,,India,low,transaction,medium,delete,0,17,9.47,1,1,1
2025-09-23 12:57:05,user_2845,admin,pqc,,USA,low,payroll,low,read,0,22,12.05,0,1,0
2025-09-23 12:57:10,user_2846,admin,classical,,USA,low,backend_sync,high,write,0,16,7.03,2,0,1
2025-09-23 12:57:15,user_2847,guest,classical,,Unknown,high,logs,high,delete,0,18,16.29,0,0,0
2025-09-23 12:57:20,user_2848,third_party,classical,40.0,USA,high,transaction,medium,update,0,23,10.29,0,0,1
2025-09-23 12:57:25,user_2849,employee,classical,,India,medium,customer_kyc,low,delete,0,20,0.95,2,1,0
2025-09-23 12:57:30,user_2850,guest,pqc,,USA,high,customer_kyc,high,delete,0,15,6.58,0,1,1
2025-09-23 12:57:35,user_2851,admin,pqc,,USA,low,customer_kyc,medium,read,0,17,17.37,0,0,0
2025-09-23 12:57:40,user_2852,employee,classical,,USA,low,payroll,high,write,0,18,17.38,1,0,1
2025-09-23 12:57:45,user_2853,service,pqc,,USA,high,customer_kyc,low,update,0,18,12.89,1,0,0
2025-09-23 12:57:50,user_2854,service,pqc,,USA,high,customer_kyc,low,write,0,17,8.66,1,1,0
2025-09-23 12:57:55,user_2855,guest,pqc,,Unknown,high,catalog,low,write,0,26,12.81,1,1,0
2025-09-23 12:58:00,user_2856,guest,classical,,USA,medium,catalog,low,write,0,20,11.92,0,0,0
2025-09-23 12:58:05,user_2857,service,pqc,,Unknown,medium,logs,high,delete,0,20,10.87,1,1,0
2025-09-23 12:58:10,user_2858,guest,pqc,,USA,low,customer_kyc,low,update,0,20,14.6,0,0,1
2025-09-23 12:58:15,user_2859,third_party,classical,40.0,USA,low,customer_kyc,high,update,0,10,10.62,3,0,1
2025-09-23 12:58:20,user_2860,service,pqc,,USA,high,payroll,high,delete,0,14,12.6,1,0,0
2025-09-23 12:58:25,user_2861,admin,classical,,India,high,logs,high,delete,0,29,7.09,0,1,0
2025-09-23 12:58:30,user_2862,service,pqc,,India,low,catalog,high,read,0,20,5.41,2,1,1
2025-09-23 12:58:35,user_2863,service,classical,,EU,high,backend_sync,low,read,0,16,9.43,0,1,0
2025-09-23 12:58:40,user_2864,service,classical,,India,medium,transaction,low,write,0,17,13.37,1,0,0
2025-09-23 12:58:45,user_2865,employee,classical,,USA,medium,catalog,low,update,0,20,0.93,1,1,0
2025-09-23 12:58:50,user_2866,third_party,pqc,40.0,Unknown,medium,catalog,medium,read,0,14,13.12,2,1,1
2025-09-23 12:58:55,user_2867,admin,classical,,India,low,catalog,medium,read,0,18,8.26,0,0,0
2025-09-23 12:59:00,user_2868,third_party,classical,40.0,EU,low,customer_kyc,high,read,0,32,3.78,0,1,1
2025-09-23 12:59:05,user_2869,admin,classical,,EU,medium,transaction,high,read,78226,15,3.09,1,0,0
2025-09-23 12:59:10,user_2870,guest,classical,,Unknown,medium,transaction,low,update,168169,23,6.88,0,1,1
2025-09-23 12:59:15,user_2871,admin,classical,,EU,medium,logs,medium,write,0,24,15.72,0,1,0
2025-09-23 12:59:20,user_2872,employee,classical,,EU,low,backend_sync,medium,write,0,21,2.86,0,1,0
2025-09-23 12:59:25,user_2873,admin,pqc,,EU,high,transaction,high,update,0,24,14.03,0,0,0
2025-09-23 12:59:30,user_2874,employee,classical,,India,medium,transaction,high,write,182552,17,16.41,1,0,1
2025-09-23 12:59:35,user_2875,employee,pqc,,EU,medium,backend_sync,medium,read,0,24,6.79,1,0,0
2025-09-23 12:59:40,user_2876,guest,classical,,USA,high,backend_sync,high,write,0,22,10.56,2,0,0
2025-09-23 12:59:45,user_2877,guest,pqc,,USA,low,logs,low,update,0,14,10.29,3,1,0
2025-09-23 12:59:50,user_2878,third_party,pqc,92.0,Unknown,medium,customer_kyc,low,read,0,15,5.07,2,1,0
2025-09-23 12:59:55,user_2879,third_party,pqc,40.0,EU,low,backend_sync,medium,write,0,16,16.81,1,0,1
2025-09-23 13:00:00,user_2880,admin,pqc,,USA,medium,transaction,high,write,39487,19,15.51,0,0,0
2025-09-23 13:00:05,user_2881,employee,classical,,India,low,logs,low,delete,0,13,8.49,1,1,0
2025-09-23 13:00:10,user_2882,service,pqc,,USA,low,backend_sync,high,delete,0,17,16.32,1,0,1
2025-09-23 13:00:15,user_2883,auditor,pqc,,USA,low,catalog,high,update,0,26,3.23,0,0,1
2025-09-23 13:00:20,user_2884,employee,classical,,EU,low,backend_sync,high,delete,0,25,10.92,5,0,1
2025-09-23 13:00:25,user_2885,employee,classical,,EU,medium,transaction,low,update,0,18,9.49,0,1,0
2025-09-23 13:00:30,user_2886,employee,classical,,USA,low,transaction,medium,delete,0,14,12.27,2,1,0
2025-09-23 13:00:35,user_2887,service,pqc,,EU,low,backend_sync,low,delete,0,23,16.02,0,1,0
2025-09-23 13:00:40,user_2888,service,pqc,,India,high,catalog,high,read,0,24,18.27,2,1,0
2025-09-23 13:00:45,user_2889,guest,classical,,India,low,backend_sync,medium,write,0,22,14.45,0,0,0
2025-09-23 13:00:50,user_2890,admin,pqc,,India,high,logs,high,delete,0,22,8.16,0,0,0
2025-09-23 13:00:55,user_2891,auditor,classical,,USA,low,logs,low,write,0,19,5.21,0,1,0
2025-09-23 13:01:00,user_2892,guest,classical,,Unknown,medium,payroll,low,write,0,21,8.71,1,0,0
2025-09-23 13:01:05,user_2893,admin,classical,,USA,high,backend_sync,medium,update,0,18,1.45,0,0,0
2025-09-23 13:01:10,user_2894,guest,classical,,EU,high,payroll,low,read,0,24,18.41,3,0,0
2025-09-23 13:01:15,user_2895,third_party,classical,65.0,EU,medium,logs,high,read,0,20,4.25,0,0,0
2025-09-23 13:01:20,user_2896,third_party,pqc,40.0,Unknown,medium,logs,low,write,0,18,10.91,1,0,1
2025-09-23 13:01:25,user_2897,auditor,pqc,,Unknown,medium,catalog,high,delete,0,17,10.51,0,0,0
2025-09-23 13:01:30,user_2898,service,classical,,EU,high,backend_sync,medium,delete,0,22,1.71,0,1,0
2025-09-23 13:01:35,user_2899,employee,pqc,,EU,low,transaction,high,read,103284,18,5.6,2,0,1
2025-09-23 13:01:40,user_2900,employee,pqc,,Unknown,low,customer_kyc,low,write,0,31,16.76,0,1,0
2025-09-23 13:01:45,user_2901,employee,pqc,,EU,high,customer_kyc,low,write,0,15,5.89,1,1,0
2025-09-23 13:01:50,user_2902,guest,classical,,Unknown,high,transaction,high,delete,0,15,17.12,0,1,1
2025-09-23 13:01:55,user_2903,auditor,pqc,,EU,high,payroll,medium,delete,0,19,8.21,1,0,0
2025-09-23 13:02:00,user_2904,admin,pqc,,India,low,transaction,low,read,143503,18,3.85,1,0,1
2025-09-23 13:02:05,user_2905,admin,classical,,EU,low,payroll,medium,update,0,19,2.99,1,1,0
2025-09-23 13:02:10,user_2906,admin,classical,,Unknown,medium,payroll,medium,write,0,28,12.86,3,1,0
2025-09-23 13:02:15,user_2907,auditor,pqc,,USA,medium,logs,low,update,0,37,7.92,1,1,0
2025-09-23 13:02:20,user_2908,guest,pqc,,Unknown,medium,transaction,medium,write,0,32,4.48,3,0,1
2025-09-23 13:02:25,user_2909,third_party,classical,40.0,Unknown,medium,backend_sync,medium,write,0,18,9.69,0,0,1
2025-09-23 13:02:30,user_2910,admin,classical,,India,medium,transaction,low,read,0,23,7.87,0,1,0
2025-09-23 13:02:35,user_2911,service,pqc,,Unknown,high,transaction,medium,delete,97187,19,0.33,1,0,0
2025-09-23 13:02:40,user_2912,admin,pqc,,USA,high,backend_sync,medium,delete,0,19,13.36,1,1,0
2025-09-23 13:02:45,user_2913,auditor,pqc,,India,high,logs,medium,write,0,25,7.54,1,1,0
2025-09-23 13:02:50,user_2914,guest,classical,,India,low,customer_kyc,high,write,0,18,6.16,0,0,1
2025-09-23 13:02:55,user_2915,auditor,pqc,,India,medium,customer_kyc,high,update,0,24,3.99,0,0,0
2025-09-23 13:03:00,user_2916,auditor,pqc,,India,high,payroll,high,delete,0,25,17.52,1,0,0
2025-09-23 13:03:05,user_2917,guest,classical,,EU,medium,transaction,low,update,0,17,4.44,0,0,1
2025-09-23 13:03:10,user_2918,auditor,pqc,,USA,medium,backend_sync,medium,update,0,15,8.75,1,1,0
2025-09-23 13:03:15,user_2919,service,classical,,USA,high,logs,low,delete,0,15,0.24,1,1,0
2025-09-23 13:03:20,user_2920,auditor,pqc,,Unknown,low,logs,high,write,0,25,5.77,0,1,1
2025-09-23 13:03:25,user_2921,admin,pqc,,EU,high,transaction,high,read,0,21,2.86,0,1,0
2025-09-23 13:03:30,user_2922,third_party,classical,40.0,EU,medium,customer_kyc,low,read,0,19,5.33,1,1,1
2025-09-23 13:03:35,user_2923,auditor,pqc,,EU,medium,logs,low,delete,0,17,8.58,2,0,0
2025-09-23 13:03:40,user_2924,service,classical,,India,low,logs,high,write,0,23,8.14,0,0,1
2025-09-23 13:03:45,user_2925,employee,pqc,,India,medium,catalog,medium,delete,0,18,10.79,0,1,0
2025-09-23 13:03:50,user_2926,service,pqc,,Unknown,low,backend_sync,high,write,0,21,8.4,0,0,1
2025-09-23 13:03:55,user_2927,employee,classical,,India,low,catalog,high,write,0,23,9.73,3,1,1
2025-09-23 13:04:00,user_2928,service,classical,,EU,medium,customer_kyc,low,write,0,13,12.62,1,0,0
2025-09-23 13:04:05,user_2929,admin,pqc,,Unknown,high,catalog,medium,update,0,32,1.93,2,1,0
2025-09-23 13:04:10,user_2930,third_party,classical,92.0,India,medium,backend_sync,low,delete,0,13,14.23,0,0,0
2025-09-23 13:04:15,user_2931,service,classical,,USA,high,backend_sync,low,update,0,25,8.68,1,1,0
2025-09-23 13:04:20,user_2932,guest,pqc,,EU,high,catalog,high,delete,0,23,9.98,1,1,0
2025-09-23 13:04:25,user_2933,guest,classical,,India,high,payroll,medium,write,0,16,16.32,0,0,0
2025-09-23 13:04:30,user_2934,employee,classical,,EU,medium,backend_sync,medium,read,0,27,13.22,0,1,0
2025-09-23 13:04:35,user_2935,third_party,classical,92.0,USA,medium,transaction,medium,update,40261,10,4.49,3,1,0
2025-09-23 13:04:40,user_2936,auditor,classical,,EU,medium,backend_sync,medium,delete,0,18,10.87,0,1,0
2025-09-23 13:04:45,user_2937,service,pqc,,USA,high,catalog,medium,read,0,16,11.69,1,0,0
2025-09-23 13:04:50,user_2938,service,pqc,,EU,high,transaction,high,read,49116,29,11.89,0,1,0
2025-09-23 13:04:55,user_2939,service,classical,,India,high,catalog,medium,delete,0,17,1.67,1,1,0
2025-09-23 13:05:00,user_2940,auditor,pqc,,Unknown,medium,transaction,medium,write,57331,22,0.35,1,1,0
2025-09-23 13:05:05,user_2941,auditor,pqc,,Unknown,high,logs,medium,read,0,21,5.9,0,0,0
2025-09-23 13:05:10,user_2942,guest,classical,,EU,high,customer_kyc,medium,read,0,16,15.6,1,1,1
2025-09-23 13:05:15,user_2943,admin,classical,,USA,medium,logs,high,update,0,26,15.32,1,0,0
2025-09-23 13:05:20,user_2944,service,pqc,,EU,medium,catalog,medium,update,0,25,4.1,0,0,0
2025-09-23 13:05:25,user_2945,auditor,pqc,,Unknown,low,logs,medium,read,0,26,7.59,1,1,0
2025-09-23 13:05:30,user_2946,auditor,pqc,,USA,high,transaction,low,delete,24782,14,1.87,1,0,0
2025-09-23 13:05:35,user_2947,employee,classical,,USA,high,catalog,medium,read,0,23,9.13,0,1,0
2025-09-23 13:05:40,user_2948,service,pqc,,India,low,payroll,low,update,0,15,7.05,2,0,0
2025-09-23 13:05:45,user_2949,employee,pqc,,USA,high,backend_sync,high,read,0,16,0.35,1,1,0
2025-09-23 13:05:50,user_2950,guest,classical,,USA,medium,logs,medium,write,0,14,3.94,2,0,0
2025-09-23 13:05:55,user_2951,service,pqc,,India,medium,customer_kyc,low,update,0,23,6.1,1,1,0
2025-09-23 13:06:00,user_2952,third_party,pqc,40.0,Unknown,low,catalog,high,read,0,16,9.93,1,0,1
2025-09-23 13:06:05,user_2953,admin,classical,,Unknown,medium,catalog,high,read,0,22,12.86,3,1,0
2025-09-23 13:06:10,user_2954,service,classical,,Unknown,low,backend_sync,medium,update,0,22,10.93,3,0,0
2025-09-23 13:06:15,user_2955,auditor,pqc,,EU,medium,payroll,low,delete,0,28,11.58,0,0,0
2025-09-23 13:06:20,user_2956,service,pqc,,Unknown,high,customer_kyc,high,read,0,15,15.79,2,1,0
2025-09-23 13:06:25,user_2957,third_party,pqc,92.0,Unknown,high,backend_sync,low,write,0,25,18.46,1,1,0
2025-09-23 13:06:30,user_2958,service,pqc,,USA,medium,backend_sync,high,write,0,22,1.58,1,0,0
2025-09-23 13:06:35,user_2959,guest,pqc,,Unknown,low,transaction,high,read,102741,15,9.87,1,0,1
2025-09-23 13:06:40,user_2960,auditor,pqc,,EU,medium,payroll,high,update,0,21,11.51,1,1,0
2025-09-23 13:06:45,user_2961,auditor,classical,,India,low,customer_kyc,high,read,0,12,0.14,0,1,1
2025-09-23 13:06:50,user_2962,third_party,classical,40.0,Unknown,low,catalog,high,read,0,16,6.45,0,1,1
2025-09-23 13:06:55,user_2963,guest,classical,,India,low,payroll,medium,write,0,23,7.49,2,1,0
2025-09-23 13:07:00,user_2964,admin,classical,,EU,low,transaction,low,write,133515,15,11.16,1,0,1
2025-09-23 13:07:05,user_2965,service,pqc,,USA,medium,transaction,medium,update,0,18,19.4,1,1,0
2025-09-23 13:07:10,user_2966,third_party,classical,40.0,India,low,customer_kyc,low,read,0,24,6.33,0,0,1
2025-09-23 13:07:15,user_2967,auditor,classical,,EU,high,catalog,medium,delete,0,17,7.99,1,1,0
2025-09-23 13:07:20,user_2968,employee,classical,,USA,low,catalog,medium,read,0,16,11.24,2,0,0
2025-09-23 13:07:25,user_2969,service,pqc,,EU,low,payroll,medium,update,0,20,13.77,1,0,0
2025-09-23 13:07:30,user_2970,guest,pqc,,USA,medium,logs,medium,delete,0,30,6.72,0,1,0
2025-09-23 13:07:35,user_2971,auditor,pqc,,EU,high,catalog,low,delete,0,19,8.4,1,1,0
2025-09-23 13:07:40,user_2972,service,classical,,Unknown,low,payroll,high,write,0,22,9.84,2,0,1
2025-09-23 13:07:45,user_2973,admin,classical,,India,low,customer_kyc,medium,update,0,27,10.17,1,1,0
2025-09-23 13:07:50,user_2974,employee,classical,,Unknown,low,customer_kyc,medium,update,0,25,11.27,3,1,0
2025-09-23 13:07:55,user_2975,third_party,pqc,40.0,EU,high,transaction,low,delete,0,22,5.84,0,1,1
2025-09-23 13:08:00,user_2976,employee,pqc,,EU,high,payroll,low,read,0,18,11.9,0,0,0
2025-09-23 13:08:05,user_2977,admin,classical,,USA,low,customer_kyc,high,write,0,18,17.99,0,1,1
2025-09-23 13:08:10,user_2978,auditor,pqc,,India,medium,logs,low,update,0,19,5.01,0,0,0
2025-09-23 13:08:15,user_2979,auditor,classical,,EU,high,logs,medium,write,0,20,17.01,0,0,0
2025-09-23 13:08:20,user_2980,employee,pqc,,Unknown,high,catalog,low,write,0,17,17.01,3,0,0
2025-09-23 13:08:25,user_2981,admin,pqc,,India,medium,catalog,medium,write,0,11,9.95,1,0,0
2025-09-23 13:08:30,user_2982,employee,pqc,,India,low,customer_kyc,high,write,0,13,15.93,1,1,1
2025-09-23 13:08:35,user_2983,employee,classical,,India,high,transaction,high,delete,59156,26,11.89,1,1,0
2025-09-23 13:08:40,user_2984,auditor,classical,,EU,high,payroll,high,read,0,22,10.49,0,0,0
2025-09-23 13:08:45,user_2985,employee,pqc,,USA,high,backend_sync,low,read,0,15,16.4,1,0,0
2025-09-23 13:08:50,user_2986,guest,classical,,EU,medium,catalog,low,update,0,25,13.15,0,1,0
2025-09-23 13:08:55,user_2987,employee,classical,,Unknown,high,payroll,high,read,0,26,10.95,0,1,0
2025-09-23 13:09:00,user_2988,employee,pqc,,USA,medium,backend_sync,medium,update,0,19,9.77,1,1,0
2025-09-23 13:09:05,user_2989,admin,pqc,,India,high,payroll,medium,write,0,16,3.41,1,0,0
2025-09-23 13:09:10,user_2990,admin,classical,,India,medium,catalog,medium,delete,0,16,9.16,3,0,0
2025-09-23 13:09:15,user_2991,employee,pqc,,Unknown,high,customer_kyc,medium,write,0,18,3.6,0,1,0
2025-09-23 13:09:20,user_2992,employee,classical,,Unknown,low,customer_kyc,low,read,0,23,1.88,1,0,0
2025-09-23 13:09:25,user_2993,employee,classical,,Unknown,low,customer_kyc,low,update,0,22,3.01,1,1,0
2025-09-23 13:09:30,user_2994,auditor,pqc,,USA,low,backend_sync,medium,read,0,28,11.93,0,0,0
2025-09-23 13:09:35,user_2995,guest,pqc,,EU,high,catalog,low,update,0,9,7.53,3,1,0
2025-09-23 13:09:40,user_2996,third_party,pqc,65.0,EU,high,customer_kyc,high,delete,0,24,10.08,1,1,0
2025-09-23 13:09:45,user_2997,employee,pqc,,EU,low,backend_sync,medium,read,0,22,18.38,1,1,0
2025-09-23 13:09:50,user_2998,auditor,classical,,EU,high,payroll,medium,delete,0,30,12.25,0,0,0
2025-09-23 13:09:55,user_2999,service,pqc,,India,medium,payroll,medium,read,0,19,15.58,1,0,0
2025-09-23 13:10:00,user_3000,third_party,pqc,40.0,EU,low,catalog,low,read,0,19,6.39,1,1,1
2025-09-23 13:10:05,user_3001,service,classical,,USA,low,logs,low,read,0,14,17.73,0,1,0
2025-09-23 13:10:10,user_3002,guest,pqc,,India,high,backend_sync,high,update,0,28,19.23,1,0,0
2025-09-23 13:10:15,user_3003,third_party,classical,65.0,EU,low,logs,medium,write,0,16,12.49,0,1,0
2025-09-23 13:10:20,user_3004,auditor,classical,,India,high,backend_sync,high,write,0,19,3.15,1,1,0
2025-09-23 13:10:25,user_3005,service,pqc,,India,high,payroll,low,write,0,12,13.3,1,0,0
2025-09-23 13:10:30,user_3006,guest,classical,,USA,low,backend_sync,medium,update,0,17,16.63,1,1,0
2025-09-23 13:10:35,user_3007,third_party,classical,65.0,USA,low,transaction,low,read,0,19,3.28,2,1,0
2025-09-23 13:10:40,user_3008,admin,pqc,,USA,medium,catalog,medium,write,0,23,14.15,1,0,0
2025-09-23 13:10:45,user_3009,auditor,classical,,EU,high,backend_sync,medium,read,0,20,2.86,0,1,0
2025-09-23 13:10:50,user_3010,service,classical,,USA,medium,payroll,medium,write,0,20,15.93,1,0,0
2025-09-23 13:10:55,user_3011,admin,classical,,EU,medium,catalog,medium,update,0,35,13.41,2,0,0
2025-09-23 13:11:00,user_3012,guest,pqc,,India,high,backend_sync,low,delete,0,17,12.72,3,0,0
2025-09-23 13:11:05,user_3013,guest,classical,,EU,high,payroll,high,update,0,28,0.87,0,0,0
2025-09-23 13:11:10,user_3014,guest,classical,,EU,low,logs,high,delete,0,22,14.6,1,1,1
2025-09-23 13:11:15,user_3015,third_party,pqc,40.0,EU,medium,logs,medium,read,0,12,6.24,0,1,1
2025-09-23 13:11:20,user_3016,admin,classical,,EU,medium,payroll,low,read,0,16,10.94,0,0,0
2025-09-23 13:11:25,user_3017,guest,classical,,USA,low,payroll,high,write,0,20,10.49,0,1,1
2025-09-23 13:11:30,user_3018,guest,pqc,,EU,low,payroll,high,delete,0,17,19.01,2,1,1
2025-09-23 13:11:35,user_3019,service,classical,,Unknown,medium,backend_sync,low,delete,0,19,12.92,1,1,0
2025-09-23 13:11:40,user_3020,service,classical,,EU,medium,customer_kyc,medium,read,0,11,14.45,0,0,0
2025-09-23 13:11:45,user_3021,admin,pqc,,USA,medium,backend_sync,low,delete,0,17,8.01,1,1,0
2025-09-23 13:11:50,user_3022,admin,classical,,Unknown,low,logs,high,update,0,17,9.36,1,1,1
2025-09-23 13:11:55,user_3023,auditor,pqc,,EU,medium,customer_kyc,medium,update,0,22,11.83,2,0,0
2025-09-23 13:12:00,user_3024,employee,classical,,India,low,payroll,low,write,0,19,8.01,0,1,0
2025-09-23 13:12:05,user_3025,service,pqc,,USA,high,payroll,low,update,0,17,6.96,1,1,0
2025-09-23 13:12:10,user_3026,employee,pqc,,EU,medium,backend_sync,medium,delete,0,23,11.25,2,1,0
2025-09-23 13:12:15,user_3027,auditor,classical,,India,medium,backend_sync,medium,write,0,24,18.31,0,1,0
2025-09-23 13:12:20,user_3028,service,pqc,,USA,medium,logs,high,update,0,14,8.6,0,0,0
2025-09-23 13:12:25,user_3029,admin,pqc,,Unknown,low,payroll,high,delete,0,19,9.16,1,0,1
2025-09-23 13:12:30,user_3030,auditor,pqc,,India,high,transaction,medium,delete,0,28,9.6,2,0,0
2025-09-23 13:12:35,user_3031,guest,pqc,,EU,medium,backend_sync,low,write,0,22,14.16,1,0,0
2025-09-23 13:12:40,user_3032,employee,pqc,,Unknown,low,backend_sync,medium,update,0,25,16.23,1,1,0
2025-09-23 13:12:45,user_3033,third_party,pqc,65.0,India,high,catalog,medium,update,0,17,10.68,0,0,0
2025-09-23 13:12:50,user_3034,auditor,classical,,EU,low,logs,high,read,0,18,11.98,1,1,1
2025-09-23 13:12:55,user_3035,service,pqc,,USA,medium,logs,high,write,0,18,9.19,1,1,0
2025-09-23 13:13:00,user_3036,auditor,pqc,,EU,high,catalog,low,update,0,23,4.45,0,0,0
2025-09-23 13:13:05,user_3037,auditor,pqc,,EU,medium,catalog,high,write,0,22,14.99,1,1,0
2025-09-23 13:13:10,user_3038,employee,classical,,USA,medium,catalog,medium,read,0,17,9.28,0,0,0
2025-09-23 13:13:15,user_3039,auditor,classical,,USA,low,customer_kyc,low,delete,0,20,12.89,1,1,0
2025-09-23 13:13:20,user_3040,admin,pqc,,Unknown,medium,customer_kyc,low,write,0,18,11.67,1,0,0
2025-09-23 13:13:25,user_3041,auditor,pqc,,USA,low,payroll,low,read,0,25,8.27,1,0,0
2025-09-23 13:13:30,user_3042,admin,pqc,,Unknown,medium,backend_sync,low,update,0,21,18.73,1,0,0
2025-09-23 13:13:35,user_3043,guest,pqc,,USA,high,catalog,low,write,0,20,18.4,0,1,0
2025-09-23 13:13:40,user_3044,third_party,pqc,65.0,India,high,catalog,medium,read,0,24,1.89,1,1,0
2025-09-23 13:13:45,user_3045,guest,classical,,India,low,transaction,high,read,0,24,19.73,0,1,1
2025-09-23 13:13:50,user_3046,service,pqc,,Unknown,low,logs,low,update,0,21,13.95,2,1,0
2025-09-23 13:13:55,user_3047,guest,pqc,,India,low,transaction,high,write,0,21,14.08,0,1,1
2025-09-23 13:14:00,user_3048,employee,classical,,India,high,logs,low,delete,0,27,13.06,0,0,0
2025-09-23 13:14:05,user_3049,guest,classical,,India,medium,backend_sync,medium,write,0,18,1.36,0,0,0
2025-09-23 13:14:10,user_3050,auditor,classical,,India,medium,transaction,low,update,0,20,8.76,0,1,0
2025-09-23 13:14:15,user_3051,admin,classical,,USA,medium,customer_kyc,medium,delete,0,19,10.75,1,0,0
2025-09-23 13:14:20,user_3052,auditor,pqc,,India,low,payroll,medium,update,0,15,8.27,0,1,0
2025-09-23 13:14:25,user_3053,third_party,pqc,40.0,EU,high,customer_kyc,medium,read,0,24,17.47,1,1,1
2025-09-23 13:14:30,user_3054,employee,pqc,,EU,medium,catalog,low,delete,0,12,1.14,0,1,0
2025-09-23 13:14:35,user_3055,employee,pqc,,EU,high,transaction,high,delete,0,19,2.23,1,0,0
2025-09-23 13:14:40,user_3056,admin,classical,,Unknown,high,backend_sync,low,delete,0,16,11.62,2,1,0
2025-09-23 13:14:45,user_3057,service,classical,,EU,medium,payroll,high,read,0,20,0.77,0,1,0
2025-09-23 13:14:50,user_3058,service,classical,,EU,medium,backend_sync,high,write,0,28,7.88,1,1,0
2025-09-23 13:14:55,user_3059,service,pqc,,USA,high,customer_kyc,low,update,0,14,12.59,2,0,0
2025-09-23 13:15:00,user_3060,third_party,classical,65.0,Unknown,low,backend_sync,medium,read,0,21,12.36,0,1,0
2025-09-23 13:15:05,user_3061,third_party,pqc,92.0,EU,high,transaction,medium,update,7116,19,5.56,3,1,0
2025-09-23 13:15:10,user_3062,third_party,pqc,92.0,USA,medium,catalog,medium,update,0,21,5.09,1,1,0
2025-09-23 13:15:15,user_3063,auditor,pqc,,India,low,customer_kyc,medium,delete,0,19,17.5,0,0,0
2025-09-23 13:15:20,user_3064,guest,classical,,Unknown,high,catalog,high,delete,0,21,0.28,3,1,0
2025-09-23 13:15:25,user_3065,third_party,pqc,40.0,Unknown,medium,catalog,medium,write,0,31,8.68,0,1,1
2025-09-23 13:15:30,user_3066,admin,classical,,USA,medium,payroll,high,delete,0,25,8.65,1,0,0
2025-09-23 13:15:35,user_3067,auditor,classical,,EU,low,catalog,medium,write,0,25,8.04,2,0,0
2025-09-23 13:15:40,user_3068,third_party,classical,65.0,USA,low,customer_kyc,medium,delete,0,14,4.08,3,0,0
2025-09-23 13:15:45,user_3069,admin,pqc,,EU,high,customer_kyc,low,update,0,18,5.74,0,1,0
2025-09-23 13:15:50,user_3070,employee,classical,,USA,low,customer_kyc,high,write,0,30,15.51,1,0,1
2025-09-23 13:15:55,user_3071,service,classical,,EU,low,payroll,high,write,0,21,10.47,2,1,1
2025-09-23 13:16:00,user_3072,admin,pqc,,EU,low,customer_kyc,medium,write,0,24,2.57,0,1,0
2025-09-23 13:16:05,user_3073,guest,pqc,,EU,medium,payroll,medium,write,0,20,2.95,1,0,0
2025-09-23 13:16:10,user_3074,guest,pqc,,Unknown,low,backend_sync,medium,read,0,20,7.08,1,1,0
2025-09-23 13:16:15,user_3075,service,pqc,,EU,low,customer_kyc,high,write,0,19,15.97,0,0,1
2025-09-23 13:16:20,user_3076,employee,classical,,EU,medium,logs,medium,update,0,14,11.01,0,0,0
2025-09-23 13:16:25,user_3077,employee,classical,,USA,low,catalog,medium,write,0,21,8.83,0,1,0
2025-09-23 13:16:30,user_3078,service,classical,,EU,high,customer_kyc,low,delete,0,19,13.93,0,0,0
2025-09-23 13:16:35,user_3079,guest,classical,,EU,medium,transaction,medium,update,0,16,12.02,1,0,1
2025-09-23 13:16:40,user_3080,guest,classical,,USA,high,payroll,medium,read,0,28,14.71,0,0,0
2025-09-23 13:16:45,user_3081,admin,pqc,,Unknown,low,transaction,low,delete,0,19,14.16,2,1,0
2025-09-23 13:16:50,user_3082,third_party,pqc,92.0,EU,high,logs,low,delete,0,36,12.3,2,0,0
2025-09-23 13:16:55,user_3083,third_party,classical,40.0,USA,low,logs,medium,read,0,24,17.23,0,0,1
2025-09-23 13:17:00,user_3084,third_party,pqc,65.0,Unknown,high,customer_kyc,medium,delete,0,20,4.08,2,0,0
2025-09-23 13:17:05,user_3085,guest,pqc,,USA,medium,customer_kyc,high,write,0,13,18.91,1,0,1
2025-09-23 13:17:10,user_3086,third_party,pqc,40.0,Unknown,low,customer_kyc,medium,delete,0,18,15.38,1,0,1
2025-09-23 13:17:15,user_3087,employee,classical,,USA,medium,transaction,low,read,0,24,19.17,3,1,0
2025-09-23 13:17:20,user_3088,guest,classical,,Unknown,medium,customer_kyc,medium,write,0,19,11.86,2,1,1
2025-09-23 13:17:25,user_3089,guest,classical,,India,medium,logs,medium,write,0,20,4.6,0,1,0
2025-09-23 13:17:30,user_3090,auditor,pqc,,EU,high,customer_kyc,low,update,0,24,1.94,1,1,0
2025-09-23 13:17:35,user_3091,admin,pqc,,EU,low,transaction,high,write,181837,14,15.29,0,1,1
2025-09-23 13:17:40,user_3092,third_party,pqc,40.0,India,medium,transaction,low,write,73387,22,11.87,0,1,1
2025-09-23 13:17:45,user_3093,admin,pqc,,India,high,payroll,medium,write,0,32,13.09,0,1,0
2025-09-23 13:17:50,user_3094,guest,pqc,,India,low,payroll,low,read,0,35,16.63,1,0,0
2025-09-23 13:17:55,user_3095,admin,pqc,,India,low,backend_sync,medium,read,0,22,2.89,2,1,0
2025-09-23 13:18:00,user_3096,admin,classical,,EU,low,transaction,high,write,52094,24,17.98,1,1,1
2025-09-23 13:18:05,user_3097,employee,pqc,,India,medium,logs,medium,update,0,19,13.84,0,0,0
2025-09-23 13:18:10,user_3098,admin,pqc,,Unknown,medium,payroll,medium,delete,0,25,6.05,1,1,0
2025-09-23 13:18:15,user_3099,admin,classical,,Unknown,low,backend_sync,high,read,0,21,0.16,2,0,1
2025-09-23 13:18:20,user_3100,guest,pqc,,India,low,logs,low,update,0,27,11.09,0,0,0
2025-09-23 13:18:25,user_3101,admin,pqc,,EU,high,backend_sync,low,read,0,22,1.25,0,0,0
2025-09-23 13:18:30,user_3102,service,classical,,Unknown,high,customer_kyc,high,delete,0,19,8.04,2,0,0
2025-09-23 13:18:35,user_3103,admin,pqc,,India,medium,transaction,medium,update,0,19,16.81,1,0,0
2025-09-23 13:18:40,user_3104,guest,pqc,,USA,low,transaction,low,read,189921,26,6.14,0,0,1
2025-09-23 13:18:45,user_3105,guest,pqc,,Unknown,high,backend_sync,low,write,0,23,7.84,1,1,0
2025-09-23 13:18:50,user_3106,third_party,pqc,92.0,EU,low,catalog,medium,delete,0,24,10.69,3,0,0
2025-09-23 13:18:55,user_3107,admin,pqc,,India,medium,transaction,high,update,172832,26,16.37,0,0,1
2025-09-23 13:19:00,user_3108,auditor,classical,,Unknown,medium,catalog,high,write,0,15,8.37,0,1,0
2025-09-23 13:19:05,user_3109,guest,classical,,EU,high,customer_kyc,low,read,0,26,10.44,0,0,1
2025-09-23 13:19:10,user_3110,guest,classical,,EU,medium,backend_sync,medium,write,0,17,15.73,3,1,0
2025-09-23 13:19:15,user_3111,admin,pqc,,India,medium,customer_kyc,medium,delete,0,22,6.26,0,0,0
2025-09-23 13:19:20,user_3112,third_party,pqc,65.0,EU,low,payroll,medium,delete,0,23,4.04,0,0,0
2025-09-23 13:19:25,user_3113,third_party,pqc,92.0,USA,low,customer_kyc,high,read,0,26,3.86,2,0,1
2025-09-23 13:19:30,user_3114,auditor,classical,,EU,low,customer_kyc,medium,delete,0,19,10.49,1,1,0
2025-09-23 13:19:35,user_3115,admin,classical,,EU,low,payroll,high,read,0,27,5.89,2,0,1
2025-09-23 13:19:40,user_3116,admin,pqc,,USA,high,payroll,high,update,0,14,11.25,0,0,0
2025-09-23 13:19:45,user_3117,guest,pqc,,EU,low,backend_sync,high,delete,0,20,10.53,1,1,1
2025-09-23 13:19:50,user_3118,service,pqc,,Unknown,medium,catalog,low,write,0,15,13.33,0,0,0
2025-09-23 13:19:55,user_3119,service,pqc,,India,low,customer_kyc,high,write,0,23,13.19,1,0,1
2025-09-23 13:20:00,user_3120,auditor,pqc,,EU,low,catalog,high,read,0,28,8.13,1,1,1
2025-09-23 13:20:05,user_3121,guest,pqc,,India,low,logs,low,update,0,20,17.72,2,1,0
2025-09-23 13:20:10,user_3122,auditor,classical,,Unknown,high,payroll,low,delete,0,20,19.6,2,1,0
2025-09-23 13:20:15,user_3123,admin,classical,,USA,high,catalog,high,delete,0,24,9.47,1,0,0
2025-09-23 13:20:20,user_3124,guest,pqc,,USA,high,logs,high,read,0,18,10.22,0,0,0
2025-09-23 13:20:25,user_3125,service,pqc,,India,medium,customer_kyc,medium,delete,0,14,17.3,0,0,0
2025-09-23 13:20:30,user_3126,guest,pqc,,India,low,catalog,low,read,0,17,9.52,1,1,0
2025-09-23 13:20:35,user_3127,service,classical,,EU,high,transaction,medium,write,0,25,8.23,0,1,0
2025-09-23 13:20:40,user_3128,employee,pqc,,EU,medium,catalog,low,write,0,19,6.81,0,1,0
2025-09-23 13:20:45,user_3129,auditor,pqc,,EU,low,transaction,low,write,0,21,6.83,2,1,0
2025-09-23 13:20:50,user_3130,auditor,classical,,USA,low,catalog,high,read,0,24,13.29,0,0,1
2025-09-23 13:20:55,user_3131,guest,pqc,,India,low,transaction,high,read,13698,14,12.7,1,0,1
2025-09-23 13:21:00,user_3132,service,classical,,India,high,logs,high,read,0,21,11.12,2,0,0
2025-09-23 13:21:05,user_3133,third_party,classical,65.0,Unknown,low,transaction,high,write,8006,27,10.24,3,1,1
2025-09-23 13:21:10,user_3134,employee,pqc,,USA,high,payroll,high,delete,0,21,7.56,0,1,0
2025-09-23 13:21:15,user_3135,admin,classical,,USA,medium,catalog,high,read,0,20,15.67,1,0,0
2025-09-23 13:21:20,user_3136,admin,pqc,,EU,low,backend_sync,high,update,0,16,11.42,0,1,1
2025-09-23 13:21:25,user_3137,guest,classical,,USA,high,backend_sync,high,update,0,25,9.21,0,0,0
2025-09-23 13:21:30,user_3138,third_party,pqc,65.0,Unknown,medium,logs,low,read,0,20,11.05,1,0,0
2025-09-23 13:21:35,user_3139,auditor,classical,,USA,high,backend_sync,medium,read,0,25,13.24,0,0,0
2025-09-23 13:21:40,user_3140,guest,pqc,,Unknown,medium,customer_kyc,medium,read,0,21,5.74,0,1,1
2025-09-23 13:21:45,user_3141,employee,pqc,,Unknown,low,customer_kyc,medium,update,0,15,3.23,1,0,0
2025-09-23 13:21:50,user_3142,admin,pqc,,EU,medium,catalog,high,update,0,16,14.13,2,0,0
2025-09-23 13:21:55,user_3143,third_party,classical,92.0,Unknown,high,customer_kyc,medium,read,0,19,5.19,0,0,0
2025-09-23 13:22:00,user_3144,service,pqc,,India,high,customer_kyc,high,write,0,19,2.61,0,1,0
2025-09-23 13:22:05,user_3145,employee,pqc,,India,high,logs,high,write,0,24,18.32,1,0,0
2025-09-23 13:22:10,user_3146,employee,classical,,India,low,backend_sync,high,delete,0,16,13.14,1,0,1
2025-09-23 13:22:15,user_3147,admin,classical,,EU,medium,backend_sync,medium,write,0,15,4.02,1,1,0
2025-09-23 13:22:20,user_3148,guest,pqc,,USA,low,transaction,medium,read,0,16,16.58,0,1,1
2025-09-23 13:22:25,user_3149,auditor,classical,,EU,high,catalog,low,update,0,23,6.37,2,1,0
2025-09-23 13:22:30,user_3150,third_party,classical,92.0,USA,medium,payroll,high,write,0,22,3.14,1,1,0
2025-09-23 13:22:35,user_3151,admin,classical,,USA,medium,transaction,medium,read,0,14,8.37,2,1,0
2025-09-23 13:22:40,user_3152,auditor,pqc,,Unknown,low,catalog,low,read,0,12,12.27,0,0,0
2025-09-23 13:22:45,user_3153,auditor,classical,,EU,medium,catalog,high,update,0,21,23.71,2,0,0
2025-09-23 13:22:50,user_3154,service,pqc,,Unknown,high,logs,medium,delete,0,19,11.51,1,0,0
2025-09-23 13:22:55,user_3155,admin,classical,,USA,medium,catalog,low,read,0,17,9.9,2,0,0
2025-09-23 13:23:00,user_3156,employee,classical,,EU,high,payroll,medium,update,0,25,11.45,2,1,0
2025-09-23 13:23:05,user_3157,auditor,pqc,,India,medium,logs,medium,write,0,24,14.9,2,1,0
2025-09-23 13:23:10,user_3158,service,classical,,India,low,transaction,high,read,141975,18,9.28,0,0,1
2025-09-23 13:23:15,user_3159,employee,pqc,,USA,high,backend_sync,low,write,0,25,10.47,0,1,0
2025-09-23 13:23:20,user_3160,service,pqc,,India,low,transaction,medium,update,0,15,2.68,2,0,0
2025-09-23 13:23:25,user_3161,employee,classical,,USA,low,backend_sync,high,write,0,13,16.35,0,1,1
2025-09-23 13:23:30,user_3162,employee,pqc,,USA,medium,backend_sync,high,write,0,14,4.79,0,0,0
2025-09-23 13:23:35,user_3163,third_party,pqc,65.0,EU,medium,transaction,high,delete,0,16,2.24,0,1,0
2025-09-23 13:23:40,user_3164,third_party,pqc,92.0,India,low,transaction,high,write,0,28,8.73,0,0,1
2025-09-23 13:23:45,user_3165,admin,pqc,,USA,medium,catalog,low,update,0,24,7.26,0,0,0
2025-09-23 13:23:50,user_3166,auditor,pqc,,Unknown,high,logs,medium,delete,0,28,8.16,1,0,0
2025-09-23 13:23:55,user_3167,service,pqc,,Unknown,low,payroll,medium,write,0,19,1.44,1,0,0
2025-09-23 13:24:00,user_3168,third_party,classical,92.0,Unknown,low,logs,medium,write,0,14,12.42,1,1,0
2025-09-23 13:24:05,user_3169,admin,pqc,,India,medium,payroll,low,read,0,24,0.83,2,1,0
2025-09-23 13:24:10,user_3170,admin,pqc,,India,high,payroll,medium,read,0,24,14.33,1,0,0
2025-09-23 13:24:15,user_3171,auditor,classical,,India,medium,transaction,medium,update,0,22,9.1,0,1,0
2025-09-23 13:24:20,user_3172,auditor,classical,,India,medium,catalog,medium,update,0,11,7.82,1,0,0
2025-09-23 13:24:25,user_3173,third_party,pqc,40.0,Unknown,low,catalog,medium,read,0,27,11.97,0,0,1
2025-09-23 13:24:30,user_3174,guest,classical,,Unknown,low,customer_kyc,medium,delete,0,21,13.47,1,0,1
2025-09-23 13:24:35,user_3175,auditor,classical,,Unknown,low,payroll,medium,write,0,26,7.71,1,0,0
2025-09-23 13:24:40,user_3176,guest,classical,,India,high,catalog,low,delete,0,20,2.33,1,1,0
2025-09-23 13:24:45,user_3177,service,classical,,EU,high,customer_kyc,low,write,0,12,13.8,4,1,0
2025-09-23 13:24:50,user_3178,third_party,pqc,92.0,India,low,logs,low,write,0,11,7.39,1,0,0
2025-09-23 13:24:55,user_3179,employee,pqc,,India,low,backend_sync,medium,update,0,23,11.88,0,1,0
2025-09-23 13:25:00,user_3180,admin,pqc,,EU,medium,logs,high,read,0,14,8.97,2,0,0
2025-09-23 13:25:05,user_3181,admin,pqc,,India,low,backend_sync,medium,write,0,17,9.79,0,1,0
2025-09-23 13:25:10,user_3182,employee,pqc,,India,medium,transaction,medium,update,0,21,17.99,2,0,0
2025-09-23 13:25:15,user_3183,admin,pqc,,USA,low,transaction,low,write,153206,21,5.99,0,0,1
2025-09-23 13:25:20,user_3184,service,classical,,Unknown,medium,backend_sync,low,delete,0,18,8.49,2,1,0
2025-09-23 13:25:25,user_3185,auditor,classical,,Unknown,low,customer_kyc,high,write,0,24,9.58,0,1,1
2025-09-23 13:25:30,user_3186,employee,classical,,EU,high,backend_sync,low,write,0,23,7.23,1,0,0
2025-09-23 13:25:35,user_3187,employee,pqc,,India,low,transaction,low,update,0,18,17.68,0,0,0
2025-09-23 13:25:40,user_3188,service,classical,,India,low,payroll,high,write,0,21,4.87,0,1,1
2025-09-23 13:25:45,user_3189,service,pqc,,India,medium,transaction,low,delete,0,15,12.67,2,1,0
2025-09-23 13:25:50,user_3190,admin,pqc,,EU,medium,customer_kyc,low,update,0,18,15.85,1,1,0
2025-09-23 13:25:55,user_3191,third_party,classical,65.0,EU,medium,payroll,medium,update,0,22,5.12,0,1,0
2025-09-23 13:26:00,user_3192,employee,pqc,,India,high,backend_sync,low,write,0,18,16.16,1,1,0
2025-09-23 13:26:05,user_3193,service,pqc,,EU,high,customer_kyc,medium,update,0,22,0.31,2,0,0
2025-09-23 13:26:10,user_3194,auditor,classical,,USA,high,backend_sync,low,write,0,24,16.35,1,1,0
2025-09-23 13:26:15,user_3195,auditor,classical,,EU,medium,payroll,low,read,0,13,11.32,0,1,0
2025-09-23 13:26:20,user_3196,auditor,pqc,,USA,high,backend_sync,high,write,0,20,0.03,0,1,0
2025-09-23 13:26:25,user_3197,admin,pqc,,India,high,customer_kyc,low,delete,0,14,0.42,2,1,0
2025-09-23 13:26:30,user_3198,auditor,classical,,Unknown,low,payroll,low,delete,0,16,6.55,2,0,0
2025-09-23 13:26:35,user_3199,service,pqc,,India,low,transaction,low,update,0,20,16.28,0,0,0
2025-09-23 13:26:40,user_3200,employee,pqc,,India,medium,backend_sync,medium,write,0,19,12.19,1,1,0
2025-09-23 13:26:45,user_3201,auditor,classical,,Unknown,medium,transaction,medium,write,0,12,5.04,1,0,0
2025-09-23 13:26:50,user_3202,third_party,pqc,40.0,Unknown,high,customer_kyc,high,delete,0,24,10.46,2,1,1
2025-09-23 13:26:55,user_3203,auditor,classical,,USA,high,backend_sync,low,write,0,21,3.93,0,1,0
2025-09-23 13:27:00,user_3204,admin,classical,,USA,medium,logs,high,write,0,24,6.14,1,1,0
2025-09-23 13:27:05,user_3205,employee,pqc,,Unknown,high,backend_sync,medium,write,0,23,9.3,0,1,0
2025-09-23 13:27:10,user_3206,auditor,classical,,Unknown,medium,transaction,high,write,0,15,3.81,0,0,0
2025-09-23 13:27:15,user_3207,guest,pqc,,Unknown,high,transaction,medium,write,0,19,5.37,0,0,1
2025-09-23 13:27:20,user_3208,third_party,pqc,40.0,India,medium,backend_sync,medium,update,0,17,14.66,0,0,1
2025-09-23 13:27:25,user_3209,auditor,pqc,,EU,low,transaction,medium,delete,0,16,2.13,1,0,0
2025-09-23 13:27:30,user_3210,employee,classical,,USA,low,logs,low,delete,0,16,12.11,0,1,0
2025-09-23 13:27:35,user_3211,third_party,pqc,92.0,USA,high,logs,high,update,0,24,15.71,0,0,0
2025-09-23 13:27:40,user_3212,admin,pqc,,India,high,catalog,low,write,0,16,7.11,0,0,0
2025-09-23 13:27:45,user_3213,guest,pqc,,EU,high,customer_kyc,high,update,0,22,15.87,0,1,1
2025-09-23 13:27:50,user_3214,service,classical,,Unknown,medium,customer_kyc,low,update,0,31,8.07,1,1,0
2025-09-23 13:27:55,user_3215,admin,pqc,,USA,low,payroll,medium,delete,0,29,8.91,2,1,0
2025-09-23 13:28:00,user_3216,auditor,classical,,EU,low,payroll,medium,read,0,19,15.55,1,1,0
2025-09-23 13:28:05,user_3217,auditor,pqc,,EU,low,logs,low,write,0,19,4.97,1,1,0
2025-09-23 13:28:10,user_3218,employee,pqc,,EU,medium,customer_kyc,medium,update,0,18,7.33,3,1,0
2025-09-23 13:28:15,user_3219,auditor,classical,,USA,low,transaction,high,write,178399,18,20.95,1,0,1
2025-09-23 13:28:20,user_3220,auditor,classical,,USA,high,logs,low,delete,0,27,18.49,2,1,0
2025-09-23 13:28:25,user_3221,employee,pqc,,India,low,backend_sync,high,delete,0,21,15.36,2,0,1
2025-09-23 13:28:30,user_3222,auditor,pqc,,India,medium,backend_sync,medium,read,0,21,14.39,1,0,0
2025-09-23 13:28:35,user_3223,third_party,classical,92.0,EU,high,transaction,medium,update,144746,22,6.9,0,0,1
2025-09-23 13:28:40,user_3224,admin,classical,,USA,low,backend_sync,low,delete,0,13,14.35,2,0,0
2025-09-23 13:28:45,user_3225,guest,classical,,EU,low,backend_sync,medium,write,0,15,3.63,0,1,0
2025-09-23 13:28:50,user_3226,employee,classical,,India,medium,backend_sync,low,update,0,29,6.23,0,1,0
2025-09-23 13:28:55,user_3227,third_party,pqc,92.0,USA,high,backend_sync,medium,update,0,18,18.61,2,0,0
2025-09-23 13:29:00,user_3228,service,pqc,,EU,high,transaction,high,write,0,20,9.02,0,0,0
2025-09-23 13:29:05,user_3229,auditor,pqc,,India,low,payroll,high,write,0,25,11.56,0,0,1
2025-09-23 13:29:10,user_3230,employee,pqc,,Unknown,high,logs,high,read,0,26,12.19,4,0,0
2025-09-23 13:29:15,user_3231,third_party,classical,92.0,India,high,transaction,low,write,37337,24,14.57,3,0,0
2025-09-23 13:29:20,user_3232,third_party,pqc,40.0,India,low,transaction,medium,delete,173300,26,9.62,1,0,1
2025-09-23 13:29:25,user_3233,employee,classical,,Unknown,low,backend_sync,medium,update,0,15,3.19,1,1,0
2025-09-23 13:29:30,user_3234,service,classical,,USA,low,payroll,medium,read,0,15,6.93,3,0,0
2025-09-23 13:29:35,user_3235,employee,pqc,,India,low,backend_sync,high,write,0,21,11.17,1,1,1
2025-09-23 13:29:40,user_3236,service,pqc,,India,medium,transaction,high,read,126861,23,11.62,1,1,1
2025-09-23 13:29:45,user_3237,service,pqc,,India,medium,backend_sync,low,update,0,20,11.66,2,1,0
2025-09-23 13:29:50,user_3238,auditor,pqc,,Unknown,medium,customer_kyc,low,update,0,18,11.0,0,1,0
2025-09-23 13:29:55,user_3239,guest,pqc,,Unknown,low,payroll,high,delete,0,24,9.95,0,0,1
2025-09-23 13:30:00,user_3240,auditor,classical,,Unknown,high,transaction,medium,write,0,13,14.17,1,1,0
2025-09-23 13:30:05,user_3241,auditor,pqc,,Unknown,medium,customer_kyc,medium,update,0,25,2.73,1,1,0
2025-09-23 13:30:10,user_3242,third_party,pqc,40.0,EU,low,transaction,low,write,127133,31,9.07,0,1,1
2025-09-23 13:30:15,user_3243,third_party,pqc,65.0,EU,high,catalog,high,read,0,20,10.5,1,0,0
2025-09-23 13:30:20,user_3244,admin,classical,,India,low,catalog,low,delete,0,21,24.21,3,0,0
2025-09-23 13:30:25,user_3245,admin,classical,,India,medium,backend_sync,high,read,0,19,6.19,2,1,0
2025-09-23 13:30:30,user_3246,admin,pqc,,USA,high,catalog,high,write,0,19,15.22,0,0,0
2025-09-23 13:30:35,user_3247,service,classical,,India,low,payroll,medium,delete,0,21,12.56,2,1,0
2025-09-23 13:30:40,user_3248,service,pqc,,Unknown,medium,backend_sync,medium,update,0,25,10.45,2,0,0
2025-09-23 13:30:45,user_3249,third_party,classical,92.0,EU,low,catalog,low,write,0,24,7.74,1,0,0
2025-09-23 13:30:50,user_3250,auditor,classical,,India,medium,payroll,medium,update,0,19,12.44,3,1,0
2025-09-23 13:30:55,user_3251,auditor,classical,,Unknown,low,catalog,medium,update,0,17,6.93,0,1,0
2025-09-23 13:31:00,user_3252,employee,classical,,EU,high,catalog,medium,read,0,20,6.31,3,0,0
2025-09-23 13:31:05,user_3253,admin,pqc,,India,high,logs,high,read,0,21,6.63,2,0,0
2025-09-23 13:31:10,user_3254,guest,pqc,,EU,high,payroll,low,read,0,18,13.63,1,1,0
2025-09-23 13:31:15,user_3255,guest,pqc,,India,medium,catalog,low,read,0,17,11.51,0,0,0
2025-09-23 13:31:20,user_3256,employee,classical,,India,high,backend_sync,medium,write,0,16,10.83,0,0,0
2025-09-23 13:31:25,user_3257,employee,classical,,India,low,payroll,medium,delete,0,21,14.49,2,0,0
2025-09-23 13:31:30,user_3258,auditor,classical,,Unknown,low,logs,low,read,0,21,15.05,2,1,0
2025-09-23 13:31:35,user_3259,employee,pqc,,EU,high,payroll,high,update,0,27,16.82,1,0,0
2025-09-23 13:31:40,user_3260,guest,pqc,,USA,high,catalog,high,read,0,25,16.08,3,1,0
2025-09-23 13:31:45,user_3261,third_party,pqc,40.0,India,high,transaction,high,update,81521,15,11.23,5,0,1
2025-09-23 13:31:50,user_3262,admin,classical,,India,high,logs,low,update,0,17,10.43,0,0,0
2025-09-23 13:31:55,user_3263,guest,pqc,,USA,low,transaction,medium,update,2409,28,8.58,1,0,1
2025-09-23 13:32:00,user_3264,guest,classical,,India,high,customer_kyc,low,write,0,20,20.71,2,1,1
2025-09-23 13:32:05,user_3265,service,pqc,,India,medium,payroll,medium,update,0,10,11.56,0,1,0
2025-09-23 13:32:10,user_3266,service,classical,,India,low,customer_kyc,low,write,0,21,10.77,1,1,0
2025-09-23 13:32:15,user_3267,service,pqc,,EU,medium,logs,low,write,0,24,0.44,0,1,0
2025-09-23 13:32:20,user_3268,auditor,pqc,,Unknown,high,customer_kyc,high,update,0,15,8.66,1,1,0
2025-09-23 13:32:25,user_3269,guest,classical,,India,medium,payroll,high,write,0,15,8.01,2,1,0
2025-09-23 13:32:30,user_3270,admin,pqc,,Unknown,medium,backend_sync,medium,delete,0,23,10.62,1,1,0
2025-09-23 13:32:35,user_3271,employee,pqc,,USA,medium,payroll,high,update,0,24,15.7,2,0,0
2025-09-23 13:32:40,user_3272,service,classical,,EU,low,logs,high,update,0,25,1.78,3,0,1
2025-09-23 13:32:45,user_3273,service,pqc,,USA,high,backend_sync,medium,delete,0,21,8.52,0,1,0
2025-09-23 13:32:50,user_3274,auditor,pqc,,Unknown,medium,logs,low,delete,0,12,9.09,1,1,0
2025-09-23 13:32:55,user_3275,admin,classical,,Unknown,high,logs,low,delete,0,21,9.93,1,1,0
2025-09-23 13:33:00,user_3276,guest,pqc,,EU,low,logs,medium,read,0,29,18.52,0,1,0
2025-09-23 13:33:05,user_3277,admin,classical,,India,high,customer_kyc,low,read,0,17,11.58,1,1,0
2025-09-23 13:33:10,user_3278,employee,classical,,EU,high,customer_kyc,high,update,0,17,10.15,2,0,0
2025-09-23 13:33:15,user_3279,admin,pqc,,EU,medium,backend_sync,medium,delete,0,20,12.54,4,1,0
2025-09-23 13:33:20,user_3280,service,pqc,,Unknown,low,customer_kyc,medium,read,0,26,4.94,2,1,0
2025-09-23 13:33:25,user_3281,service,pqc,,EU,low,transaction,low,update,9501,20,11.5,3,0,0
2025-09-23 13:33:30,user_3282,service,classical,,USA,high,customer_kyc,low,read,0,19,15.02,1,0,0
2025-09-23 13:33:35,user_3283,auditor,classical,,USA,high,backend_sync,low,write,0,20,12.88,3,0,0
2025-09-23 13:33:40,user_3284,guest,pqc,,USA,high,catalog,low,delete,0,21,13.82,1,0,0
2025-09-23 13:33:45,user_3285,service,pqc,,EU,low,payroll,low,write,0,28,14.71,1,0,0
2025-09-23 13:33:50,user_3286,third_party,pqc,65.0,EU,medium,customer_kyc,medium,read,0,17,11.24,3,0,0
2025-09-23 13:33:55,user_3287,auditor,classical,,Unknown,medium,logs,low,update,0,20,4.87,1,1,0
2025-09-23 13:34:00,user_3288,guest,pqc,,USA,medium,logs,high,update,0,16,6.97,0,0,0
2025-09-23 13:34:05,user_3289,admin,classical,,EU,medium,backend_sync,medium,update,0,21,11.56,0,0,0
2025-09-23 13:34:10,user_3290,auditor,pqc,,India,medium,transaction,low,update,57732,23,9.3,3,0,0
2025-09-23 13:34:15,user_3291,admin,pqc,,USA,low,transaction,high,read,116877,22,11.35,2,0,1
2025-09-23 13:34:20,user_3292,employee,classical,,USA,medium,catalog,high,write,0,21,12.55,2,1,0
2025-09-23 13:34:25,user_3293,auditor,classical,,Unknown,low,customer_kyc,low,update,0,16,10.35,2,1,0
2025-09-23 13:34:30,user_3294,service,pqc,,India,medium,catalog,low,read,0,20,11.92,0,0,0
2025-09-23 13:34:35,user_3295,guest,classical,,Unknown,high,catalog,medium,read,0,19,10.8,2,0,0
2025-09-23 13:34:40,user_3296,service,pqc,,EU,high,backend_sync,medium,delete,0,14,18.97,1,1,0
2025-09-23 13:34:45,user_3297,employee,classical,,USA,medium,transaction,medium,write,0,16,11.35,3,1,0
2025-09-23 13:34:50,user_3298,guest,pqc,,India,medium,transaction,medium,write,0,12,13.4,4,0,1
2025-09-23 13:34:55,user_3299,third_party,classical,40.0,EU,high,catalog,low,write,0,26,10.65,2,0,1
2025-09-23 13:35:00,user_3300,guest,pqc,,EU,high,backend_sync,low,write,0,13,3.32,1,0,0
2025-09-23 13:35:05,user_3301,employee,classical,,India,medium,logs,high,write,0,16,8.55,1,0,0
2025-09-23 13:35:10,user_3302,employee,pqc,,India,medium,payroll,low,write,0,17,10.59,2,1,0
2025-09-23 13:35:15,user_3303,admin,pqc,,USA,medium,catalog,low,read,0,24,5.74,0,1,0
2025-09-23 13:35:20,user_3304,admin,classical,,India,medium,logs,medium,write,0,13,7.96,1,1,0
2025-09-23 13:35:25,user_3305,admin,pqc,,USA,medium,transaction,medium,update,89569,27,20.94,2,0,0
2025-09-23 13:35:30,user_3306,third_party,classical,40.0,USA,low,logs,low,update,0,19,15.01,0,0,1
2025-09-23 13:35:35,user_3307,guest,classical,,India,low,catalog,high,delete,0,28,7.16,1,0,1
2025-09-23 13:35:40,user_3308,guest,classical,,India,medium,backend_sync,high,read,0,20,7.86,5,1,0
2025-09-23 13:35:45,user_3309,service,classical,,Unknown,low,catalog,high,read,0,23,4.39,1,0,1
2025-09-23 13:35:50,user_3310,admin,pqc,,EU,low,customer_kyc,high,write,0,29,19.91,1,1,1
2025-09-23 13:35:55,user_3311,guest,classical,,India,low,backend_sync,low,delete,0,21,13.52,1,1,0
2025-09-23 13:36:00,user_3312,admin,pqc,,USA,low,transaction,medium,delete,0,10,4.08,4,1,0
2025-09-23 13:36:05,user_3313,third_party,pqc,40.0,USA,low,logs,medium,delete,0,22,13.32,2,0,1
2025-09-23 13:36:10,user_3314,service,pqc,,EU,low,logs,medium,update,0,27,15.74,0,0,0
2025-09-23 13:36:15,user_3315,auditor,classical,,Unknown,low,backend_sync,medium,delete,0,16,10.75,0,1,0
2025-09-23 13:36:20,user_3316,third_party,classical,92.0,EU,low,backend_sync,high,update,0,19,7.83,1,1,1
2025-09-23 13:36:25,user_3317,service,classical,,India,medium,backend_sync,medium,read,0,23,17.85,0,1,0
2025-09-23 13:36:30,user_3318,third_party,pqc,65.0,EU,low,catalog,low,delete,0,20,14.04,2,0,0
2025-09-23 13:36:35,user_3319,employee,pqc,,EU,high,transaction,low,delete,76211,15,10.75,1,1,0
2025-09-23 13:36:40,user_3320,service,pqc,,USA,low,payroll,medium,write,0,21,3.11,1,0,0
2025-09-23 13:36:45,user_3321,third_party,classical,92.0,Unknown,low,transaction,medium,delete,0,27,5.49,2,0,0
2025-09-23 13:36:50,user_3322,guest,classical,,India,high,payroll,high,read,0,20,7.71,0,0,0
2025-09-23 13:36:55,user_3323,auditor,classical,,USA,high,backend_sync,low,read,0,12,8.66,1,1,0
2025-09-23 13:37:00,user_3324,admin,pqc,,USA,medium,logs,high,delete,0,21,8.08,1,1,0
2025-09-23 13:37:05,user_3325,employee,classical,,EU,high,transaction,medium,write,31112,12,13.91,2,0,0
2025-09-23 13:37:10,user_3326,employee,classical,,Unknown,low,logs,high,write,0,13,12.6,0,1,1
2025-09-23 13:37:15,user_3327,admin,pqc,,USA,high,customer_kyc,medium,write,0,20,12.38,1,0,0
2025-09-23 13:37:20,user_3328,guest,pqc,,India,high,logs,medium,read,0,27,3.12,0,1,0
2025-09-23 13:37:25,user_3329,guest,pqc,,EU,medium,payroll,medium,update,0,14,17.06,1,0,0
2025-09-23 13:37:30,user_3330,employee,pqc,,Unknown,low,logs,low,update,0,21,8.21,2,0,0
2025-09-23 13:37:35,user_3331,guest,pqc,,India,low,transaction,medium,read,0,12,7.13,1,1,1
2025-09-23 13:37:40,user_3332,third_party,classical,40.0,USA,low,customer_kyc,high,write,0,24,10.53,0,0,1
2025-09-23 13:37:45,user_3333,employee,pqc,,Unknown,high,catalog,high,read,0,15,7.0,2,0,0
2025-09-23 13:37:50,user_3334,auditor,classical,,Unknown,medium,logs,high,read,0,19,10.14,0,1,0
2025-09-23 13:37:55,user_3335,admin,classical,,USA,medium,customer_kyc,high,update,0,22,10.87,0,0,0
2025-09-23 13:38:00,user_3336,guest,pqc,,USA,high,customer_kyc,high,delete,0,23,19.38,1,0,1
2025-09-23 13:38:05,user_3337,admin,classical,,India,high,transaction,high,update,0,16,6.41,0,1,0
2025-09-23 13:38:10,user_3338,auditor,classical,,EU,low,customer_kyc,low,write,0,15,11.85,0,1,0
2025-09-23 13:38:15,user_3339,guest,pqc,,India,high,payroll,high,read,0,15,10.89,0,0,0
2025-09-23 13:38:20,user_3340,admin,pqc,,Unknown,medium,catalog,high,write,0,22,16.78,0,1,0
2025-09-23 13:38:25,user_3341,auditor,classical,,USA,low,catalog,low,delete,0,18,20.83,0,1,0
2025-09-23 13:38:30,user_3342,auditor,pqc,,USA,high,payroll,low,read,0,28,19.27,0,1,0
2025-09-23 13:38:35,user_3343,third_party,classical,40.0,India,high,catalog,high,write,0,11,2.78,3,0,1
2025-09-23 13:38:40,user_3344,guest,pqc,,India,high,customer_kyc,high,write,0,18,7.96,1,0,1
2025-09-23 13:38:45,user_3345,third_party,classical,65.0,EU,low,transaction,low,update,178919,18,6.0,1,1,1
2025-09-23 13:38:50,user_3346,auditor,classical,,Unknown,high,backend_sync,high,write,0,23,8.22,2,0,0
2025-09-23 13:38:55,user_3347,auditor,classical,,EU,low,customer_kyc,high,write,0,20,8.92,1,0,1
2025-09-23 13:39:00,user_3348,guest,pqc,,EU,high,logs,low,delete,0,23,9.63,0,1,0
2025-09-23 13:39:05,user_3349,third_party,pqc,65.0,India,low,catalog,high,write,0,21,11.51,2,0,1
2025-09-23 13:39:10,user_3350,admin,classical,,EU,low,transaction,high,read,28879,16,8.26,1,0,1
2025-09-23 13:39:15,user_3351,guest,pqc,,EU,low,catalog,high,delete,0,19,6.06,4,0,1
2025-09-23 13:39:20,user_3352,employee,pqc,,EU,low,backend_sync,low,update,0,16,8.9,0,0,0
2025-09-23 13:39:25,user_3353,auditor,pqc,,Unknown,high,transaction,low,read,125224,16,9.27,0,1,1
2025-09-23 13:39:30,user_3354,admin,pqc,,EU,high,payroll,medium,update,0,21,13.09,3,0,0
2025-09-23 13:39:35,user_3355,admin,classical,,USA,medium,customer_kyc,medium,write,0,20,12.42,0,1,0
2025-09-23 13:39:40,user_3356,admin,pqc,,EU,low,customer_kyc,medium,update,0,24,6.88,1,0,0
2025-09-23 13:39:45,user_3357,third_party,pqc,40.0,Unknown,high,logs,low,write,0,20,17.37,1,1,1
2025-09-23 13:39:50,user_3358,auditor,classical,,India,low,payroll,high,update,0,26,8.65,0,1,1
2025-09-23 13:39:55,user_3359,third_party,classical,92.0,Unknown,medium,transaction,medium,update,0,19,8.68,1,0,0
2025-09-23 13:40:00,user_3360,third_party,pqc,92.0,Unknown,medium,logs,high,update,0,9,11.97,0,0,0
2025-09-23 13:40:05,user_3361,admin,classical,,Unknown,low,logs,medium,write,0,20,7.13,1,0,0
2025-09-23 13:40:10,user_3362,auditor,classical,,EU,high,payroll,low,write,0,21,7.74,0,0,0
2025-09-23 13:40:15,user_3363,auditor,classical,,India,medium,catalog,low,delete,0,25,2.54,0,0,0
2025-09-23 13:40:20,user_3364,service,classical,,EU,low,logs,high,write,0,28,7.47,0,1,1
2025-09-23 13:40:25,user_3365,service,classical,,Unknown,high,customer_kyc,low,write,0,16,6.99,2,0,0
2025-09-23 13:40:30,user_3366,third_party,classical,92.0,EU,low,catalog,medium,write,0,28,12.24,1,0,0
2025-09-23 13:40:35,user_3367,third_party,pqc,92.0,USA,medium,transaction,medium,read,0,22,19.56,3,1,0
2025-09-23 13:40:40,user_3368,service,pqc,,USA,low,backend_sync,high,write,0,32,10.96,1,0,1
2025-09-23 13:40:45,user_3369,admin,classical,,Unknown,low,customer_kyc,low,delete,0,18,6.65,1,0,0
2025-09-23 13:40:50,user_3370,auditor,classical,,EU,low,transaction,high,update,0,13,12.98,1,1,1
2025-09-23 13:40:55,user_3371,employee,pqc,,EU,medium,transaction,low,update,0,13,12.83,1,0,0
2025-09-23 13:41:00,user_3372,third_party,classical,40.0,EU,medium,logs,medium,read,0,29,9.94,1,0,1
2025-09-23 13:41:05,user_3373,service,classical,,India,low,transaction,medium,read,0,21,7.64,0,1,0
2025-09-23 13:41:10,user_3374,auditor,pqc,,EU,medium,transaction,medium,write,0,20,7.02,0,1,0
2025-09-23 13:41:15,user_3375,guest,pqc,,India,medium,logs,low,read,0,18,12.55,1,1,0
2025-09-23 13:41:20,user_3376,admin,classical,,USA,medium,payroll,medium,read,0,20,13.52,2,1,0
2025-09-23 13:41:25,user_3377,third_party,pqc,40.0,EU,medium,catalog,low,read,0,19,0.67,1,0,1
2025-09-23 13:41:30,user_3378,guest,pqc,,India,high,transaction,high,read,0,17,6.48,0,0,1
2025-09-23 13:41:35,user_3379,admin,classical,,EU,low,customer_kyc,high,delete,0,17,19.96,0,1,1
2025-09-23 13:41:40,user_3380,guest,classical,,EU,low,payroll,high,delete,0,18,22.33,2,0,1
2025-09-23 13:41:45,user_3381,auditor,pqc,,Unknown,high,backend_sync,high,update,0,13,7.5,1,1,0
2025-09-23 13:41:50,user_3382,service,classical,,India,high,backend_sync,low,update,0,8,8.44,0,1,0
2025-09-23 13:41:55,user_3383,third_party,classical,92.0,India,low,backend_sync,high,delete,0,23,8.97,2,0,1
2025-09-23 13:42:00,user_3384,admin,pqc,,Unknown,high,transaction,low,write,0,19,16.22,1,1,0
2025-09-23 13:42:05,user_3385,service,classical,,USA,high,payroll,medium,write,0,21,5.46,1,1,0
2025-09-23 13:42:10,user_3386,admin,pqc,,India,high,backend_sync,low,write,0,19,3.53,0,0,0
2025-09-23 13:42:15,user_3387,guest,pqc,,Unknown,low,transaction,medium,read,37487,17,5.23,2,1,1
2025-09-23 13:42:20,user_3388,third_party,classical,40.0,EU,low,catalog,high,delete,0,22,1.59,0,1,1
2025-09-23 13:42:25,user_3389,employee,pqc,,USA,high,catalog,low,write,0,14,13.26,0,0,0
2025-09-23 13:42:30,user_3390,employee,pqc,,USA,low,customer_kyc,medium,delete,0,20,3.93,0,0,0
2025-09-23 13:42:35,user_3391,third_party,pqc,40.0,India,high,backend_sync,low,read,0,11,9.77,0,0,1
2025-09-23 13:42:40,user_3392,employee,classical,,EU,low,payroll,high,update,0,27,15.18,2,1,1
2025-09-23 13:42:45,user_3393,third_party,pqc,40.0,Unknown,medium,logs,low,update,0,18,11.74,0,1,1
2025-09-23 13:42:50,user_3394,employee,pqc,,EU,low,backend_sync,high,delete,0,15,10.72,3,0,1
2025-09-23 13:42:55,user_3395,guest,pqc,,Unknown,high,payroll,low,write,0,21,7.69,1,1,0
2025-09-23 13:43:00,user_3396,auditor,pqc,,EU,high,customer_kyc,high,write,0,20,9.37,1,1,0
2025-09-23 13:43:05,user_3397,auditor,classical,,India,high,transaction,low,delete,0,19,16.22,0,1,0
2025-09-23 13:43:10,user_3398,admin,pqc,,EU,low,logs,high,write,0,20,3.58,1,1,1
2025-09-23 13:43:15,user_3399,auditor,pqc,,Unknown,medium,payroll,high,read,0,27,8.02,3,0,0
2025-09-23 13:43:20,user_3400,auditor,classical,,Unknown,high,logs,high,update,0,13,12.13,1,0,0
2025-09-23 13:43:25,user_3401,service,pqc,,Unknown,medium,catalog,medium,delete,0,16,10.97,0,1,0
2025-09-23 13:43:30,user_3402,auditor,classical,,USA,high,backend_sync,high,update,0,17,11.85,0,0,0
2025-09-23 13:43:35,user_3403,employee,classical,,India,medium,logs,low,write,0,20,14.19,1,0,0
2025-09-23 13:43:40,user_3404,service,classical,,Unknown,medium,payroll,medium,delete,0,18,5.09,1,0,0
2025-09-23 13:43:45,user_3405,service,classical,,USA,high,catalog,medium,update,0,20,15.32,0,0,0
2025-09-23 13:43:50,user_3406,admin,pqc,,EU,high,backend_sync,medium,write,0,22,8.85,0,1,0
2025-09-23 13:43:55,user_3407,third_party,classical,40.0,India,high,backend_sync,low,delete,0,16,8.89,0,1,1
2025-09-23 13:44:00,user_3408,admin,classical,,USA,high,customer_kyc,low,read,0,24,10.78,0,0,0
2025-09-23 13:44:05,user_3409,employee,classical,,Unknown,high,transaction,low,read,85454,24,17.21,1,1,0
2025-09-23 13:44:10,user_3410,service,pqc,,Unknown,high,logs,medium,update,0,24,9.0,0,0,0
2025-09-23 13:44:15,user_3411,guest,classical,,India,medium,backend_sync,low,read,0,26,2.6,1,0,0
2025-09-23 13:44:20,user_3412,employee,classical,,Unknown,high,customer_kyc,high,update,0,17,12.83,0,0,0
2025-09-23 13:44:25,user_3413,employee,classical,,EU,low,backend_sync,high,delete,0,16,1.71,0,1,1
2025-09-23 13:44:30,user_3414,service,pqc,,USA,low,backend_sync,medium,write,0,23,11.7,0,1,0
2025-09-23 13:44:35,user_3415,admin,classical,,India,low,customer_kyc,low,write,0,18,8.96,1,1,0
2025-09-23 13:44:40,user_3416,employee,pqc,,Unknown,low,logs,medium,write,0,13,3.65,0,1,0
2025-09-23 13:44:45,user_3417,service,pqc,,Unknown,high,backend_sync,low,delete,0,24,10.0,2,0,0
2025-09-23 13:44:50,user_3418,third_party,classical,65.0,USA,high,customer_kyc,low,read,0,25,15.38,2,0,0
2025-09-23 13:44:55,user_3419,guest,classical,,India,medium,logs,low,read,0,22,14.87,2,1,0
2025-09-23 13:45:00,user_3420,guest,classical,,EU,low,catalog,low,write,0,13,12.57,1,0,0
2025-09-23 13:45:05,user_3421,auditor,classical,,USA,low,backend_sync,low,write,0,28,8.97,1,0,0
2025-09-23 13:45:10,user_3422,third_party,classical,92.0,USA,high,logs,high,update,0,26,14.34,0,0,0
2025-09-23 13:45:15,user_3423,service,classical,,USA,medium,payroll,low,read,0,21,14.14,2,1,0
2025-09-23 13:45:20,user_3424,third_party,classical,65.0,EU,high,backend_sync,low,update,0,20,4.53,0,0,0
2025-09-23 13:45:25,user_3425,auditor,classical,,EU,medium,logs,low,write,0,17,11.57,0,1,0
2025-09-23 13:45:30,user_3426,third_party,classical,40.0,USA,medium,payroll,medium,read,0,15,12.07,0,0,1
2025-09-23 13:45:35,user_3427,service,pqc,,India,low,backend_sync,low,write,0,21,15.86,1,1,0
2025-09-23 13:45:40,user_3428,guest,pqc,,India,high,transaction,high,write,0,19,14.07,0,0,1
2025-09-23 13:45:45,user_3429,auditor,pqc,,India,low,catalog,medium,delete,0,18,5.66,2,1,0
2025-09-23 13:45:50,user_3430,service,classical,,USA,medium,logs,high,read,0,22,3.58,0,1,0
2025-09-23 13:45:55,user_3431,admin,classical,,India,low,catalog,medium,write,0,23,12.77,1,0,0
2025-09-23 13:46:00,user_3432,third_party,pqc,40.0,Unknown,medium,catalog,medium,write,0,18,4.44,1,0,1
2025-09-23 13:46:05,user_3433,third_party,classical,92.0,Unknown,high,catalog,medium,delete,0,22,6.89,2,1,0
2025-09-23 13:46:10,user_3434,service,classical,,India,high,catalog,low,write,0,19,9.73,1,1,0
2025-09-23 13:46:15,user_3435,guest,pqc,,USA,low,logs,high,delete,0,17,9.34,0,0,1
2025-09-23 13:46:20,user_3436,guest,pqc,,India,high,payroll,medium,read,0,16,13.07,2,1,0
2025-09-23 13:46:25,user_3437,auditor,classical,,EU,low,backend_sync,low,update,0,22,13.44,0,0,0
2025-09-23 13:46:30,user_3438,guest,classical,,USA,medium,payroll,medium,write,0,18,4.48,1,1,0
2025-09-23 13:46:35,user_3439,admin,classical,,India,high,payroll,low,delete,0,16,8.57,0,0,0
2025-09-23 13:46:40,user_3440,employee,pqc,,Unknown,low,backend_sync,low,update,0,18,7.73,4,0,0
2025-09-23 13:46:45,user_3441,admin,pqc,,India,low,customer_kyc,medium,read,0,14,7.52,1,0,0
2025-09-23 13:46:50,user_3442,guest,pqc,,Unknown,high,customer_kyc,low,delete,0,20,4.46,0,0,1
2025-09-23 13:46:55,user_3443,employee,classical,,USA,low,transaction,high,write,2019,24,2.04,1,0,1
2025-09-23 13:47:00,user_3444,auditor,pqc,,Unknown,high,logs,low,update,0,13,8.08,2,0,0
2025-09-23 13:47:05,user_3445,admin,classical,,USA,medium,backend_sync,high,write,0,21,3.54,0,1,0
2025-09-23 13:47:10,user_3446,guest,pqc,,USA,low,payroll,high,update,0,26,13.23,1,1,1
2025-09-23 13:47:15,user_3447,auditor,classical,,Unknown,low,catalog,medium,update,0,16,14.8,1,1,0
2025-09-23 13:47:20,user_3448,third_party,pqc,92.0,India,medium,customer_kyc,low,read,0,23,18.36,1,1,0
2025-09-23 13:47:25,user_3449,auditor,classical,,EU,low,customer_kyc,high,read,0,19,14.27,0,0,1
2025-09-23 13:47:30,user_3450,auditor,pqc,,India,medium,logs,medium,update,0,29,3.05,0,0,0
2025-09-23 13:47:35,user_3451,service,classical,,EU,low,catalog,medium,update,0,19,9.93,3,0,0
2025-09-23 13:47:40,user_3452,third_party,classical,92.0,India,medium,payroll,low,delete,0,23,11.58,2,0,0
2025-09-23 13:47:45,user_3453,admin,pqc,,India,medium,catalog,medium,read,0,18,1.97,0,1,0
2025-09-23 13:47:50,user_3454,guest,pqc,,Unknown,medium,catalog,low,read,0,17,10.79,0,1,0
2025-09-23 13:47:55,user_3455,third_party,pqc,40.0,EU,medium,transaction,medium,read,157245,25,10.71,0,1,1
2025-09-23 13:48:00,user_3456,employee,pqc,,India,medium,transaction,low,write,0,25,10.52,1,1,0
2025-09-23 13:48:05,user_3457,service,classical,,Unknown,low,payroll,medium,read,0,15,12.87,1,0,0
2025-09-23 13:48:10,user_3458,admin,classical,,India,medium,backend_sync,high,read,0,27,2.04,0,0,0
2025-09-23 13:48:15,user_3459,admin,classical,,Unknown,medium,catalog,high,write,0,26,11.67,3,0,0
2025-09-23 13:48:20,user_3460,service,pqc,,USA,low,catalog,low,read,0,24,17.61,0,0,0
2025-09-23 13:48:25,user_3461,guest,classical,,India,low,payroll,medium,update,0,22,9.96,1,0,0
2025-09-23 13:48:30,user_3462,third_party,pqc,40.0,USA,high,customer_kyc,low,delete,0,24,10.28,4,0,1
2025-09-23 13:48:35,user_3463,third_party,pqc,40.0,India,medium,customer_kyc,low,read,0,25,24.26,0,0,1
2025-09-23 13:48:40,user_3464,admin,pqc,,Unknown,low,logs,low,read,0,22,15.31,1,0,0
2025-09-23 13:48:45,user_3465,admin,classical,,Unknown,low,customer_kyc,low,delete,0,20,10.85,2,1,0
2025-09-23 13:48:50,user_3466,employee,classical,,India,low,customer_kyc,medium,write,0,22,14.19,0,0,0
2025-09-23 13:48:55,user_3467,admin,classical,,India,high,transaction,low,update,0,17,12.44,0,1,0
2025-09-23 13:49:00,user_3468,auditor,pqc,,USA,low,catalog,high,delete,0,13,3.61,3,1,1
2025-09-23 13:49:05,user_3469,service,pqc,,India,medium,logs,low,write,0,22,19.51,1,1,0
2025-09-23 13:49:10,user_3470,service,pqc,,India,medium,backend_sync,medium,update,0,22,5.24,0,0,0
2025-09-23 13:49:15,user_3471,admin,pqc,,Unknown,low,payroll,high,update,0,24,16.8,0,0,1
2025-09-23 13:49:20,user_3472,service,classical,,USA,low,logs,medium,write,0,17,7.5,1,0,0
2025-09-23 13:49:25,user_3473,employee,pqc,,EU,low,logs,low,delete,0,23,5.99,2,0,0
2025-09-23 13:49:30,user_3474,service,classical,,EU,high,backend_sync,high,write,0,25,5.21,0,1,0
2025-09-23 13:49:35,user_3475,guest,pqc,,EU,medium,catalog,high,read,0,19,12.88,1,1,0
2025-09-23 13:49:40,user_3476,third_party,classical,40.0,EU,low,customer_kyc,low,write,0,21,3.11,1,1,1
2025-09-23 13:49:45,user_3477,auditor,classical,,USA,low,backend_sync,low,write,0,14,9.32,0,0,0
2025-09-23 13:49:50,user_3478,admin,pqc,,USA,medium,backend_sync,medium,write,0,25,7.28,0,0,0
2025-09-23 13:49:55,user_3479,auditor,pqc,,EU,high,backend_sync,low,update,0,22,5.63,1,1,0
2025-09-23 13:50:00,user_3480,auditor,pqc,,Unknown,medium,transaction,high,write,0,22,12.83,1,0,0
2025-09-23 13:50:05,user_3481,service,pqc,,Unknown,low,payroll,low,delete,0,19,5.52,3,0,0
2025-09-23 13:50:10,user_3482,employee,pqc,,USA,medium,logs,medium,write,0,25,13.79,1,0,0
2025-09-23 13:50:15,user_3483,third_party,classical,40.0,USA,low,payroll,medium,write,0,17,15.12,0,1,1
2025-09-23 13:50:20,user_3484,auditor,pqc,,EU,medium,payroll,medium,write,0,22,16.85,2,0,0
2025-09-23 13:50:25,user_3485,admin,pqc,,Unknown,high,customer_kyc,medium,write,0,20,20.83,0,1,0
2025-09-23 13:50:30,user_3486,third_party,classical,40.0,Unknown,low,catalog,high,read,0,25,12.89,1,0,1
2025-09-23 13:50:35,user_3487,third_party,classical,40.0,USA,medium,backend_sync,high,delete,0,16,7.74,2,0,1
2025-09-23 13:50:40,user_3488,third_party,classical,40.0,Unknown,medium,transaction,low,write,0,24,17.41,0,1,1
2025-09-23 13:50:45,user_3489,admin,classical,,India,medium,payroll,medium,read,0,19,7.28,0,0,0
2025-09-23 13:50:50,user_3490,employee,classical,,Unknown,low,payroll,high,write,0,13,9.13,0,0,1
2025-09-23 13:50:55,user_3491,auditor,pqc,,India,medium,backend_sync,low,write,0,26,13.19,1,1,0
2025-09-23 13:51:00,user_3492,third_party,pqc,40.0,USA,high,backend_sync,low,delete,0,25,11.9,1,1,1
2025-09-23 13:51:05,user_3493,third_party,classical,40.0,USA,low,customer_kyc,medium,read,0,20,0.0,0,1,1
2025-09-23 13:51:10,user_3494,auditor,pqc,,USA,high,transaction,high,read,84649,16,11.8,0,1,0
2025-09-23 13:51:15,user_3495,employee,classical,,EU,high,catalog,medium,update,0,15,11.64,0,1,0
2025-09-23 13:51:20,user_3496,admin,pqc,,USA,low,logs,low,read,0,31,5.76,2,1,0
2025-09-23 13:51:25,user_3497,third_party,classical,65.0,India,medium,backend_sync,medium,update,0,14,12.54,0,1,0
2025-09-23 13:51:30,user_3498,admin,pqc,,Unknown,high,customer_kyc,high,write,0,24,3.29,1,1,0
2025-09-23 13:51:35,user_3499,guest,classical,,India,low,payroll,medium,read,0,24,7.76,2,0,0
2025-09-23 13:51:40,user_3500,employee,pqc,,India,medium,catalog,low,read,0,17,13.26,4,1,0
2025-09-23 13:51:45,user_3501,third_party,classical,40.0,India,low,backend_sync,high,update,0,18,11.58,1,0,1
2025-09-23 13:51:50,user_3502,guest,pqc,,Unknown,high,logs,medium,update,0,18,17.98,0,0,0
2025-09-23 13:51:55,user_3503,auditor,pqc,,India,high,catalog,low,delete,0,21,11.83,2,1,0
2025-09-23 13:52:00,user_3504,third_party,pqc,65.0,India,high,payroll,high,update,0,22,4.36,0,1,0
2025-09-23 13:52:05,user_3505,auditor,pqc,,EU,high,catalog,high,delete,0,16,13.58,1,0,0
2025-09-23 13:52:10,user_3506,employee,classical,,USA,high,customer_kyc,medium,delete,0,16,7.34,2,0,0
2025-09-23 13:52:15,user_3507,service,pqc,,EU,medium,transaction,low,update,128979,23,1.31,4,0,1
2025-09-23 13:52:20,user_3508,auditor,classical,,EU,low,customer_kyc,high,read,0,20,18.91,1,1,1
2025-09-23 13:52:25,user_3509,auditor,pqc,,USA,low,catalog,medium,update,0,22,4.97,0,0,0
2025-09-23 13:52:30,user_3510,auditor,classical,,Unknown,low,logs,medium,update,0,15,9.3,0,0,0
2025-09-23 13:52:35,user_3511,guest,pqc,,EU,low,backend_sync,high,update,0,22,3.96,0,1,1
2025-09-23 13:52:40,user_3512,auditor,classical,,USA,low,logs,high,update,0,23,8.58,1,1,1
2025-09-23 13:52:45,user_3513,admin,pqc,,EU,high,customer_kyc,low,update,0,23,1.72,0,1,0
2025-09-23 13:52:50,user_3514,employee,classical,,Unknown,low,backend_sync,low,delete,0,23,12.34,3,0,0
2025-09-23 13:52:55,user_3515,third_party,pqc,92.0,India,low,payroll,low,update,0,27,11.19,1,1,0
2025-09-23 13:53:00,user_3516,guest,pqc,,Unknown,low,logs,low,update,0,26,15.27,1,0,0
2025-09-23 13:53:05,user_3517,admin,pqc,,USA,high,transaction,high,delete,0,17,10.05,2,0,0
2025-09-23 13:53:10,user_3518,service,pqc,,India,low,catalog,medium,update,0,17,10.35,2,0,0
2025-09-23 13:53:15,user_3519,third_party,classical,65.0,EU,low,transaction,medium,delete,147031,22,11.29,1,1,1
2025-09-23 13:53:20,user_3520,third_party,classical,40.0,EU,low,catalog,high,read,0,25,8.01,0,0,1
2025-09-23 13:53:25,user_3521,admin,classical,,USA,medium,payroll,high,delete,0,18,14.86,1,0,0
2025-09-23 13:53:30,user_3522,service,pqc,,EU,high,logs,high,read,0,30,5.57,1,0,0
2025-09-23 13:53:35,user_3523,service,classical,,India,low,customer_kyc,low,delete,0,17,17.59,1,0,0
2025-09-23 13:53:40,user_3524,admin,classical,,USA,low,transaction,low,read,0,19,11.08,1,1,0
2025-09-23 13:53:45,user_3525,auditor,classical,,EU,high,payroll,low,write,0,18,8.01,2,1,0
2025-09-23 13:53:50,user_3526,service,classical,,USA,medium,payroll,medium,write,0,15,2.26,1,0,0
2025-09-23 13:53:55,user_3527,third_party,pqc,92.0,USA,low,payroll,low,update,0,20,5.03,1,0,0
2025-09-23 13:54:00,user_3528,employee,pqc,,Unknown,low,customer_kyc,low,read,0,22,10.65,0,1,0
2025-09-23 13:54:05,user_3529,third_party,pqc,92.0,USA,high,backend_sync,medium,read,0,14,17.96,0,1,0
2025-09-23 13:54:10,user_3530,auditor,classical,,Unknown,low,backend_sync,low,read,0,27,9.17,0,1,0
2025-09-23 13:54:15,user_3531,employee,pqc,,USA,high,logs,low,read,0,17,17.09,0,1,0
2025-09-23 13:54:20,user_3532,service,classical,,India,low,logs,high,delete,0,21,12.0,3,1,1
2025-09-23 13:54:25,user_3533,service,pqc,,India,high,customer_kyc,medium,delete,0,16,10.71,1,0,0
2025-09-23 13:54:30,user_3534,admin,classical,,USA,high,catalog,high,write,0,15,11.61,0,0,0
2025-09-23 13:54:35,user_3535,third_party,classical,65.0,USA,low,backend_sync,low,update,0,17,8.58,1,1,0
2025-09-23 13:54:40,user_3536,guest,pqc,,EU,low,transaction,low,delete,101648,20,17.37,1,0,1
2025-09-23 13:54:45,user_3537,employee,classical,,EU,high,transaction,low,delete,117380,14,12.54,1,0,1
2025-09-23 13:54:50,user_3538,guest,pqc,,Unknown,medium,transaction,low,delete,0,23,15.19,0,1,1
2025-09-23 13:54:55,user_3539,employee,pqc,,EU,low,backend_sync,high,write,0,15,8.29,0,1,1
2025-09-23 13:55:00,user_3540,admin,pqc,,USA,medium,backend_sync,low,delete,0,21,13.51,1,0,0
2025-09-23 13:55:05,user_3541,admin,classical,,USA,high,logs,medium,write,0,21,15.67,1,1,0
2025-09-23 13:55:10,user_3542,employee,classical,,India,low,transaction,low,write,0,18,4.25,2,1,0
2025-09-23 13:55:15,user_3543,employee,classical,,Unknown,medium,transaction,medium,write,57302,19,12.6,1,1,0
2025-09-23 13:55:20,user_3544,admin,classical,,Unknown,high,transaction,medium,write,179056,26,4.52,2,0,1
2025-09-23 13:55:25,user_3545,admin,classical,,Unknown,low,backend_sync,low,read,0,17,7.73,0,0,0
2025-09-23 13:55:30,user_3546,guest,classical,,India,low,customer_kyc,medium,delete,0,17,11.93,0,1,1
2025-09-23 13:55:35,user_3547,employee,classical,,USA,medium,customer_kyc,medium,read,0,18,17.29,1,1,0
2025-09-23 13:55:40,user_3548,admin,classical,,Unknown,medium,transaction,low,write,0,17,10.25,0,0,0
2025-09-23 13:55:45,user_3549,auditor,pqc,,USA,high,logs,low,write,0,27,7.69,1,0,0
2025-09-23 13:55:50,user_3550,service,classical,,India,low,transaction,high,read,0,22,3.03,1,0,1
2025-09-23 13:55:55,user_3551,guest,pqc,,EU,high,catalog,low,delete,0,17,19.07,0,1,0
2025-09-23 13:56:00,user_3552,auditor,classical,,USA,medium,transaction,medium,update,0,15,0.94,2,1,0
2025-09-23 13:56:05,user_3553,third_party,classical,92.0,USA,medium,transaction,low,read,134601,22,4.62,2,1,1
2025-09-23 13:56:10,user_3554,guest,classical,,EU,high,payroll,low,update,0,23,6.6,2,1,0
2025-09-23 13:56:15,user_3555,third_party,pqc,92.0,EU,high,customer_kyc,medium,write,0,23,15.68,1,1,0
2025-09-23 13:56:20,user_3556,third_party,pqc,40.0,USA,medium,logs,low,update,0,29,9.33,1,0,1
2025-09-23 13:56:25,user_3557,admin,pqc,,EU,high,catalog,medium,delete,0,15,6.18,0,0,0
2025-09-23 13:56:30,user_3558,admin,pqc,,India,medium,transaction,medium,update,186269,12,9.38,1,0,1
2025-09-23 13:56:35,user_3559,employee,classical,,Unknown,high,logs,medium,write,0,21,2.24,1,1,0
2025-09-23 13:56:40,user_3560,third_party,classical,92.0,EU,high,transaction,medium,read,0,16,20.84,2,1,0
2025-09-23 13:56:45,user_3561,admin,pqc,,Unknown,medium,catalog,low,write,0,22,15.36,1,0,0
2025-09-23 13:56:50,user_3562,admin,classical,,EU,medium,backend_sync,medium,read,0,23,12.51,0,1,0
2025-09-23 13:56:55,user_3563,service,pqc,,EU,high,customer_kyc,high,read,0,15,5.69,2,1,0
2025-09-23 13:57:00,user_3564,admin,classical,,USA,medium,transaction,high,delete,0,22,26.95,0,0,0
2025-09-23 13:57:05,user_3565,service,classical,,USA,low,customer_kyc,low,update,0,27,15.68,1,0,0
2025-09-23 13:57:10,user_3566,third_party,classical,65.0,EU,low,transaction,low,read,78020,19,13.82,0,1,0
2025-09-23 13:57:15,user_3567,employee,pqc,,USA,medium,customer_kyc,low,update,0,25,6.56,0,0,0
2025-09-23 13:57:20,user_3568,admin,pqc,,Unknown,low,transaction,medium,update,0,18,8.96,1,0,0
2025-09-23 13:57:25,user_3569,employee,pqc,,EU,low,customer_kyc,high,read,0,19,12.6,0,0,1
2025-09-23 13:57:30,user_3570,employee,classical,,India,low,backend_sync,high,update,0,28,14.11,1,0,1
2025-09-23 13:57:35,user_3571,service,pqc,,EU,medium,logs,high,update,0,21,9.16,0,1,0
2025-09-23 13:57:40,user_3572,service,pqc,,USA,low,payroll,low,write,0,26,13.97,1,1,0
2025-09-23 13:57:45,user_3573,admin,classical,,USA,low,transaction,medium,write,0,20,3.13,1,1,0
2025-09-23 13:57:50,user_3574,employee,pqc,,Unknown,medium,payroll,low,read,0,19,7.19,0,0,0
2025-09-23 13:57:55,user_3575,guest,pqc,,India,medium,backend_sync,low,delete,0,18,22.52,1,0,0
2025-09-23 13:58:00,user_3576,guest,classical,,India,low,backend_sync,high,update,0,13,5.83,0,1,1
2025-09-23 13:58:05,user_3577,guest,classical,,USA,medium,customer_kyc,high,delete,0,26,0.71,3,0,1
2025-09-23 13:58:10,user_3578,guest,classical,,USA,low,customer_kyc,high,update,0,20,6.59,1,0,1
2025-09-23 13:58:15,user_3579,admin,pqc,,EU,high,payroll,low,delete,0,22,13.4,1,1,0
2025-09-23 13:58:20,user_3580,guest,pqc,,EU,medium,payroll,low,delete,0,24,6.39,0,0,0
2025-09-23 13:58:25,user_3581,guest,classical,,Unknown,high,payroll,high,read,0,19,18.44,1,1,0
2025-09-23 13:58:30,user_3582,guest,classical,,Unknown,low,catalog,low,read,0,23,9.43,1,0,0
2025-09-23 13:58:35,user_3583,service,pqc,,Unknown,high,transaction,medium,read,0,15,15.89,0,1,0
2025-09-23 13:58:40,user_3584,admin,classical,,USA,medium,customer_kyc,medium,update,0,23,17.5,0,0,0
2025-09-23 13:58:45,user_3585,auditor,pqc,,Unknown,medium,transaction,medium,read,198430,21,14.74,1,0,1
2025-09-23 13:58:50,user_3586,employee,pqc,,Unknown,high,catalog,high,update,0,19,12.63,0,0,0
2025-09-23 13:58:55,user_3587,third_party,classical,40.0,Unknown,medium,backend_sync,high,delete,0,19,19.4,0,0,1
2025-09-23 13:59:00,user_3588,admin,classical,,USA,low,logs,low,update,0,19,14.78,0,0,0
2025-09-23 13:59:05,user_3589,auditor,classical,,India,high,payroll,low,write,0,28,10.44,0,1,0
2025-09-23 13:59:10,user_3590,employee,classical,,USA,low,backend_sync,high,read,0,14,10.97,1,1,1
2025-09-23 13:59:15,user_3591,admin,classical,,EU,high,backend_sync,medium,write,0,26,9.35,3,1,0
2025-09-23 13:59:20,user_3592,guest,pqc,,India,low,payroll,medium,write,0,17,4.55,2,1,0
2025-09-23 13:59:25,user_3593,admin,classical,,India,high,transaction,high,update,1408,19,4.21,2,0,0
2025-09-23 13:59:30,user_3594,service,pqc,,USA,low,customer_kyc,high,write,0,14,16.17,1,1,1
2025-09-23 13:59:35,user_3595,third_party,classical,65.0,EU,high,transaction,high,update,0,18,13.72,1,1,0
2025-09-23 13:59:40,user_3596,third_party,pqc,40.0,EU,low,transaction,high,write,198935,14,8.48,2,1,1
2025-09-23 13:59:45,user_3597,guest,classical,,Unknown,low,catalog,low,delete,0,25,9.73,1,0,0
2025-09-23 13:59:50,user_3598,employee,pqc,,Unknown,low,logs,medium,delete,0,15,13.83,2,0,0
2025-09-23 13:59:55,user_3599,admin,pqc,,EU,medium,catalog,high,read,0,18,5.47,0,0,0
2025-09-23 14:00:00,user_3600,admin,classical,,EU,medium,logs,medium,update,0,23,2.89,0,0,0
2025-09-23 14:00:05,user_3601,guest,pqc,,Unknown,medium,customer_kyc,low,read,0,26,10.21,0,0,1
2025-09-23 14:00:10,user_3602,service,classical,,Unknown,medium,catalog,low,write,0,24,12.46,0,0,0
2025-09-23 14:00:15,user_3603,guest,classical,,USA,low,customer_kyc,medium,update,0,20,12.42,0,0,1
2025-09-23 14:00:20,user_3604,service,classical,,India,high,logs,low,write,0,18,0.33,0,0,0
2025-09-23 14:00:25,user_3605,employee,pqc,,EU,high,payroll,low,read,0,20,18.82,0,0,0
2025-09-23 14:00:30,user_3606,employee,pqc,,EU,medium,catalog,low,read,0,17,11.99,3,1,0
2025-09-23 14:00:35,user_3607,admin,pqc,,USA,high,logs,medium,delete,0,24,9.48,4,0,0
2025-09-23 14:00:40,user_3608,service,pqc,,USA,medium,payroll,low,read,0,21,5.98,1,1,0
2025-09-23 14:00:45,user_3609,employee,pqc,,Unknown,medium,customer_kyc,medium,update,0,24,8.4,3,1,0
2025-09-23 14:00:50,user_3610,admin,pqc,,USA,low,payroll,low,read,0,17,14.21,1,0,0
2025-09-23 14:00:55,user_3611,service,classical,,Unknown,high,transaction,high,write,35943,20,19.18,1,1,0
2025-09-23 14:01:00,user_3612,service,pqc,,EU,medium,transaction,medium,delete,41355,13,7.03,0,1,0
2025-09-23 14:01:05,user_3613,service,classical,,Unknown,high,transaction,medium,write,0,12,0.04,0,1,0
2025-09-23 14:01:10,user_3614,service,pqc,,India,medium,payroll,medium,write,0,19,6.52,2,0,0
2025-09-23 14:01:15,user_3615,admin,classical,,USA,medium,transaction,high,read,196018,17,8.45,0,1,1
2025-09-23 14:01:20,user_3616,service,classical,,Unknown,high,customer_kyc,high,write,0,26,22.61,1,0,0
2025-09-23 14:01:25,user_3617,auditor,classical,,USA,low,catalog,high,read,0,30,24.09,1,1,1
2025-09-23 14:01:30,user_3618,auditor,pqc,,EU,low,transaction,medium,delete,83337,24,6.65,1,0,0
2025-09-23 14:01:35,user_3619,auditor,classical,,USA,low,transaction,medium,update,0,23,3.54,3,1,0
2025-09-23 14:01:40,user_3620,guest,classical,,USA,low,customer_kyc,low,write,0,20,20.6,2,0,1
2025-09-23 14:01:45,user_3621,employee,classical,,Unknown,medium,logs,medium,write,0,13,10.47,2,1,0
2025-09-23 14:01:50,user_3622,employee,pqc,,India,low,transaction,medium,write,0,19,6.34,0,0,0
2025-09-23 14:01:55,user_3623,employee,classical,,USA,high,customer_kyc,low,write,0,19,11.43,0,0,0
2025-09-23 14:02:00,user_3624,third_party,classical,65.0,Unknown,low,catalog,high,write,0,16,13.79,0,0,1
2025-09-23 14:02:05,user_3625,auditor,pqc,,India,high,backend_sync,medium,delete,0,23,6.59,0,1,0
2025-09-23 14:02:10,user_3626,auditor,classical,,EU,medium,payroll,medium,update,0,16,2.8,1,0,0
2025-09-23 14:02:15,user_3627,service,pqc,,India,medium,transaction,low,write,125774,21,5.74,1,0,1
2025-09-23 14:02:20,user_3628,guest,classical,,India,high,transaction,medium,delete,0,18,5.11,0,1,1
2025-09-23 14:02:25,user_3629,admin,pqc,,India,low,backend_sync,high,delete,0,16,18.8,2,0,1
2025-09-23 14:02:30,user_3630,third_party,pqc,92.0,USA,low,catalog,low,read,0,22,10.97,1,1,0
2025-09-23 14:02:35,user_3631,service,pqc,,USA,high,backend_sync,high,update,0,22,9.72,1,0,0
2025-09-23 14:02:40,user_3632,guest,pqc,,EU,high,payroll,low,read,0,25,5.68,1,0,0
2025-09-23 14:02:45,user_3633,guest,pqc,,USA,low,logs,medium,read,0,27,3.58,1,1,0
2025-09-23 14:02:50,user_3634,third_party,classical,65.0,USA,low,backend_sync,high,update,0,24,5.62,3,1,1
2025-09-23 14:02:55,user_3635,third_party,pqc,65.0,EU,high,backend_sync,medium,read,0,26,3.46,1,1,0
2025-09-23 14:03:00,user_3636,employee,pqc,,EU,high,transaction,medium,write,66557,20,5.25,1,0,0
2025-09-23 14:03:05,user_3637,service,pqc,,India,low,payroll,high,delete,0,19,13.95,1,0,1
2025-09-23 14:03:10,user_3638,employee,pqc,,EU,medium,logs,low,read,0,27,11.95,0,0,0
2025-09-23 14:03:15,user_3639,guest,pqc,,USA,high,backend_sync,low,delete,0,29,7.55,0,0,0
2025-09-23 14:03:20,user_3640,third_party,classical,65.0,India,medium,payroll,low,write,0,15,5.15,2,1,0
2025-09-23 14:03:25,user_3641,guest,pqc,,India,medium,logs,low,delete,0,15,11.56,0,0,0
2025-09-23 14:03:30,user_3642,admin,pqc,,USA,high,payroll,high,write,0,13,1.57,2,0,0
2025-09-23 14:03:35,user_3643,guest,pqc,,Unknown,high,catalog,high,delete,0,18,13.78,3,0,0
2025-09-23 14:03:40,user_3644,admin,pqc,,USA,medium,customer_kyc,medium,delete,0,21,16.81,2,1,0
2025-09-23 14:03:45,user_3645,auditor,pqc,,Unknown,medium,customer_kyc,low,write,0,24,3.1,1,1,0
2025-09-23 14:03:50,user_3646,third_party,classical,65.0,EU,medium,logs,medium,delete,0,16,8.95,2,0,0
2025-09-23 14:03:55,user_3647,service,classical,,Unknown,medium,customer_kyc,medium,update,0,14,5.66,0,1,0
2025-09-23 14:04:00,user_3648,guest,classical,,USA,low,transaction,high,write,164137,22,10.58,0,1,1
2025-09-23 14:04:05,user_3649,employee,pqc,,EU,medium,transaction,medium,read,0,22,7.34,0,0,0
2025-09-23 14:04:10,user_3650,service,pqc,,EU,medium,catalog,medium,update,0,29,0.33,5,1,0
2025-09-23 14:04:15,user_3651,employee,classical,,EU,medium,backend_sync,medium,update,0,19,12.06,0,0,0
2025-09-23 14:04:20,user_3652,service,pqc,,USA,medium,logs,high,update,0,18,7.35,0,1,0
2025-09-23 14:04:25,user_3653,third_party,classical,65.0,India,low,transaction,low,delete,81966,19,13.86,0,1,0
2025-09-23 14:04:30,user_3654,guest,pqc,,USA,low,catalog,medium,write,0,20,8.25,1,1,0
2025-09-23 14:04:35,user_3655,employee,pqc,,EU,medium,backend_sync,high,delete,0,13,7.29,0,0,0
2025-09-23 14:04:40,user_3656,third_party,classical,40.0,India,high,customer_kyc,low,update,0,18,12.28,0,0,1
2025-09-23 14:04:45,user_3657,third_party,classical,92.0,USA,medium,payroll,high,update,0,23,6.32,0,1,0
2025-09-23 14:04:50,user_3658,third_party,pqc,92.0,Unknown,high,catalog,medium,read,0,27,0.13,1,1,0
2025-09-23 14:04:55,user_3659,auditor,classical,,USA,high,logs,high,delete,0,18,12.48,1,0,0
2025-09-23 14:05:00,user_3660,admin,classical,,USA,medium,transaction,medium,delete,0,18,16.09,2,0,0
2025-09-23 14:05:05,user_3661,third_party,classical,40.0,Unknown,medium,payroll,low,delete,0,27,17.9,1,1,1
2025-09-23 14:05:10,user_3662,guest,classical,,Unknown,high,transaction,high,read,0,16,8.35,2,1,1
2025-09-23 14:05:15,user_3663,service,pqc,,USA,low,logs,low,read,0,22,5.19,0,1,0
2025-09-23 14:05:20,user_3664,service,pqc,,USA,high,catalog,low,update,0,15,12.7,0,0,0
2025-09-23 14:05:25,user_3665,third_party,pqc,65.0,India,medium,customer_kyc,medium,read,0,25,7.47,1,1,0
2025-09-23 14:05:30,user_3666,service,pqc,,India,high,catalog,low,write,0,18,8.22,2,0,0
2025-09-23 14:05:35,user_3667,admin,classical,,India,medium,logs,low,delete,0,24,4.48,0,1,0
2025-09-23 14:05:40,user_3668,guest,pqc,,EU,high,payroll,medium,read,0,20,0.71,1,1,0
2025-09-23 14:05:45,user_3669,admin,classical,,Unknown,low,logs,medium,read,0,23,12.74,0,1,0
2025-09-23 14:05:50,user_3670,employee,classical,,Unknown,high,payroll,low,delete,0,23,7.44,1,0,0
2025-09-23 14:05:55,user_3671,admin,classical,,Unknown,high,backend_sync,high,update,0,17,11.21,1,1,0
2025-09-23 14:06:00,user_3672,auditor,classical,,USA,low,transaction,low,delete,8224,23,1.52,1,1,0
2025-09-23 14:06:05,user_3673,service,pqc,,Unknown,low,logs,high,delete,0,15,10.85,0,0,1
2025-09-23 14:06:10,user_3674,admin,classical,,EU,high,transaction,low,read,0,21,8.96,3,0,0
2025-09-23 14:06:15,user_3675,employee,pqc,,EU,high,customer_kyc,high,update,0,16,23.11,0,1,0
2025-09-23 14:06:20,user_3676,guest,classical,,India,medium,customer_kyc,medium,read,0,18,10.33,0,0,1
2025-09-23 14:06:25,user_3677,admin,pqc,,USA,high,customer_kyc,low,delete,0,10,4.91,1,1,0
2025-09-23 14:06:30,user_3678,auditor,classical,,India,high,customer_kyc,low,update,0,16,8.25,1,0,0
2025-09-23 14:06:35,user_3679,admin,pqc,,Unknown,high,catalog,low,read,0,21,5.53,1,1,0
2025-09-23 14:06:40,user_3680,guest,classical,,EU,low,backend_sync,high,update,0,28,11.98,0,1,1
2025-09-23 14:06:45,user_3681,service,classical,,Unknown,medium,customer_kyc,high,read,0,23,6.96,0,0,0
2025-09-23 14:06:50,user_3682,third_party,pqc,40.0,USA,high,transaction,low,update,174385,23,12.29,1,0,1
2025-09-23 14:06:55,user_3683,guest,classical,,EU,low,logs,high,update,0,22,12.54,1,0,1
2025-09-23 14:07:00,user_3684,auditor,classical,,India,medium,payroll,high,write,0,13,13.2,2,0,0
2025-09-23 14:07:05,user_3685,third_party,pqc,65.0,Unknown,medium,customer_kyc,medium,read,0,23,9.81,0,0,0
2025-09-23 14:07:10,user_3686,service,pqc,,USA,medium,payroll,high,read,0,21,17.08,1,0,0
2025-09-23 14:07:15,user_3687,service,pqc,,USA,low,customer_kyc,high,delete,0,17,8.44,0,0,1
2025-09-23 14:07:20,user_3688,employee,pqc,,EU,low,logs,high,update,0,16,10.72,3,1,1
2025-09-23 14:07:25,user_3689,service,pqc,,USA,low,catalog,high,delete,0,18,15.9,1,0,1
2025-09-23 14:07:30,user_3690,auditor,classical,,India,high,transaction,high,read,0,10,4.53,1,1,0
2025-09-23 14:07:35,user_3691,auditor,classical,,Unknown,high,catalog,high,read,0,15,24.95,3,1,0
2025-09-23 14:07:40,user_3692,auditor,classical,,EU,high,backend_sync,high,write,0,26,4.12,2,0,0
2025-09-23 14:07:45,user_3693,guest,pqc,,EU,low,logs,high,write,0,23,7.94,1,0,1
2025-09-23 14:07:50,user_3694,admin,classical,,India,high,backend_sync,low,update,0,22,6.79,0,0,0
2025-09-23 14:07:55,user_3695,employee,classical,,India,low,catalog,low,update,0,22,11.99,1,1,0
2025-09-23 14:08:00,user_3696,employee,classical,,Unknown,medium,customer_kyc,medium,delete,0,17,5.03,0,1,0
2025-09-23 14:08:05,user_3697,employee,classical,,EU,low,catalog,medium,read,0,16,9.29,1,1,0
2025-09-23 14:08:10,user_3698,third_party,classical,92.0,USA,low,customer_kyc,high,write,0,21,15.18,1,1,1
2025-09-23 14:08:15,user_3699,guest,classical,,India,high,backend_sync,high,write,0,16,21.87,2,1,0
2025-09-23 14:08:20,user_3700,auditor,classical,,EU,medium,payroll,medium,update,0,21,15.49,2,1,0
2025-09-23 14:08:25,user_3701,service,classical,,India,low,payroll,high,update,0,34,9.25,4,0,1
2025-09-23 14:08:30,user_3702,auditor,pqc,,EU,medium,backend_sync,high,delete,0,21,4.98,0,0,0
2025-09-23 14:08:35,user_3703,third_party,pqc,92.0,USA,high,customer_kyc,low,read,0,26,2.68,0,1,0
2025-09-23 14:08:40,user_3704,service,classical,,EU,high,payroll,low,write,0,17,15.08,1,0,0
2025-09-23 14:08:45,user_3705,auditor,pqc,,Unknown,low,catalog,high,write,0,18,8.59,1,1,1
2025-09-23 14:08:50,user_3706,service,pqc,,USA,low,customer_kyc,medium,delete,0,23,13.05,1,1,0
2025-09-23 14:08:55,user_3707,service,classical,,EU,medium,catalog,medium,update,0,25,15.27,1,1,0
2025-09-23 14:09:00,user_3708,admin,pqc,,India,high,transaction,medium,update,50667,25,8.61,0,1,0
2025-09-23 14:09:05,user_3709,employee,classical,,USA,high,catalog,low,read,0,20,6.08,0,1,0
2025-09-23 14:09:10,user_3710,employee,classical,,Unknown,high,catalog,high,read,0,21,11.47,2,0,0
2025-09-23 14:09:15,user_3711,third_party,classical,40.0,India,medium,catalog,high,delete,0,20,10.68,2,1,1
2025-09-23 14:09:20,user_3712,auditor,classical,,EU,medium,customer_kyc,high,read,0,24,6.14,1,0,0
2025-09-23 14:09:25,user_3713,employee,classical,,EU,medium,logs,low,update,0,23,9.9,0,0,0
2025-09-23 14:09:30,user_3714,employee,pqc,,Unknown,low,backend_sync,medium,read,0,20,9.35,1,1,0
2025-09-23 14:09:35,user_3715,employee,pqc,,Unknown,medium,catalog,medium,write,0,16,13.76,1,0,0
2025-09-23 14:09:40,user_3716,admin,pqc,,EU,high,backend_sync,high,update,0,22,9.15,4,0,0
2025-09-23 14:09:45,user_3717,admin,classical,,EU,high,backend_sync,medium,read,0,17,9.82,0,1,0
2025-09-23 14:09:50,user_3718,third_party,classical,40.0,USA,medium,catalog,medium,read,0,14,13.46,0,1,1
2025-09-23 14:09:55,user_3719,employee,pqc,,EU,low,transaction,low,write,123848,23,19.84,0,1,1
2025-09-23 14:10:00,user_3720,third_party,pqc,92.0,India,low,catalog,high,write,0,27,7.12,1,1,1
2025-09-23 14:10:05,user_3721,employee,classical,,Unknown,low,logs,low,delete,0,14,16.3,0,0,0
2025-09-23 14:10:10,user_3722,third_party,pqc,92.0,Unknown,low,payroll,medium,delete,0,21,9.15,1,1,0
2025-09-23 14:10:15,user_3723,auditor,pqc,,Unknown,medium,transaction,low,update,0,26,26.78,1,0,0
2025-09-23 14:10:20,user_3724,admin,classical,,India,low,catalog,low,read,0,16,9.74,0,0,0
2025-09-23 14:10:25,user_3725,service,pqc,,Unknown,low,catalog,medium,delete,0,26,11.04,1,0,0
2025-09-23 14:10:30,user_3726,employee,pqc,,India,medium,catalog,low,write,0,23,2.87,2,1,0
2025-09-23 14:10:35,user_3727,service,classical,,Unknown,low,transaction,low,delete,164581,10,16.42,0,1,1
2025-09-23 14:10:40,user_3728,admin,classical,,USA,medium,backend_sync,low,write,0,14,10.05,1,0,0
2025-09-23 14:10:45,user_3729,third_party,classical,40.0,Unknown,low,customer_kyc,medium,read,0,19,10.59,5,1,1
2025-09-23 14:10:50,user_3730,admin,pqc,,Unknown,high,transaction,high,write,0,17,7.32,0,1,0
2025-09-23 14:10:55,user_3731,third_party,classical,92.0,EU,medium,customer_kyc,medium,delete,0,23,11.93,2,0,0
2025-09-23 14:11:00,user_3732,guest,pqc,,Unknown,high,customer_kyc,medium,delete,0,21,7.66,2,0,1
2025-09-23 14:11:05,user_3733,guest,pqc,,Unknown,medium,catalog,medium,delete,0,18,7.61,2,1,0
2025-09-23 14:11:10,user_3734,employee,pqc,,EU,medium,customer_kyc,low,write,0,14,19.12,3,0,0
2025-09-23 14:11:15,user_3735,third_party,classical,40.0,Unknown,high,catalog,high,update,0,21,9.46,0,1,1
2025-09-23 14:11:20,user_3736,admin,classical,,USA,medium,transaction,medium,read,0,20,23.26,0,0,0
2025-09-23 14:11:25,user_3737,service,classical,,India,high,catalog,low,write,0,26,9.29,1,0,0
2025-09-23 14:11:30,user_3738,guest,classical,,EU,low,logs,high,write,0,12,12.6,0,0,1
2025-09-23 14:11:35,user_3739,service,pqc,,EU,high,payroll,high,update,0,31,11.49,2,1,0
2025-09-23 14:11:40,user_3740,auditor,pqc,,EU,high,logs,low,update,0,24,10.15,2,0,0
2025-09-23 14:11:45,user_3741,auditor,pqc,,Unknown,medium,catalog,high,delete,0,16,7.67,0,1,0
2025-09-23 14:11:50,user_3742,service,pqc,,Unknown,high,customer_kyc,high,read,0,14,0.06,2,1,0
2025-09-23 14:11:55,user_3743,third_party,classical,40.0,India,high,catalog,low,read,0,20,8.16,0,0,1
2025-09-23 14:12:00,user_3744,auditor,classical,,USA,high,backend_sync,low,read,0,25,9.47,1,0,0
2025-09-23 14:12:05,user_3745,employee,classical,,India,low,backend_sync,high,delete,0,17,22.51,0,1,1
2025-09-23 14:12:10,user_3746,guest,pqc,,USA,low,transaction,low,read,0,25,5.81,1,0,1
2025-09-23 14:12:15,user_3747,auditor,pqc,,USA,medium,customer_kyc,low,read,0,15,16.25,0,1,0
2025-09-23 14:12:20,user_3748,service,classical,,Unknown,medium,transaction,low,update,0,26,1.32,0,0,0
2025-09-23 14:12:25,user_3749,employee,pqc,,Unknown,low,transaction,low,update,0,23,2.72,0,0,0
2025-09-23 14:12:30,user_3750,auditor,pqc,,Unknown,medium,transaction,low,update,113607,27,3.13,0,0,1
2025-09-23 14:12:35,user_3751,admin,pqc,,EU,low,catalog,medium,write,0,24,1.3,1,1,0
2025-09-23 14:12:40,user_3752,employee,classical,,EU,medium,transaction,low,update,34774,29,20.81,1,0,0
2025-09-23 14:12:45,user_3753,employee,pqc,,EU,medium,catalog,medium,read,0,17,18.57,0,0,0
2025-09-23 14:12:50,user_3754,auditor,pqc,,Unknown,high,payroll,high,write,0,20,12.45,3,0,0
2025-09-23 14:12:55,user_3755,guest,classical,,USA,high,backend_sync,medium,read,0,25,1.38,0,0,0
2025-09-23 14:13:00,user_3756,guest,pqc,,India,medium,transaction,medium,write,0,14,17.37,0,0,1
2025-09-23 14:13:05,user_3757,guest,classical,,India,high,backend_sync,low,delete,0,17,12.24,1,0,0
2025-09-23 14:13:10,user_3758,service,classical,,India,low,payroll,low,write,0,20,20.05,1,1,0
2025-09-23 14:13:15,user_3759,admin,pqc,,EU,low,backend_sync,medium,update,0,18,11.24,0,0,0
2025-09-23 14:13:20,user_3760,guest,pqc,,India,medium,customer_kyc,high,read,0,18,8.47,4,0,1
2025-09-23 14:13:25,user_3761,service,pqc,,India,medium,backend_sync,medium,read,0,19,16.04,0,1,0
2025-09-23 14:13:30,user_3762,guest,pqc,,India,low,transaction,medium,update,80493,15,16.56,2,0,1
2025-09-23 14:13:35,user_3763,admin,classical,,India,medium,logs,high,delete,0,19,6.63,1,0,0
2025-09-23 14:13:40,user_3764,employee,pqc,,Unknown,medium,customer_kyc,high,delete,0,23,11.86,3,0,0
2025-09-23 14:13:45,user_3765,employee,classical,,EU,high,transaction,medium,delete,0,21,17.92,0,1,0
2025-09-23 14:13:50,user_3766,third_party,classical,40.0,USA,low,catalog,medium,delete,0,17,5.83,4,0,1
2025-09-23 14:13:55,user_3767,admin,classical,,India,low,payroll,low,read,0,20,5.22,1,0,0
2025-09-23 14:14:00,user_3768,admin,classical,,USA,low,payroll,high,write,0,22,9.27,1,1,1
2025-09-23 14:14:05,user_3769,admin,pqc,,EU,high,backend_sync,high,write,0,18,7.91,0,0,0
2025-09-23 14:14:10,user_3770,admin,pqc,,USA,high,backend_sync,low,delete,0,19,21.6,0,0,0
2025-09-23 14:14:15,user_3771,guest,classical,,Unknown,high,logs,low,read,0,26,15.76,1,1,0
2025-09-23 14:14:20,user_3772,service,pqc,,Unknown,low,catalog,low,delete,0,15,6.51,0,1,0
2025-09-23 14:14:25,user_3773,third_party,classical,40.0,Unknown,medium,payroll,high,read,0,18,10.88,3,1,1
2025-09-23 14:14:30,user_3774,employee,classical,,EU,high,customer_kyc,high,update,0,29,7.9,1,0,0
2025-09-23 14:14:35,user_3775,guest,classical,,India,medium,transaction,medium,delete,181596,24,4.72,2,1,1
2025-09-23 14:14:40,user_3776,guest,classical,,EU,medium,backend_sync,low,delete,0,18,13.14,0,1,0
2025-09-23 14:14:45,user_3777,admin,pqc,,Unknown,high,backend_sync,medium,update,0,23,11.46,1,1,0
2025-09-23 14:14:50,user_3778,auditor,pqc,,USA,low,logs,low,delete,0,17,3.23,2,1,0
2025-09-23 14:14:55,user_3779,employee,classical,,Unknown,medium,logs,high,update,0,31,13.28,0,0,0
2025-09-23 14:15:00,user_3780,service,classical,,India,low,customer_kyc,high,update,0,23,12.44,2,1,1
2025-09-23 14:15:05,user_3781,third_party,classical,40.0,EU,high,backend_sync,medium,write,0,16,14.56,4,1,1
2025-09-23 14:15:10,user_3782,service,pqc,,Unknown,high,customer_kyc,high,write,0,19,10.73,0,1,0
2025-09-23 14:15:15,user_3783,employee,pqc,,EU,medium,payroll,high,update,0,16,9.93,2,1,0
2025-09-23 14:15:20,user_3784,admin,pqc,,EU,high,logs,high,write,0,20,15.08,2,0,0
2025-09-23 14:15:25,user_3785,third_party,pqc,40.0,USA,high,catalog,low,write,0,19,16.48,2,1,1
2025-09-23 14:15:30,user_3786,employee,classical,,EU,medium,payroll,high,update,0,25,10.22,1,0,0
2025-09-23 14:15:35,user_3787,admin,classical,,EU,medium,logs,high,update,0,27,5.3,0,1,0
2025-09-23 14:15:40,user_3788,auditor,classical,,EU,low,backend_sync,medium,update,0,20,7.77,0,1,0
2025-09-23 14:15:45,user_3789,service,classical,,India,low,transaction,high,delete,21117,20,1.84,2,0,1
2025-09-23 14:15:50,user_3790,guest,pqc,,India,high,transaction,medium,update,53326,21,3.18,1,1,1
2025-09-23 14:15:55,user_3791,auditor,pqc,,EU,medium,customer_kyc,low,delete,0,21,8.68,0,1,0
2025-09-23 14:16:00,user_3792,auditor,pqc,,EU,low,customer_kyc,medium,update,0,15,14.8,1,0,0
2025-09-23 14:16:05,user_3793,service,classical,,EU,medium,backend_sync,high,write,0,19,7.27,2,1,0
2025-09-23 14:16:10,user_3794,employee,classical,,Unknown,low,catalog,low,delete,0,16,4.3,0,1,0
2025-09-23 14:16:15,user_3795,third_party,pqc,40.0,USA,low,payroll,high,read,0,26,5.27,0,1,1
2025-09-23 14:16:20,user_3796,employee,classical,,USA,high,payroll,low,delete,0,22,10.58,1,0,0
2025-09-23 14:16:25,user_3797,third_party,pqc,40.0,USA,high,catalog,low,delete,0,25,18.69,2,0,1
2025-09-23 14:16:30,user_3798,auditor,classical,,India,low,logs,high,update,0,28,12.91,1,0,1
2025-09-23 14:16:35,user_3799,guest,pqc,,EU,low,backend_sync,high,update,0,17,7.33,1,0,1
2025-09-23 14:16:40,user_3800,guest,pqc,,Unknown,medium,backend_sync,low,write,0,18,13.76,0,1,0
2025-09-23 14:16:45,user_3801,auditor,pqc,,EU,low,logs,medium,update,0,26,12.83,0,0,0
2025-09-23 14:16:50,user_3802,admin,pqc,,Unknown,low,logs,medium,update,0,21,16.04,2,1,0
2025-09-23 14:16:55,user_3803,employee,classical,,USA,high,backend_sync,low,update,0,25,3.51,0,1,0
2025-09-23 14:17:00,user_3804,auditor,classical,,EU,high,catalog,high,write,0,26,12.36,1,1,0
2025-09-23 14:17:05,user_3805,guest,pqc,,USA,high,backend_sync,medium,read,0,31,20.74,0,1,0
2025-09-23 14:17:10,user_3806,third_party,pqc,40.0,USA,medium,catalog,high,write,0,17,6.99,1,0,1
2025-09-23 14:17:15,user_3807,service,classical,,India,medium,customer_kyc,high,delete,0,16,11.18,0,0,0
2025-09-23 14:17:20,user_3808,guest,classical,,India,medium,logs,medium,delete,0,22,7.3,0,1,0
2025-09-23 14:17:25,user_3809,auditor,pqc,,EU,low,logs,low,update,0,16,14.29,0,1,0
2025-09-23 14:17:30,user_3810,employee,classical,,EU,medium,backend_sync,medium,write,0,14,6.98,0,1,0
2025-09-23 14:17:35,user_3811,guest,pqc,,India,high,payroll,high,read,0,21,14.94,1,1,0
2025-09-23 14:17:40,user_3812,admin,classical,,India,low,backend_sync,high,read,0,17,12.12,1,1,1
2025-09-23 14:17:45,user_3813,admin,classical,,USA,high,customer_kyc,high,delete,0,19,2.95,0,0,0
2025-09-23 14:17:50,user_3814,third_party,classical,92.0,India,high,payroll,medium,write,0,24,5.73,0,1,0
2025-09-23 14:17:55,user_3815,service,classical,,India,medium,transaction,medium,write,0,15,5.89,1,0,0
2025-09-23 14:18:00,user_3816,third_party,classical,92.0,India,high,payroll,high,update,0,22,9.23,0,1,0
2025-09-23 14:18:05,user_3817,guest,classical,,EU,low,logs,medium,write,0,24,13.51,0,0,0
2025-09-23 14:18:10,user_3818,service,classical,,USA,medium,customer_kyc,high,write,0,23,8.21,0,1,0
2025-09-23 14:18:15,user_3819,employee,classical,,India,low,backend_sync,high,delete,0,26,6.33,1,1,1
2025-09-23 14:18:20,user_3820,service,classical,,EU,low,catalog,medium,read,0,24,7.74,3,0,0
2025-09-23 14:18:25,user_3821,third_party,classical,40.0,India,low,catalog,medium,read,0,23,15.69,1,0,1
2025-09-23 14:18:30,user_3822,guest,classical,,India,low,logs,high,update,0,29,10.52,2,1,1
2025-09-23 14:18:35,user_3823,third_party,pqc,40.0,EU,low,logs,high,delete,0,16,13.37,1,1,1
2025-09-23 14:18:40,user_3824,service,classical,,EU,high,catalog,high,read,0,22,1.54,0,0,0
2025-09-23 14:18:45,user_3825,employee,pqc,,USA,high,customer_kyc,medium,write,0,17,13.76,0,0,0
2025-09-23 14:18:50,user_3826,employee,pqc,,EU,medium,backend_sync,medium,read,0,25,13.59,1,1,0
2025-09-23 14:18:55,user_3827,admin,pqc,,India,high,payroll,low,delete,0,17,9.6,0,0,0
2025-09-23 14:19:00,user_3828,third_party,pqc,92.0,EU,high,transaction,high,read,27377,21,6.49,2,1,0
2025-09-23 14:19:05,user_3829,employee,pqc,,India,low,transaction,high,update,73027,19,10.43,0,0,1
2025-09-23 14:19:10,user_3830,third_party,classical,40.0,USA,medium,payroll,low,delete,0,25,2.53,0,0,1
2025-09-23 14:19:15,user_3831,guest,pqc,,Unknown,high,catalog,medium,update,0,20,9.06,0,0,0
2025-09-23 14:19:20,user_3832,service,pqc,,India,high,catalog,low,delete,0,16,10.25,0,1,0
2025-09-23 14:19:25,user_3833,admin,classical,,Unknown,medium,backend_sync,medium,write,0,25,4.56,2,1,0
2025-09-23 14:19:30,user_3834,employee,pqc,,India,medium,payroll,low,read,0,21,11.34,0,1,0
2025-09-23 14:19:35,user_3835,auditor,pqc,,India,medium,payroll,medium,delete,0,28,12.18,1,0,0
2025-09-23 14:19:40,user_3836,guest,classical,,India,low,backend_sync,medium,write,0,24,7.92,1,1,0
2025-09-23 14:19:45,user_3837,admin,classical,,USA,high,logs,high,update,0,25,9.36,1,0,0
2025-09-23 14:19:50,user_3838,service,pqc,,India,low,catalog,high,delete,0,23,13.05,0,0,1
2025-09-23 14:19:55,user_3839,service,classical,,India,medium,logs,medium,update,0,14,14.11,0,1,0
2025-09-23 14:20:00,user_3840,admin,classical,,USA,medium,catalog,high,write,0,19,13.92,2,1,0
2025-09-23 14:20:05,user_3841,admin,classical,,USA,high,payroll,low,delete,0,17,11.56,2,1,0
2025-09-23 14:20:10,user_3842,third_party,classical,40.0,EU,high,payroll,high,delete,0,16,4.75,1,1,1
2025-09-23 14:20:15,user_3843,service,pqc,,India,high,customer_kyc,low,write,0,24,17.2,0,1,0
2025-09-23 14:20:20,user_3844,employee,classical,,EU,medium,customer_kyc,medium,write,0,19,5.66,2,0,0
2025-09-23 14:20:25,user_3845,admin,classical,,India,high,catalog,low,update,0,24,14.37,3,0,0
2025-09-23 14:20:30,user_3846,guest,classical,,Unknown,high,catalog,high,update,0,18,15.93,3,0,0
2025-09-23 14:20:35,user_3847,service,classical,,India,medium,backend_sync,medium,delete,0,19,14.14,1,1,0
2025-09-23 14:20:40,user_3848,admin,pqc,,EU,medium,catalog,high,read,0,25,11.84,1,1,0
2025-09-23 14:20:45,user_3849,guest,pqc,,India,low,backend_sync,medium,write,0,22,6.61,0,1,0
2025-09-23 14:20:50,user_3850,admin,classical,,USA,high,backend_sync,high,write,0,22,15.96,0,0,0
2025-09-23 14:20:55,user_3851,admin,pqc,,EU,high,logs,medium,delete,0,11,13.15,0,0,0
2025-09-23 14:21:00,user_3852,third_party,classical,65.0,Unknown,medium,backend_sync,low,read,0,21,10.84,0,0,0
2025-09-23 14:21:05,user_3853,guest,classical,,EU,low,logs,medium,delete,0,23,7.97,0,1,0
2025-09-23 14:21:10,user_3854,auditor,classical,,EU,low,payroll,medium,write,0,26,9.57,0,1,0
2025-09-23 14:21:15,user_3855,admin,classical,,USA,medium,transaction,low,update,31853,18,9.85,3,0,0
2025-09-23 14:21:20,user_3856,third_party,pqc,65.0,India,high,backend_sync,high,update,0,20,12.95,1,1,0
2025-09-23 14:21:25,user_3857,auditor,pqc,,USA,medium,transaction,low,delete,0,16,5.43,0,0,0
2025-09-23 14:21:30,user_3858,service,classical,,USA,low,backend_sync,medium,update,0,22,1.2,2,1,0
2025-09-23 14:21:35,user_3859,service,pqc,,EU,high,customer_kyc,low,update,0,15,5.39,0,0,0
2025-09-23 14:21:40,user_3860,third_party,classical,40.0,EU,medium,customer_kyc,medium,update,0,14,19.73,0,0,1
2025-09-23 14:21:45,user_3861,service,pqc,,EU,low,transaction,medium,read,0,19,8.74,1,0,0
2025-09-23 14:21:50,user_3862,service,pqc,,Unknown,low,logs,medium,read,0,16,8.95,1,0,0
2025-09-23 14:21:55,user_3863,employee,classical,,India,medium,customer_kyc,medium,delete,0,19,12.11,0,1,0
2025-09-23 14:22:00,user_3864,guest,pqc,,EU,medium,backend_sync,high,update,0,14,11.49,1,0,0
2025-09-23 14:22:05,user_3865,service,pqc,,Unknown,low,backend_sync,low,update,0,29,7.47,1,0,0
2025-09-23 14:22:10,user_3866,guest,pqc,,EU,low,customer_kyc,high,update,0,18,6.41,3,1,1
2025-09-23 14:22:15,user_3867,employee,pqc,,Unknown,medium,backend_sync,medium,write,0,26,2.23,0,1,0
2025-09-23 14:22:20,user_3868,guest,classical,,Unknown,low,transaction,medium,delete,0,22,8.77,1,1,1
2025-09-23 14:22:25,user_3869,guest,classical,,EU,low,backend_sync,medium,update,0,19,9.57,1,1,0
2025-09-23 14:22:30,user_3870,service,classical,,USA,medium,logs,low,write,0,24,5.37,2,1,0
2025-09-23 14:22:35,user_3871,guest,classical,,USA,medium,backend_sync,low,write,0,24,11.54,2,1,0
2025-09-23 14:22:40,user_3872,guest,pqc,,Unknown,high,payroll,low,read,0,26,10.65,3,0,0
2025-09-23 14:22:45,user_3873,auditor,classical,,India,high,logs,low,delete,0,17,11.66,1,1,0
2025-09-23 14:22:50,user_3874,third_party,pqc,40.0,Unknown,medium,catalog,low,read,0,18,7.6,1,1,1
2025-09-23 14:22:55,user_3875,service,pqc,,Unknown,low,backend_sync,high,write,0,25,8.22,2,1,1
2025-09-23 14:23:00,user_3876,third_party,pqc,40.0,Unknown,high,logs,medium,update,0,17,10.99,1,0,1
2025-09-23 14:23:05,user_3877,service,classical,,USA,medium,transaction,low,read,0,15,13.28,3,0,0
2025-09-23 14:23:10,user_3878,auditor,pqc,,USA,high,catalog,high,write,0,18,12.89,3,1,0
2025-09-23 14:23:15,user_3879,service,classical,,India,high,catalog,medium,update,0,28,10.55,2,0,0
2025-09-23 14:23:20,user_3880,admin,pqc,,USA,medium,backend_sync,low,delete,0,18,5.64,1,0,0
2025-09-23 14:23:25,user_3881,guest,pqc,,Unknown,medium,logs,medium,update,0,11,12.03,2,1,0
2025-09-23 14:23:30,user_3882,admin,pqc,,India,high,logs,high,read,0,23,6.01,1,0,0
2025-09-23 14:23:35,user_3883,auditor,classical,,Unknown,medium,customer_kyc,medium,read,0,11,7.03,1,0,0
2025-09-23 14:23:40,user_3884,auditor,pqc,,Unknown,low,catalog,high,write,0,27,6.29,1,1,1
2025-09-23 14:23:45,user_3885,guest,pqc,,Unknown,medium,transaction,medium,update,0,19,13.27,2,0,1
2025-09-23 14:23:50,user_3886,service,pqc,,USA,high,catalog,high,delete,0,16,15.4,2,0,0
2025-09-23 14:23:55,user_3887,service,classical,,USA,low,logs,high,delete,0,22,5.74,1,0,1
2025-09-23 14:24:00,user_3888,auditor,pqc,,India,medium,backend_sync,low,delete,0,20,11.06,1,0,0
2025-09-23 14:24:05,user_3889,guest,classical,,EU,high,backend_sync,low,write,0,19,12.68,2,1,0
2025-09-23 14:24:10,user_3890,admin,classical,,India,medium,backend_sync,high,read,0,20,7.8,0,0,0
2025-09-23 14:24:15,user_3891,guest,pqc,,India,high,catalog,high,delete,0,14,13.33,0,1,0
2025-09-23 14:24:20,user_3892,third_party,classical,92.0,India,medium,logs,low,update,0,17,11.41,0,0,0
2025-09-23 14:24:25,user_3893,admin,classical,,EU,high,catalog,medium,read,0,19,9.21,0,1,0
2025-09-23 14:24:30,user_3894,guest,classical,,EU,low,logs,low,update,0,18,7.95,1,1,0
2025-09-23 14:24:35,user_3895,employee,classical,,USA,low,transaction,low,delete,98936,17,11.8,1,0,0
2025-09-23 14:24:40,user_3896,third_party,pqc,40.0,USA,low,payroll,high,read,0,15,10.0,1,1,1
2025-09-23 14:24:45,user_3897,service,classical,,Unknown,medium,payroll,low,write,0,21,9.44,0,1,0
2025-09-23 14:24:50,user_3898,auditor,classical,,EU,medium,customer_kyc,high,update,0,17,6.45,1,0,0
2025-09-23 14:24:55,user_3899,admin,classical,,India,medium,transaction,low,write,0,14,7.52,3,1,0
2025-09-23 14:25:00,user_3900,employee,pqc,,USA,high,customer_kyc,high,write,0,18,8.29,0,0,0
2025-09-23 14:25:05,user_3901,guest,pqc,,India,medium,customer_kyc,medium,delete,0,17,7.93,0,1,1
2025-09-23 14:25:10,user_3902,service,pqc,,India,low,payroll,high,update,0,16,12.9,1,0,1
2025-09-23 14:25:15,user_3903,guest,classical,,Unknown,medium,customer_kyc,low,update,0,21,13.99,0,1,1
2025-09-23 14:25:20,user_3904,service,classical,,EU,low,payroll,high,write,0,19,14.23,1,0,1
2025-09-23 14:25:25,user_3905,guest,pqc,,EU,high,catalog,high,update,0,18,5.41,1,1,0
2025-09-23 14:25:30,user_3906,auditor,classical,,Unknown,medium,transaction,medium,delete,0,20,6.39,0,0,0
2025-09-23 14:25:35,user_3907,admin,classical,,India,high,catalog,low,write,0,22,11.51,1,0,0
2025-09-23 14:25:40,user_3908,service,classical,,Unknown,medium,payroll,high,write,0,20,9.24,2,1,0
2025-09-23 14:25:45,user_3909,guest,classical,,USA,high,customer_kyc,low,write,0,31,8.12,1,1,1
2025-09-23 14:25:50,user_3910,service,pqc,,EU,medium,customer_kyc,high,delete,0,27,13.66,0,0,0
2025-09-23 14:25:55,user_3911,auditor,classical,,India,high,catalog,medium,read,0,23,8.82,1,1,0
2025-09-23 14:26:00,user_3912,service,classical,,Unknown,high,customer_kyc,low,write,0,24,6.39,3,0,0
2025-09-23 14:26:05,user_3913,auditor,classical,,USA,low,transaction,medium,write,0,19,2.86,0,1,0
2025-09-23 14:26:10,user_3914,service,classical,,India,high,payroll,low,read,0,23,12.51,0,1,0
2025-09-23 14:26:15,user_3915,employee,classical,,USA,medium,catalog,high,read,0,14,7.34,0,0,0
2025-09-23 14:26:20,user_3916,guest,classical,,EU,high,catalog,low,update,0,13,9.3,2,1,0
2025-09-23 14:26:25,user_3917,admin,classical,,USA,low,transaction,high,update,0,26,13.25,0,1,1
2025-09-23 14:26:30,user_3918,service,classical,,USA,medium,backend_sync,medium,delete,0,15,14.89,1,1,0
2025-09-23 14:26:35,user_3919,admin,pqc,,India,medium,logs,low,update,0,20,8.81,1,1,0
2025-09-23 14:26:40,user_3920,guest,pqc,,Unknown,high,transaction,medium,read,15085,22,8.28,0,1,1
2025-09-23 14:26:45,user_3921,guest,pqc,,USA,medium,logs,high,delete,0,24,8.4,2,1,0
2025-09-23 14:26:50,user_3922,guest,classical,,India,high,logs,low,update,0,11,3.1,1,0,0
2025-09-23 14:26:55,user_3923,guest,classical,,Unknown,medium,catalog,high,delete,0,20,8.62,0,1,0
2025-09-23 14:27:00,user_3924,third_party,classical,92.0,India,high,customer_kyc,low,delete,0,23,8.45,2,0,0
2025-09-23 14:27:05,user_3925,employee,pqc,,USA,high,catalog,low,delete,0,22,18.38,0,0,0
2025-09-23 14:27:10,user_3926,guest,classical,,India,high,backend_sync,low,read,0,17,13.87,3,0,0
2025-09-23 14:27:15,user_3927,admin,classical,,EU,medium,customer_kyc,low,write,0,14,10.66,0,1,0
2025-09-23 14:27:20,user_3928,employee,pqc,,EU,high,customer_kyc,low,update,0,20,6.92,1,0,0
2025-09-23 14:27:25,user_3929,admin,classical,,Unknown,medium,payroll,low,read,0,21,7.18,1,1,0
2025-09-23 14:27:30,user_3930,guest,classical,,Unknown,high,transaction,high,read,0,36,15.17,0,1,1
2025-09-23 14:27:35,user_3931,service,pqc,,Unknown,high,logs,high,read,0,19,14.53,1,1,0
2025-09-23 14:27:40,user_3932,guest,classical,,India,low,catalog,medium,update,0,23,11.37,0,0,0
2025-09-23 14:27:45,user_3933,admin,classical,,India,low,transaction,low,read,95183,18,8.11,1,0,0
2025-09-23 14:27:50,user_3934,admin,classical,,EU,high,payroll,low,read,0,16,7.51,0,1,0
2025-09-23 14:27:55,user_3935,third_party,classical,65.0,India,high,backend_sync,low,read,0,17,10.93,4,0,0
2025-09-23 14:28:00,user_3936,guest,pqc,,Unknown,high,customer_kyc,low,delete,0,12,12.63,2,1,1
2025-09-23 14:28:05,user_3937,third_party,pqc,40.0,Unknown,low,transaction,low,write,38975,18,5.52,1,0,1
2025-09-23 14:28:10,user_3938,guest,pqc,,USA,medium,customer_kyc,high,delete,0,21,7.06,1,0,1
2025-09-23 14:28:15,user_3939,admin,classical,,EU,high,catalog,medium,read,0,21,13.21,0,0,0
2025-09-23 14:28:20,user_3940,service,classical,,India,medium,customer_kyc,high,delete,0,27,18.74,2,0,0
2025-09-23 14:28:25,user_3941,auditor,classical,,USA,high,transaction,medium,read,0,18,16.46,0,1,0
2025-09-23 14:28:30,user_3942,auditor,pqc,,Unknown,low,transaction,high,delete,125373,20,9.63,1,0,1
2025-09-23 14:28:35,user_3943,third_party,pqc,65.0,India,medium,transaction,low,write,56694,13,22.31,0,0,0
2025-09-23 14:28:40,user_3944,guest,classical,,India,low,catalog,high,delete,0,22,13.52,3,0,1
2025-09-23 14:28:45,user_3945,third_party,pqc,65.0,Unknown,medium,backend_sync,medium,write,0,15,10.73,0,1,0
2025-09-23 14:28:50,user_3946,service,pqc,,EU,high,transaction,medium,update,42097,29,12.4,3,0,0
2025-09-23 14:28:55,user_3947,employee,classical,,India,medium,catalog,high,read,0,18,10.39,4,1,0
2025-09-23 14:29:00,user_3948,employee,classical,,India,high,customer_kyc,medium,read,0,17,11.37,1,0,0
2025-09-23 14:29:05,user_3949,guest,classical,,USA,low,backend_sync,high,read,0,21,14.46,0,1,1
2025-09-23 14:29:10,user_3950,employee,classical,,USA,medium,transaction,high,update,162180,25,12.69,1,1,1
2025-09-23 14:29:15,user_3951,auditor,pqc,,India,low,customer_kyc,medium,write,0,15,7.05,0,1,0
2025-09-23 14:29:20,user_3952,third_party,classical,92.0,India,low,payroll,medium,read,0,22,13.65,1,1,0
2025-09-23 14:29:25,user_3953,service,classical,,EU,medium,customer_kyc,low,read,0,28,5.67,0,0,0
2025-09-23 14:29:30,user_3954,auditor,pqc,,USA,medium,logs,medium,write,0,14,3.71,3,0,0
2025-09-23 14:29:35,user_3955,employee,classical,,India,high,catalog,low,delete,0,17,11.08,2,1,0
2025-09-23 14:29:40,user_3956,third_party,classical,92.0,EU,medium,catalog,medium,read,0,15,8.57,3,1,0
2025-09-23 14:29:45,user_3957,employee,classical,,USA,medium,catalog,low,read,0,24,5.39,1,1,0
2025-09-23 14:29:50,user_3958,service,pqc,,USA,high,payroll,low,write,0,23,6.35,3,1,0
2025-09-23 14:29:55,user_3959,guest,pqc,,USA,low,customer_kyc,medium,write,0,20,7.77,1,0,1
2025-09-23 14:30:00,user_3960,admin,classical,,India,medium,logs,medium,delete,0,17,6.33,0,1,0
2025-09-23 14:30:05,user_3961,third_party,pqc,92.0,USA,low,catalog,high,delete,0,21,7.78,0,1,1
2025-09-23 14:30:10,user_3962,employee,pqc,,India,low,backend_sync,medium,delete,0,21,4.87,2,1,0
2025-09-23 14:30:15,user_3963,guest,classical,,EU,high,transaction,medium,update,0,24,9.34,0,0,1
2025-09-23 14:30:20,user_3964,admin,classical,,India,medium,logs,high,delete,0,18,6.96,0,0,0
2025-09-23 14:30:25,user_3965,auditor,classical,,USA,medium,customer_kyc,high,delete,0,26,1.5,0,1,0
2025-09-23 14:30:30,user_3966,third_party,pqc,92.0,EU,high,transaction,high,delete,136686,18,17.67,3,1,1
2025-09-23 14:30:35,user_3967,third_party,classical,40.0,Unknown,medium,customer_kyc,high,delete,0,18,12.89,0,0,1
2025-09-23 14:30:40,user_3968,guest,classical,,USA,high,transaction,low,read,0,22,13.28,1,0,1
2025-09-23 14:30:45,user_3969,auditor,pqc,,EU,low,customer_kyc,low,read,0,20,8.71,2,1,0
2025-09-23 14:30:50,user_3970,service,classical,,Unknown,low,backend_sync,low,read,0,31,12.1,3,1,0
2025-09-23 14:30:55,user_3971,auditor,classical,,India,high,backend_sync,low,read,0,25,5.29,0,1,0
2025-09-23 14:31:00,user_3972,service,classical,,EU,low,backend_sync,high,delete,0,19,2.0,0,0,1
2025-09-23 14:31:05,user_3973,auditor,pqc,,Unknown,high,backend_sync,medium,update,0,13,0.18,1,1,0
2025-09-23 14:31:10,user_3974,third_party,classical,40.0,EU,medium,logs,low,write,0,13,18.55,1,1,1
2025-09-23 14:31:15,user_3975,employee,classical,,Unknown,low,backend_sync,low,update,0,22,11.51,0,0,0
2025-09-23 14:31:20,user_3976,admin,pqc,,Unknown,high,catalog,medium,write,0,19,13.43,0,0,0
2025-09-23 14:31:25,user_3977,service,classical,,India,low,catalog,low,write,0,17,6.23,0,1,0
2025-09-23 14:31:30,user_3978,admin,classical,,Unknown,high,backend_sync,medium,write,0,21,13.77,2,1,0
2025-09-23 14:31:35,user_3979,auditor,pqc,,Unknown,high,transaction,high,read,0,19,5.78,0,0,0
2025-09-23 14:31:40,user_3980,auditor,classical,,India,high,payroll,low,read,0,19,10.45,1,1,0
2025-09-23 14:31:45,user_3981,service,pqc,,India,high,customer_kyc,medium,delete,0,15,16.96,1,0,0
2025-09-23 14:31:50,user_3982,admin,pqc,,Unknown,high,catalog,medium,delete,0,18,17.6,0,1,0
2025-09-23 14:31:55,user_3983,service,pqc,,USA,medium,customer_kyc,medium,delete,0,27,7.0,0,0,0
2025-09-23 14:32:00,user_3984,auditor,classical,,USA,high,transaction,low,read,0,32,12.25,0,0,0
2025-09-23 14:32:05,user_3985,employee,pqc,,Unknown,low,transaction,low,write,0,19,13.06,0,1,0
2025-09-23 14:32:10,user_3986,auditor,pqc,,India,high,catalog,medium,update,0,22,6.21,0,1,0
2025-09-23 14:32:15,user_3987,service,pqc,,EU,high,catalog,low,delete,0,21,15.85,3,1,0
2025-09-23 14:32:20,user_3988,service,pqc,,Unknown,high,transaction,medium,write,37204,14,9.63,1,0,0
2025-09-23 14:32:25,user_3989,third_party,classical,65.0,India,high,customer_kyc,medium,write,0,19,12.0,1,1,0
2025-09-23 14:32:30,user_3990,admin,classical,,EU,low,customer_kyc,medium,delete,0,31,20.65,0,1,0
2025-09-23 14:32:35,user_3991,service,pqc,,Unknown,medium,customer_kyc,medium,update,0,22,9.11,0,0,0
2025-09-23 14:32:40,user_3992,third_party,classical,40.0,Unknown,high,transaction,high,update,168513,21,12.92,0,1,1
2025-09-23 14:32:45,user_3993,guest,classical,,Unknown,high,transaction,medium,write,0,21,11.41,2,1,1
2025-09-23 14:32:50,user_3994,employee,classical,,EU,high,customer_kyc,low,read,0,21,20.07,0,1,0
2025-09-23 14:32:55,user_3995,admin,pqc,,Unknown,medium,logs,medium,write,0,23,8.5,1,0,0
2025-09-23 14:33:00,user_3996,admin,pqc,,USA,high,catalog,high,read,0,24,10.42,0,0,0
2025-09-23 14:33:05,user_3997,auditor,classical,,EU,medium,customer_kyc,medium,write,0,14,1.95,1,0,0
2025-09-23 14:33:10,user_3998,auditor,pqc,,EU,medium,payroll,low,write,0,22,2.18,2,0,0
2025-09-23 14:33:15,user_3999,admin,pqc,,Unknown,low,payroll,medium,delete,0,16,5.23,4,0,0
